------------------------------------------------------------------------------------------------------
      name:  master
       log:  /Users/yihong/Desktop/Silence Replicate Final/logs/silence_master.log
  log type:  text
 opened on:  27 Aug 2026, 11:52:22

. 
. *------------------------------------------------------------------------------
. * LOGS
. *
. * The full run is captured in $logs/silence_master.log.
. *
. * Every exhibit writes a file to $output/ except Table D.15, which is displayed
. * only. That one gets its own log below, $logs/Table_D15.log, which is the sole
. * record of it; Code/Table D15.do documents which part of the output feeds each
. * cell of the table.
. *
. * The master log is also where the SUEST rows of Table 2
. *------------------------------------------------------------------------------
. 
. *** Main Experiment
. 
. do "$code/Figure 3.do"

. *** Figure 3: Misperceptions, differences between actual and perceived belief distribution 
. 
. use "$data/recruit_baseline_roster_TC.dta",clear
(recruit_baseline_roster_TC -- de-identified 21 Aug 2026)

. 
. preserve

. collapse (mean) private*

. gen i = _n

. reshape long private_, i(i) j(topic) string
(j = affirmative_action criminalization death_penalty dst imm_citizenship immunizations job_require re
> ligion_employ rename_schools trans_athletes)

Data                               Wide   ->   Long
-----------------------------------------------------------------------------
Number of observations                1   ->   10          
Number of variables                  11   ->   3           
j variable (10 values)                    ->   topic
xij variables:
private_affirmative_action private_criminalization ... private_trans_athletes->private_
-----------------------------------------------------------------------------

. rename private_ private_mean

. keep if topic == "rename_schools" | topic == "affirmative_action" | topic == "dst" | topic == "death
> _penalty" | topic == "immunizations"
(5 observations deleted)

. 
. save "$tempfile/private_mean_tc.dta", replace
file /Users/yihong/Desktop/Silence Replicate Final/Tempfiles/private_mean_tc.dta saved

. restore

. 
. foreach var in rename_schools affirmative_action dst death_penalty immunizations  {
  2.         replace guesses_`var' = guesses_`var'/100 
  3. }
variable guesses_rename_schools was byte now float
(452 real changes made)
variable guesses_affirmative_action was byte now float
(449 real changes made)
variable guesses_dst was byte now float
(358 real changes made)
(454 real changes made)
variable guesses_immunizations was byte now float
(453 real changes made)

. 
. preserve

. collapse (mean) guesses*

. gen i = _n

. reshape long guesses_, i(i) j(topic) string
(j = affirmative_action criminalization death_penalty dst imm_citizenship immunizations job_require re
> ligion_employ rename_schools trans_athletes)
guesses_death_penalty:  1 value would be changed; not changed

Data                               Wide   ->   Long
-----------------------------------------------------------------------------
Number of observations                1   ->   10          
Number of variables                  11   ->   3           
j variable (10 values)                    ->   topic
xij variables:
guesses_affirmative_action guesses_criminalization ... guesses_trans_athletes->guesses_
-----------------------------------------------------------------------------

. rename guesses_ guesses_mean

. save "$tempfile/guesses_mean_tc.dta", replace
file /Users/yihong/Desktop/Silence Replicate Final/Tempfiles/guesses_mean_tc.dta saved

. restore

. 
. preserve

. collapse (sd) guesses*

. gen i = _n

. reshape long guesses_, i(i) j(topic) string
(j = affirmative_action criminalization death_penalty dst imm_citizenship immunizations job_require re
> ligion_employ rename_schools trans_athletes)
guesses_death_penalty:  1 value would be changed; not changed

Data                               Wide   ->   Long
-----------------------------------------------------------------------------
Number of observations                1   ->   10          
Number of variables                  11   ->   3           
j variable (10 values)                    ->   topic
xij variables:
guesses_affirmative_action guesses_criminalization ... guesses_trans_athletes->guesses_
-----------------------------------------------------------------------------

. rename guesses_ guesses_sd

. save "$tempfile/guesses_sd_tc.dta", replace
file /Users/yihong/Desktop/Silence Replicate Final/Tempfiles/guesses_sd_tc.dta saved

. restore

. 
. qui sum guesses_rename_schools

. local n = r(N)

. 
. use "$tempfile/private_mean_tc.dta", clear

. merge 1:1 topic using "$tempfile/guesses_mean_tc.dta"

    Result                      Number of obs
    -----------------------------------------
    Not matched                             5
        from master                         0  (_merge==1)
        from using                          5  (_merge==2)

    Matched                                 5  (_merge==3)
    -----------------------------------------

. keep if _merge == 3
(5 observations deleted)

. drop _merge

. merge 1:1 topic using "$tempfile/guesses_sd_tc.dta"

    Result                      Number of obs
    -----------------------------------------
    Not matched                             5
        from master                         0  (_merge==1)
        from using                          5  (_merge==2)

    Matched                                 5  (_merge==3)
    -----------------------------------------

. keep if _merge == 3
(5 observations deleted)

. drop _merge

. 
. drop i

. gen topic_id = _n 

. gen guesses_ub = guesses_mean + 1.96*guesses_sd/sqrt(`n')

. gen guesses_lb = guesses_mean - 1.96*guesses_sd/sqrt(`n')

. gen misperception = abs(guesses_mean - private_mean)

. save "$tempfile/private_guesses_tc.dta", replace
file /Users/yihong/Desktop/Silence Replicate Final/Tempfiles/private_guesses_tc.dta saved

. 
. save "$tempfile/private_guesses_tc.dta", replace
file /Users/yihong/Desktop/Silence Replicate Final/Tempfiles/private_guesses_tc.dta saved

. 
. set scheme s1mono // black and white

. 
. twoway (scatter topic_id private_mean, mcolor(green)) /// dot for actual %agree
>            (scatter topic_id guesses_mean, mcolor(orange)) /// dot for perceived %agree
>            (rcap guesses_lb guesses_ub topic_id, horizontal), /// confidence interval
>            legend(row(1) order(1 "Actual %Agree" 2 "Perceived %Agree")) /// 
>            ylabel(1 "Affirmative Action" 2 "Death Penalty" 3 "DST (Placebo)" 4 "Immunization" 5 "Ren
> ame Schools", angle(0) noticks) ///
>     title("Actual and Perceived %Agree") subtitle("N = `n'") ///
>     xtitle("Percent Agree") ytitle("") ///
>     xlabel(0.1(0.1)0.9) xline(0.5, lcolor(black) lpattern(dot)) ///
>         yscale(range(0.7 5.5)) ysc(reverse)

.         graph export "$output/private_perceived_a.png", replace
file /Users/yihong/Desktop/Silence Replicate Final/Output/private_perceived_a.png saved as PNG
    format

.   
. 
. 
end of do-file

. do "$code/Table 1.do"

. *** Table 1: Public Expression Decisions by First Movers
. 
. use "$data/first_movers_analysis.dta", clear
(first_movers_analysis -- de-identified 22 Aug 2026)

. drop e_d_*

. foreach var in rename_schools immunizations death_penalty affirmative_action{
  2.         replace e_`var' = 9 if e_`var' == .
  3.         gen e_d_`var' = 0 
  4.         replace e_d_`var' = 1 if e_`var' != 9 & e_`var' == private_`var' //  dummies for truthful
>  expression
  5.         } 
(0 real changes made)
(18 real changes made)
(0 real changes made)
(24 real changes made)
(0 real changes made)
(24 real changes made)
(0 real changes made)
(22 real changes made)

.         
. keep private_rename_schools private_immunizations private_death_penalty private_affirmative_action /
> //
>          guesses_rename_schools guesses_immunizations guesses_death_penalty guesses_affirmative_acti
> on ///
>          e_* gender race year major ideology survey_id zoom_id

. 
. reshape long private_ guesses_ e_d_, i(survey_id) j(topic) string
(j = affirmative_action death_penalty immunizations rename_schools)

Data                               Wide   ->   Long
-----------------------------------------------------------------------------
Number of observations               50   ->   200         
Number of variables                  23   ->   15          
j variable (4 values)                     ->   topic
xij variables:
private_affirmative_action private_death_penalty ... private_rename_schools->private_
guesses_affirmative_action guesses_death_penalty ... guesses_rename_schools->guesses_
e_d_affirmative_action e_d_death_penalty ... e_d_rename_schools->e_d_
-----------------------------------------------------------------------------

. save "$tempfile/first_movers_long.dta", replace
file /Users/yihong/Desktop/Silence Replicate Final/Tempfiles/first_movers_long.dta saved

. 
. gen private_norm = 0 

. replace private_norm = 1 if private_ == 1 & topic == "rename_schools"
(18 real changes made)

. replace private_norm = 1 if private_ == 0 & topic == "immunizations"
(42 real changes made)

. replace private_norm = 1 if private_ == 1 & topic == "death_penalty"
(30 real changes made)

. replace private_norm = 1 if private_ == 0 & topic == "affirmative_action" 
(26 real changes made)

. 
. // Note: the statements were coded in the opposite direction for first-movers and second-movers, so 
> we standardize the statements here to make it consistent with the analysis for second movers (in Tab
> le 3 etc.)
. 
. gen guesses_norm = .  
(200 missing values generated)

. replace guesses_norm = guesses_ if topic == "rename_schools" | topic == "death_penalty" 
(100 real changes made)

. replace guesses_norm = 100 - guesses_ if topic == "immunizations" | topic == "affirmative_action"
(100 real changes made)

. 
. rename e_d_ express_d 

. encode topic, generate(topic_id)

. 
. local controls i.gender i.race i.year i.ideology i.major

. label var private_norm "Private Agree"

. label var guesses_norm "Perceived \%Agree"

. 
. * Panel A
. eststo clear

. 
. reg express_d private_norm i.topic_id, cluster(survey_id)

Linear regression                               Number of obs     =        200
                                                F(4, 49)          =       1.33
                                                Prob > F          =     0.2718
                                                R-squared         =     0.0299
                                                Root MSE          =     .49513

                                (Std. err. adjusted for 50 clusters in survey_id)
---------------------------------------------------------------------------------
                |               Robust
      express_d | Coefficient  std. err.      t    P>|t|     [95% conf. interval]
----------------+----------------------------------------------------------------
   private_norm |   .1526217   .0795887     1.92   0.061    -.0073177    .3125611
                |
       topic_id |
 death_penalty  |   .0277903   .0970912     0.29   0.776    -.1673218    .2229023
 immunizations  |   -.008839   .0727401    -0.12   0.904    -.1550156    .1373377
rename_schools  |  -.0555805   .1038965    -0.53   0.595    -.2643683    .1532072
                |
          _cons |   .3606367   .0860808     4.19   0.000     .1876508    .5336226
---------------------------------------------------------------------------------

.         eststo
(est1 stored)

.         qui sum express_d 

.         estadd scalar Cmean = r(mean)

added scalar:
              e(Cmean) =  .44

.         estadd scalar Csd = r(sd)

added scalar:
                e(Csd) =  .49763259

.         distinct(survey_id)

           |        Observations
           |      total   distinct
-----------+----------------------
 survey_id |        200         50

.         estadd scalar ids = round(r(ndistinct),1)

added scalar:
                e(ids) =  50

. 
. reg express_d private_norm guesses_norm i.topic_id, cluster(survey_id)

Linear regression                               Number of obs     =        200
                                                F(5, 49)          =       1.05
                                                Prob > F          =     0.3970
                                                R-squared         =     0.0302
                                                Root MSE          =     .49634

                                (Std. err. adjusted for 50 clusters in survey_id)
---------------------------------------------------------------------------------
                |               Robust
      express_d | Coefficient  std. err.      t    P>|t|     [95% conf. interval]
----------------+----------------------------------------------------------------
   private_norm |   .1519575   .0797995     1.90   0.063    -.0084057    .3123206
   guesses_norm |    .000379   .0020429     0.19   0.854    -.0037263    .0044843
                |
       topic_id |
 death_penalty  |    .024031   .0963028     0.25   0.804    -.1694968    .2175588
 immunizations  |  -.0138485   .0722552    -0.19   0.849    -.1590509    .1313538
rename_schools  |  -.0543756   .1047632    -0.52   0.606    -.2649051    .1561539
                |
          _cons |   .3389111   .1547487     2.19   0.033      .027932    .6498902
---------------------------------------------------------------------------------

.         eststo
(est2 stored)

.         qui sum express_d 

.         estadd scalar Cmean = r(mean)

added scalar:
              e(Cmean) =  .44

.         estadd scalar Csd = r(sd)

added scalar:
                e(Csd) =  .49763259

.         distinct(survey_id)

           |        Observations
           |      total   distinct
-----------+----------------------
 survey_id |        200         50

.         estadd scalar ids = round(r(ndistinct),1)

added scalar:
                e(ids) =  50

. 
. reg express_d private_norm guesses_norm i.topic_id i.zoom_id, cluster(survey_id)

Linear regression                               Number of obs     =        200
                                                F(8, 49)          =       0.91
                                                Prob > F          =     0.5184
                                                R-squared         =     0.0400
                                                Root MSE          =     .49769

                                 (Std. err. adjusted for 50 clusters in survey_id)
----------------------------------------------------------------------------------
                 |               Robust
       express_d | Coefficient  std. err.      t    P>|t|     [95% conf. interval]
-----------------+----------------------------------------------------------------
    private_norm |   .1587293   .0795843     1.99   0.052    -.0012014    .3186599
    guesses_norm |   .0004327   .0020654     0.21   0.835    -.0037179    .0045834
                 |
        topic_id |
  death_penalty  |   .0229483   .0969618     0.24   0.814    -.1719038    .2178003
  immunizations  |  -.0167566   .0730873    -0.23   0.820     -.163631    .1301179
 rename_schools  |   -.053106   .1056674    -0.50   0.618    -.2654526    .1592406
                 |
         zoom_id |
2023/2/21 15:00  |  -.0995867   .0931403    -1.07   0.290    -.2867593    .0875858
2023/2/21 16:00  |   -.000157   .1048181    -0.00   0.999     -.210797    .2104829
2023/2/22 16:00  |   .0313101   .1195195     0.26   0.794    -.2088733    .2714935
                 |
           _cons |   .3512999   .1676139     2.10   0.041     .0144672    .6881326
----------------------------------------------------------------------------------

.         eststo
(est3 stored)

.         qui sum express_d 

.         estadd scalar Cmean = r(mean)

added scalar:
              e(Cmean) =  .44

.         estadd scalar Csd = r(sd)

added scalar:
                e(Csd) =  .49763259

.         distinct(survey_id)

           |        Observations
           |      total   distinct
-----------+----------------------
 survey_id |        200         50

.         estadd scalar ids = round(r(ndistinct),1)

added scalar:
                e(ids) =  50

.         
. reg express_d private_norm guesses_norm i.topic_id i.zoom_id `controls', cluster(survey_id)

Linear regression                               Number of obs     =        200
                                                F(26, 49)         =          .
                                                Prob > F          =          .
                                                R-squared         =     0.1701
                                                Root MSE          =     .49339

                                 (Std. err. adjusted for 50 clusters in survey_id)
----------------------------------------------------------------------------------
                 |               Robust
       express_d | Coefficient  std. err.      t    P>|t|     [95% conf. interval]
-----------------+----------------------------------------------------------------
    private_norm |   .1605124   .0832999     1.93   0.060    -.0068849    .3279098
    guesses_norm |  -.0005161   .0019425    -0.27   0.792    -.0044197    .0033876
                 |
        topic_id |
  death_penalty  |   .0323508   .1028865     0.31   0.755    -.1744074     .239109
  immunizations  |  -.0042524   .0774682    -0.05   0.956    -.1599306    .1514259
 rename_schools  |  -.0561037   .1125087    -0.50   0.620    -.2821984    .1699911
                 |
         zoom_id |
2023/2/21 15:00  |  -.0887736    .115223    -0.77   0.445    -.3203228    .1427757
2023/2/21 16:00  |  -.0575356     .11041    -0.52   0.605    -.2794127    .1643416
2023/2/22 16:00  |  -.1041917    .091703    -1.14   0.261    -.2884757    .0800924
                 |
          gender |
              2  |   .0193378    .153858     0.13   0.900    -.2898514    .3285271
              5  |  -.0241149   .1964565    -0.12   0.903     -.418909    .3706793
                 |
            race |
              3  |  -.0396703   .2543356    -0.16   0.877    -.5507769    .4714362
              4  |    .095844   .1379905     0.69   0.491    -.1814584    .3731464
              6  |   .0525396   .0761983     0.69   0.494    -.1005866    .2056658
              7  |    .018311   .1496916     0.12   0.903    -.2825054    .3191275
                 |
            year |
              2  |   .2004962   .2107655     0.95   0.346    -.2230529    .6240453
              3  |  -.0065786   .1689916    -0.04   0.969    -.3461799    .3330227
              4  |  -.0751449   .1607755    -0.47   0.642    -.3982355    .2479456
              5  |    -.12547   .1678404    -0.75   0.458    -.4627579     .211818
              6  |  -.0633477   .1860737    -0.34   0.735    -.4372768    .3105814
                 |
        ideology |
              2  |  -.1502596   .1282997    -1.17   0.247    -.4080875    .1075682
              3  |  -.2471252   .1523168    -1.62   0.111    -.5532172    .0589668
              4  |  -.2000314   .1676973    -1.19   0.239    -.5370318    .1369691
              5  |  -.6034553   .1922553    -3.14   0.003    -.9898067   -.2171039
              6  |   .6722532   .2821072     2.38   0.021     .1053377    1.239169
              9  |  -.4571634   .2953955    -1.55   0.128    -1.050783    .1364561
                 |
           major |
              2  |   .1394266   .1999897     0.70   0.489    -.2624677     .541321
              7  |   .3381212   .3601756     0.94   0.352    -.3856787    1.061921
              9  |     .01025   .2392678     0.04   0.966    -.4705766    .4910767
             10  |   .1441226   .2395773     0.60   0.550    -.3373259    .6255712
             11  |   .1706155   .2219197     0.77   0.446    -.2753488    .6165799
             13  |   .0042804    .186976     0.02   0.982     -.371462    .3800229
                 |
           _cons |    .518704   .3356188     1.55   0.129    -.1557472    1.193155
----------------------------------------------------------------------------------

.         eststo
(est4 stored)

.         qui sum express_d 

.         estadd scalar Cmean = r(mean)

added scalar:
              e(Cmean) =  .44

.         estadd scalar Csd = r(sd)

added scalar:
                e(Csd) =  .49763259

.         distinct(survey_id)

           |        Observations
           |      total   distinct
-----------+----------------------
 survey_id |        200         50

.         estadd scalar ids = round(r(ndistinct),1)

added scalar:
                e(ids) =  50

. 
. esttab using "$output/ols_first_movers_expression.tex", ///
> se lab stats(Cmean Csd ids N,labels("Mean" "SD" "IDs" "Obs")) keep(private_norm) star( * 0.1 ** 0.05
>  *** 0.01) ///
> varwidth(32) wrap compress nogap noconstant replace ///
> title("first_movers_expression") //indicate("Individual Controls =  gender")
(file /Users/yihong/Desktop/Silence Replicate Final/Output/ols_first_movers_expression.tex not
    found)
(output written to /Users/yihong/Desktop/Silence Replicate Final/Output/ols_first_movers_expression.te
> x)

. 
. 
. * Panel B 
. eststo clear

. 
. logit express_d private_norm i.topic_id, cluster(survey_id)

Iteration 0:  Log pseudolikelihood = -137.18596  
Iteration 1:  Log pseudolikelihood = -134.15594  
Iteration 2:  Log pseudolikelihood =  -134.1523  
Iteration 3:  Log pseudolikelihood =  -134.1523  

Logistic regression                                     Number of obs =    200
                                                        Wald chi2(4)  =   5.14
                                                        Prob > chi2   = 0.2734
Log pseudolikelihood = -134.1523                        Pseudo R2     = 0.0221

                                (Std. err. adjusted for 50 clusters in survey_id)
---------------------------------------------------------------------------------
                |               Robust
      express_d | Coefficient  std. err.      z    P>|z|     [95% conf. interval]
----------------+----------------------------------------------------------------
   private_norm |   .6315312    .330313     1.91   0.056    -.0158703    1.278933
                |
       topic_id |
 death_penalty  |   .1138877   .3969283     0.29   0.774    -.6640776    .8918529
 immunizations  |  -.0376732   .2954034    -0.13   0.899    -.6166532    .5413069
rename_schools  |  -.2387889   .4398849    -0.54   0.587    -1.100948    .6233698
                |
          _cons |  -.5757791   .3627808    -1.59   0.112    -1.286816    .1352581
---------------------------------------------------------------------------------

. margins, dydx(*) post

Average marginal effects                                   Number of obs = 200
Model VCE: Robust

Expression: Pr(express_d), predict()
dy/dx wrt:  private_norm 2.topic_id 3.topic_id 4.topic_id

---------------------------------------------------------------------------------
                |            Delta-method
                |      dy/dx   std. err.      z    P>|z|     [95% conf. interval]
----------------+----------------------------------------------------------------
   private_norm |     .15095   .0760582     1.98   0.047     .0018787    .3000214
                |
       topic_id |
 death_penalty  |   .0276428   .0961928     0.29   0.774    -.1608916    .2161772
 immunizations  |  -.0090862   .0712414    -0.13   0.899    -.1487166    .1305443
rename_schools  |  -.0568028   .1046756    -0.54   0.587    -.2619632    .1483577
---------------------------------------------------------------------------------
Note: dy/dx for factor levels is the discrete change from the base level.

.         eststo
(est1 stored)

.         qui sum express_d 

.         estadd scalar Cmean = r(mean)

added scalar:
              e(Cmean) =  .44

.         estadd scalar Csd = r(sd)

added scalar:
                e(Csd) =  .49763259

.         distinct(survey_id)

           |        Observations
           |      total   distinct
-----------+----------------------
 survey_id |        200         50

.         estadd scalar ids = round(r(ndistinct),1)

added scalar:
                e(ids) =  50

. 
. logit express_d private_norm guesses_norm i.topic_id, cluster(survey_id)

Iteration 0:  Log pseudolikelihood = -137.18596  
Iteration 1:  Log pseudolikelihood = -134.13161  
Iteration 2:  Log pseudolikelihood = -134.12796  
Iteration 3:  Log pseudolikelihood = -134.12796  

Logistic regression                                     Number of obs =    200
                                                        Wald chi2(5)  =   5.12
                                                        Prob > chi2   = 0.4020
Log pseudolikelihood = -134.12796                       Pseudo R2     = 0.0223

                                (Std. err. adjusted for 50 clusters in survey_id)
---------------------------------------------------------------------------------
                |               Robust
      express_d | Coefficient  std. err.      z    P>|z|     [95% conf. interval]
----------------+----------------------------------------------------------------
   private_norm |   .6289233   .3303716     1.90   0.057    -.0185932     1.27644
   guesses_norm |   .0015658   .0084604     0.19   0.853    -.0150163     .018148
                |
       topic_id |
 death_penalty  |   .0978351   .3932397     0.25   0.804    -.6729006    .8685709
 immunizations  |  -.0588795   .2941022    -0.20   0.841    -.6353093    .5175503
rename_schools  |   -.234036   .4418287    -0.53   0.596    -1.100004    .6319324
                |
          _cons |  -.6653194     .64361    -1.03   0.301    -1.926772     .596133
---------------------------------------------------------------------------------

. margins, dydx(*) post

Average marginal effects                                   Number of obs = 200
Model VCE: Robust

Expression: Pr(express_d), predict()
dy/dx wrt:  private_norm guesses_norm 2.topic_id 3.topic_id 4.topic_id

---------------------------------------------------------------------------------
                |            Delta-method
                |      dy/dx   std. err.      z    P>|z|     [95% conf. interval]
----------------+----------------------------------------------------------------
   private_norm |   .1502889   .0760983     1.97   0.048     .0011391    .2994388
   guesses_norm |   .0003742   .0020192     0.19   0.853    -.0035833    .0043317
                |
       topic_id |
 death_penalty  |   .0237296   .0952765     0.25   0.803     -.163009    .2104682
 immunizations  |  -.0141857   .0708129    -0.20   0.841    -.1529764    .1246051
rename_schools  |  -.0557197   .1052364    -0.53   0.596    -.2619792    .1505397
---------------------------------------------------------------------------------
Note: dy/dx for factor levels is the discrete change from the base level.

.         eststo
(est2 stored)

.         qui sum express_d 

.         estadd scalar Cmean = r(mean)

added scalar:
              e(Cmean) =  .44

.         estadd scalar Csd = r(sd)

added scalar:
                e(Csd) =  .49763259

.         distinct(survey_id)

           |        Observations
           |      total   distinct
-----------+----------------------
 survey_id |        200         50

.         estadd scalar ids = round(r(ndistinct),1)

added scalar:
                e(ids) =  50

. 
. logit express_d private_norm guesses_norm i.topic_id i.zoom_id, cluster(survey_id)

Iteration 0:  Log pseudolikelihood = -137.18596  
Iteration 1:  Log pseudolikelihood = -133.11034  
Iteration 2:  Log pseudolikelihood = -133.10115  
Iteration 3:  Log pseudolikelihood = -133.10115  

Logistic regression                                     Number of obs =    200
                                                        Wald chi2(8)  =   6.90
                                                        Prob > chi2   = 0.5470
Log pseudolikelihood = -133.10115                       Pseudo R2     = 0.0298

                                 (Std. err. adjusted for 50 clusters in survey_id)
----------------------------------------------------------------------------------
                 |               Robust
       express_d | Coefficient  std. err.      z    P>|z|     [95% conf. interval]
-----------------+----------------------------------------------------------------
    private_norm |   .6645392   .3322972     2.00   0.046     .0132487     1.31583
    guesses_norm |   .0018427   .0084845     0.22   0.828    -.0147866     .018472
                 |
        topic_id |
  death_penalty  |   .0950848   .3958605     0.24   0.810    -.6807876    .8709572
  immunizations  |  -.0716457   .2978848    -0.24   0.810    -.6554891    .5121978
 rename_schools  |  -.2307054   .4469369    -0.52   0.606    -1.106686    .6452749
                 |
         zoom_id |
2023/2/21 15:00  |  -.4264983   .3913397    -1.09   0.276     -1.19351    .3405134
2023/2/21 16:00  |  -.0011425   .4272635    -0.00   0.998    -.8385635    .8362786
2023/2/22 16:00  |   .1316119   .4858657     0.27   0.786    -.8206673    1.083891
                 |
           _cons |  -.6215723   .6934453    -0.90   0.370      -1.9807    .7375554
----------------------------------------------------------------------------------

. margins, dydx(*) post

Average marginal effects                                   Number of obs = 200
Model VCE: Robust

Expression: Pr(express_d), predict()
dy/dx wrt:  private_norm guesses_norm 2.topic_id 3.topic_id 4.topic_id 3.zoom_id 4.zoom_id 6.zoom_id

----------------------------------------------------------------------------------
                 |            Delta-method
                 |      dy/dx   std. err.      z    P>|z|     [95% conf. interval]
-----------------+----------------------------------------------------------------
    private_norm |   .1571826   .0753046     2.09   0.037     .0095884    .3047769
    guesses_norm |   .0004359   .0020028     0.22   0.828    -.0034895    .0043612
                 |
        topic_id |
  death_penalty  |   .0228151   .0948877     0.24   0.810    -.1631615    .2087917
  immunizations  |  -.0170708   .0708732    -0.24   0.810    -.1559798    .1218382
 rename_schools  |  -.0543953   .1054872    -0.52   0.606    -.2611465    .1523558
                 |
         zoom_id |
2023/2/21 15:00  |  -.0994535   .0910033    -1.09   0.274    -.2778168    .0789097
2023/2/21 16:00  |  -.0002743   .1025719    -0.00   0.998    -.2013115     .200763
2023/2/22 16:00  |    .031711   .1170885     0.27   0.787    -.1977782    .2612001
----------------------------------------------------------------------------------
Note: dy/dx for factor levels is the discrete change from the base level.

.         eststo
(est3 stored)

.         qui sum express_d 

.         estadd scalar Cmean = r(mean)

added scalar:
              e(Cmean) =  .44

.         estadd scalar Csd = r(sd)

added scalar:
                e(Csd) =  .49763259

.         distinct(survey_id)

           |        Observations
           |      total   distinct
-----------+----------------------
 survey_id |        200         50

.         estadd scalar ids = round(r(ndistinct),1)

added scalar:
                e(ids) =  50

. 
.         
. logit express_d private_norm guesses_norm i.topic_id i.zoom_id `controls', cluster(survey_id)

note: 6.ideology != 0 predicts success perfectly;
      6.ideology omitted and 4 obs not used.

Iteration 0:  Log pseudolikelihood = -133.84999  
Iteration 1:  Log pseudolikelihood = -117.73564  
Iteration 2:  Log pseudolikelihood = -117.18081  
Iteration 3:  Log pseudolikelihood = -117.10624  
Iteration 4:  Log pseudolikelihood = -117.08845  
Iteration 5:  Log pseudolikelihood = -117.08503  
Iteration 6:  Log pseudolikelihood = -117.08444  
Iteration 7:  Log pseudolikelihood = -117.08431  
Iteration 8:  Log pseudolikelihood = -117.08428  
Iteration 9:  Log pseudolikelihood = -117.08427  

Logistic regression                                 Number of obs =        196
                                                    Wald chi2(30) = 1398672.70
                                                    Prob > chi2   =     0.0000
Log pseudolikelihood = -117.08427                   Pseudo R2     =     0.1253

                                 (Std. err. adjusted for 49 clusters in survey_id)
----------------------------------------------------------------------------------
                 |               Robust
       express_d | Coefficient  std. err.      z    P>|z|     [95% conf. interval]
-----------------+----------------------------------------------------------------
    private_norm |   .7819599   .3800975     2.06   0.040     .0369824    1.526937
    guesses_norm |  -.0035949   .0087059    -0.41   0.680    -.0206582    .0134684
                 |
        topic_id |
  death_penalty  |   .1231872   .4586493     0.27   0.788     -.775749    1.022123
  immunizations  |  -.0528675   .3434693    -0.15   0.878     -.726055    .6203201
 rename_schools  |  -.3145558   .5100344    -0.62   0.537    -1.314205    .6850932
                 |
         zoom_id |
2023/2/21 15:00  |  -.4653088   .5050267    -0.92   0.357    -1.455143    .5245254
2023/2/21 16:00  |  -.3267098   .5108947    -0.64   0.523    -1.328045    .6746254
2023/2/22 16:00  |  -.5236072   .3778163    -1.39   0.166    -1.264114    .2168991
                 |
          gender |
              2  |   .1090194   .6525484     0.17   0.867    -1.169952    1.387991
              5  |  -.1909779   .8108352    -0.24   0.814    -1.780186     1.39823
                 |
            race |
              3  |  -.2312051   1.130878    -0.20   0.838    -2.447685    1.985274
              4  |   .4362127     .57533     0.76   0.448    -.6914134    1.563839
              6  |   .3209869   .3365512     0.95   0.340    -.3386413    .9806152
              7  |   .1059964   .6188128     0.17   0.864    -1.106854    1.318847
                 |
            year |
              2  |   .9942032   .9185045     1.08   0.279    -.8060325    2.794439
              3  |   .0071696   .7332058     0.01   0.992    -1.429887    1.444226
              4  |  -.3350562   .7204971    -0.47   0.642    -1.747205    1.077092
              5  |  -.5969946   .7465863    -0.80   0.424    -2.060277    .8662877
              6  |  -.2195523   .8120443    -0.27   0.787     -1.81113    1.372025
                 |
        ideology |
              2  |  -.8459292   .6592113    -1.28   0.199     -2.13796    .4461013
              3  |  -1.235522   .7099812    -1.74   0.082     -2.62706    .1560156
              4  |   -1.05893    .777196    -1.36   0.173    -2.582206    .4643464
              5  |  -3.520285   1.247474    -2.82   0.005     -5.96529    -1.07528
              6  |          0  (empty)
              9  |  -15.92408   1.669353    -9.54   0.000    -19.19595   -12.65221
                 |
           major |
              2  |   .7712188   .8777955     0.88   0.380    -.9492287    2.491666
              7  |    15.2379   1.778362     8.57   0.000     11.75238    18.72343
              9  |   .0740891   1.025199     0.07   0.942    -1.935263    2.083441
             10  |   .7330501   .9930518     0.74   0.460    -1.213296    2.679396
             11  |   .8995454   .9002648     1.00   0.318    -.8649412    2.664032
             13  |   .0901763   .7742556     0.12   0.907    -1.427337     1.60769
                 |
           _cons |   .2235342   1.381573     0.16   0.871    -2.484298    2.931367
----------------------------------------------------------------------------------

. margins, dydx(*) post

Average marginal effects                                   Number of obs = 196
Model VCE: Robust

Expression: Pr(express_d), predict()
dy/dx wrt:  private_norm guesses_norm 2.topic_id 3.topic_id 4.topic_id 3.zoom_id 4.zoom_id 6.zoom_id
            2.gender 5.gender 3.race 4.race 6.race 7.race 2.year 3.year 4.year 5.year 6.year
            2.ideology 3.ideology 4.ideology 5.ideology 6.ideology 9.ideology 2.major 7.major
            9.major 10.major 11.major 13.major

----------------------------------------------------------------------------------
                 |            Delta-method
                 |      dy/dx   std. err.      z    P>|z|     [95% conf. interval]
-----------------+----------------------------------------------------------------
    private_norm |   .1624949    .075432     2.15   0.031      .014651    .3103388
    guesses_norm |   -.000747   .0018172    -0.41   0.681    -.0043088    .0028147
                 |
        topic_id |
  death_penalty  |   .0260195   .0968942     0.27   0.788    -.1638896    .2159287
  immunizations  |  -.0111002   .0720489    -0.15   0.878    -.1523135    .1301131
 rename_schools  |  -.0650139   .1055217    -0.62   0.538    -.2718325    .1418048
                 |
         zoom_id |
2023/2/21 15:00  |  -.0967734   .1032081    -0.94   0.348    -.2990575    .1055106
2023/2/21 16:00  |  -.0682775   .1057237    -0.65   0.518    -.2754921    .1389372
2023/2/22 16:00  |  -.1086057   .0771999    -1.41   0.159    -.2599148    .0427034
                 |
          gender |
              2  |   .0226062   .1348024     0.17   0.867    -.2416017    .2868141
              5  |  -.0388728   .1651513    -0.24   0.814    -.3625634    .2848179
                 |
            race |
              3  |  -.0460875   .2185596    -0.21   0.833    -.4744565    .3822815
              4  |   .0904512   .1174131     0.77   0.441    -.1396742    .3205766
              6  |   .0663492   .0697638     0.95   0.342    -.0703853    .2030838
              7  |   .0216919   .1267214     0.17   0.864    -.2266775    .2700613
                 |
            year |
              2  |   .2070809   .1873425     1.11   0.269    -.1601037    .5742655
              3  |   .0015556   .1590733     0.01   0.992    -.3102224    .3133335
              4  |  -.0717066   .1541441    -0.47   0.642    -.3738234    .2304102
              5  |  -.1252059    .156919    -0.80   0.425    -.4327614    .1823496
              6  |  -.0472824   .1747439    -0.27   0.787    -.3897741    .2952092
                 |
        ideology |
              2  |    -.18219    .132483    -1.38   0.169    -.4418519     .077472
              3  |  -.2658454    .143006    -1.86   0.063    -.5461319    .0144412
              4  |  -.2284755   .1585881    -1.44   0.150    -.5393026    .0823515
              5  |  -.5715877   .1464909    -3.90   0.000    -.8587046   -.2844707
              6  |          .  (not estimable)
              9  |  -.6504083   .1262866    -5.15   0.000    -.8979255   -.4028911
                 |
           major |
              2  |   .1503786   .1614944     0.93   0.352    -.1661445    .4669018
              7  |   .6584503   .1456436     4.52   0.000     .3729941    .9439065
              9  |   .0135155   .1865268     0.07   0.942    -.3520703    .3791012
             10  |    .142624   .1813215     0.79   0.432    -.2127595    .4980075
             11  |   .1764681   .1623147     1.09   0.277    -.1416628     .494599
             13  |   .0164854    .139693     0.12   0.906    -.2573079    .2902787
----------------------------------------------------------------------------------
Note: dy/dx for factor levels is the discrete change from the base level.

.         eststo
(est4 stored)

.         qui sum express_d 

.         estadd scalar Cmean = r(mean)

added scalar:
              e(Cmean) =  .44

.         estadd scalar Csd = r(sd)

added scalar:
                e(Csd) =  .49763259

.         distinct(survey_id)

           |        Observations
           |      total   distinct
-----------+----------------------
 survey_id |        200         50

.         estadd scalar ids = round(r(ndistinct),1)

added scalar:
                e(ids) =  50

. 
. esttab using "$output/logit_first_movers_expression.tex", ///
> se lab stats(Cmean Csd ids,labels("Mean" "SD" "IDs")) keep(private_norm) star( * 0.1 ** 0.05 *** 0.0
> 1) ///
> varwidth(32) wrap compress nogap noconstant replace ///
> title("first_movers_expression") //indicate("Individual Controls =  gender")
(file /Users/yihong/Desktop/Silence Replicate Final/Output/logit_first_movers_expression.tex not
    found)
(output written to /Users/yihong/Desktop/Silence Replicate Final/Output/logit_first_movers_expression.
> tex)

. 
. 
end of do-file

. do "$code/Table 2.do"

. ******** Inference *********
. use "$data/TC_cleaned.dta", clear
(TC_cleaned -- de-identified 21 Aug 2026)

.         
. keep *rename_schools *affirmative_action *death_penalty *immunizations ///
>          treat e_* gender race year major ideology survey_id zoom_id moderator week group_size sessi
> on_time

.           
. foreach var in rename_schools affirmative_action death_penalty immunizations {
  2.         rename guesses_`var' guesses_b_`var'
  3. }

. 
. reshape long private_ guesses_b_ guesses_m_ guesses_e_ , i(survey_id) j(topic) string
(j = affirmative_action death_penalty immunizations rename_schools)

Data                               Wide   ->   Long
-----------------------------------------------------------------------------
Number of observations              333   ->   1,332       
Number of variables                  45   ->   34          
j variable (4 values)                     ->   topic
xij variables:
private_affirmative_action private_death_penalty ... private_rename_schools->private_
guesses_b_affirmative_action guesses_b_death_penalty ... guesses_b_rename_schools->guesses_b_
guesses_m_affirmative_action guesses_m_death_penalty ... guesses_m_rename_schools->guesses_m_
guesses_e_affirmative_action guesses_e_death_penalty ... guesses_e_rename_schools->guesses_e_
-----------------------------------------------------------------------------

. encode topic, generate(topic_id)

. replace topic_id = topic_id + 1 
(1,332 real changes made)

. replace topic_id = 1 if topic_id == 5 // adjust the order of topics
(333 real changes made)

. forval i = 1/4{
  2.         qui sum private_ if topic_id == `i'
  3.         local actual_`i' = round(r(mean)*100,0.01)
  4. }

. 
. 
. 
. * Table 2: Perceived Popularity of Socially Appropriate Views at Midline and Endline
. 
. local controls i.gender i.race i.year i.ideology i.major

. label var treat "Treat"

. label var private_ "Private Agree"

. 
. 
. eststo clear

. 
. reg guesses_m_ treat i.topic_id, cluster(survey_id)

Linear regression                               Number of obs     =      1,332
                                                F(4, 332)         =     201.89
                                                Prob > F          =     0.0000
                                                R-squared         =     0.3973
                                                Root MSE          =     13.875

                               (Std. err. adjusted for 333 clusters in survey_id)
---------------------------------------------------------------------------------
                |               Robust
     guesses_m_ | Coefficient  std. err.      t    P>|t|     [95% conf. interval]
----------------+----------------------------------------------------------------
          treat |  -6.603185   .9695044    -6.81   0.000    -8.510331   -4.696039
                |
       topic_id |
 death_penalty  |   1.087087   .8174848     1.33   0.184    -.5210158     2.69519
 immunizations  |   13.41441   .8770131    15.30   0.000     11.68921    15.13962
rename_schools  |   26.47147   1.107964    23.89   0.000     24.29196    28.65099
                |
          _cons |   56.48868   .7443562    75.89   0.000     55.02444    57.95293
---------------------------------------------------------------------------------

.         eststo
(est1 stored)

.         qui sum guesses_m_ if treat == 0 

.         estadd scalar Cmean = r(mean)

added scalar:
              e(Cmean) =  66.731928

.         estadd scalar Csd = r(sd)

added scalar:
                e(Csd) =  17.113157

.         distinct(survey_id)

           |        Observations
           |      total   distinct
-----------+----------------------
 survey_id |       1332        333

.         estadd scalar ids = round(r(ndistinct),1)

added scalar:
                e(ids) =  333

. 
. reg guesses_m_ treat private_ guesses_b_ i.topic_id, cluster(survey_id)

Linear regression                               Number of obs     =      1,325
                                                F(6, 332)         =     154.71
                                                Prob > F          =     0.0000
                                                R-squared         =     0.4326
                                                Root MSE          =     13.472

                               (Std. err. adjusted for 333 clusters in survey_id)
---------------------------------------------------------------------------------
                |               Robust
     guesses_m_ | Coefficient  std. err.      t    P>|t|     [95% conf. interval]
----------------+----------------------------------------------------------------
          treat |  -6.516089     .93004    -7.01   0.000    -8.345604   -4.686575
       private_ |   3.860246   .8576717     4.50   0.000      2.17309    5.547402
     guesses_b_ |   .1149418    .024126     4.76   0.000     .0674827    .1624008
                |
       topic_id |
 death_penalty  |   1.133746   .7929397     1.43   0.154    -.4260735    2.693566
 immunizations  |   11.13965   .9250494    12.04   0.000     9.319951    12.95935
rename_schools  |   22.61749   1.235163    18.31   0.000     20.18775    25.04722
                |
          _cons |   48.40959   1.556451    31.10   0.000     45.34784    51.47134
---------------------------------------------------------------------------------

.         eststo
(est2 stored)

.         qui sum guesses_m_ if treat == 0 

.         estadd scalar Cmean = r(mean)

added scalar:
              e(Cmean) =  66.731928

.         estadd scalar Csd = r(sd)

added scalar:
                e(Csd) =  17.113157

.         distinct(survey_id)

           |        Observations
           |      total   distinct
-----------+----------------------
 survey_id |       1332        333

.         estadd scalar ids = round(r(ndistinct),1)

added scalar:
                e(ids) =  333

. 
. reg guesses_m_ treat private_ guesses_b_ i.topic_id `controls', cluster(survey_id)

Linear regression                               Number of obs     =      1,325
                                                F(31, 332)        =          .
                                                Prob > F          =          .
                                                R-squared         =     0.4535
                                                Root MSE          =     13.354

                               (Std. err. adjusted for 333 clusters in survey_id)
---------------------------------------------------------------------------------
                |               Robust
     guesses_m_ | Coefficient  std. err.      t    P>|t|     [95% conf. interval]
----------------+----------------------------------------------------------------
          treat |  -6.702941   .9575713    -7.00   0.000    -8.586613   -4.819269
       private_ |   3.198017   .8497292     3.76   0.000     1.526485    4.869549
     guesses_b_ |   .1159391    .024981     4.64   0.000     .0667981      .16508
                |
       topic_id |
 death_penalty  |   1.179073   .8035991     1.47   0.143    -.4017148    2.759861
 immunizations  |    11.2972   .9339276    12.10   0.000     9.460041    13.13436
rename_schools  |   22.87858   1.225529    18.67   0.000      20.4678    25.28936
                |
         gender |
             2  |  -.3739541   1.154035    -0.32   0.746    -2.644096    1.896188
             4  |  -22.18642   2.687293    -8.26   0.000    -27.47269   -16.90016
             5  |   .4211719   1.926256     0.22   0.827    -3.368034    4.210377
             6  |  -4.523095   5.045361    -0.90   0.371      -14.448    5.401812
                |
           race |
             3  |   2.764296   1.757303     1.57   0.117    -.6925563    6.221149
             4  |  -1.736935   1.308773    -1.33   0.185    -4.311468    .8375988
             6  |   -.017912   1.250612    -0.01   0.989    -2.478035    2.442211
             7  |  -3.058172   2.242733    -1.36   0.174    -7.469931    1.353588
                |
           year |
             2  |  -1.045809   1.635699    -0.64   0.523    -4.263449    2.171831
             3  |   2.550123   1.456519     1.75   0.081    -.3150458    5.415292
             4  |   .8564369   1.424992     0.60   0.548    -1.946714    3.659588
             5  |   2.552475   1.745154     1.46   0.145    -.8804784    5.985428
             6  |  -.4384924   1.991421    -0.22   0.826    -4.355886    3.478901
                |
       ideology |
             2  |   .4199713   1.051236     0.40   0.690    -1.647951    2.487894
             3  |  -1.428276   1.522536    -0.94   0.349     -4.42331    1.566758
             4  |  -2.456239   1.497846    -1.64   0.102    -5.402704    .4902257
             5  |  -.6313294   2.455041    -0.26   0.797    -5.460727    4.198068
             6  |  -1.070012   3.480448    -0.31   0.759    -7.916523    5.776499
             9  |   2.893353   1.924593     1.50   0.134    -.8925806    6.679288
                |
          major |
             2  |  -.3136741   3.222598    -0.10   0.923    -6.652959    6.025611
             7  |  -.3086627   3.688611    -0.08   0.933    -7.564659    6.947334
             9  |  -.9029336    3.22055    -0.28   0.779    -7.238191    5.432324
            10  |  -2.124357   3.432836    -0.62   0.536     -8.87721    4.628495
            11  |   1.201033    3.28454     0.37   0.715      -5.2601    7.662167
            13  |   .3342336   3.164122     0.11   0.916    -5.890021    6.558488
            15  |   2.581186   3.363341     0.77   0.443     -4.03496    9.197332
                |
          _cons |   49.06645   4.233273    11.59   0.000     40.73903    57.39387
---------------------------------------------------------------------------------

.         eststo
(est3 stored)

.         qui sum guesses_m_ if treat == 0 

.         estadd scalar Cmean = r(mean)

added scalar:
              e(Cmean) =  66.731928

.         estadd scalar Csd = r(sd)

added scalar:
                e(Csd) =  17.113157

.         distinct(survey_id)

           |        Observations
           |      total   distinct
-----------+----------------------
 survey_id |       1332        333

.         estadd scalar ids = round(r(ndistinct),1)

added scalar:
                e(ids) =  333

.         
. reg guesses_e_ treat i.topic_id, cluster(zoom_id)

Linear regression                               Number of obs     =      1,332
                                                F(4, 35)          =     129.85
                                                Prob > F          =     0.0000
                                                R-squared         =     0.4085
                                                Root MSE          =     15.534

                                  (Std. err. adjusted for 36 clusters in zoom_id)
---------------------------------------------------------------------------------
                |               Robust
     guesses_e_ | Coefficient  std. err.      t    P>|t|     [95% conf. interval]
----------------+----------------------------------------------------------------
          treat |  -10.63291   1.489655    -7.14   0.000    -13.65707   -7.608748
                |
       topic_id |
 death_penalty  |   .7207207   1.817788     0.40   0.694    -2.969585    4.411026
 immunizations  |   15.42943   2.029644     7.60   0.000     11.30903    19.54983
rename_schools  |   28.45946   1.929983    14.75   0.000     24.54139    32.37753
                |
          _cons |   59.29338   1.551484    38.22   0.000      56.1437    62.44306
---------------------------------------------------------------------------------

.         eststo
(est4 stored)

.         qui sum guesses_e_ if treat == 0 

.         estadd scalar Cmean = r(mean)

added scalar:
              e(Cmean) =  70.445783

.         estadd scalar Csd = r(sd)

added scalar:
                e(Csd) =  17.996901

.         distinct(survey_id)

           |        Observations
           |      total   distinct
-----------+----------------------
 survey_id |       1332        333

.         estadd scalar ids = round(r(ndistinct),1)

added scalar:
                e(ids) =  333

. 
. reg guesses_e_ treat private_ guesses_b_ i.topic_id, cluster(zoom_id)

Linear regression                               Number of obs     =      1,325
                                                F(6, 35)          =     103.38
                                                Prob > F          =     0.0000
                                                R-squared         =     0.4318
                                                Root MSE          =     15.226

                                  (Std. err. adjusted for 36 clusters in zoom_id)
---------------------------------------------------------------------------------
                |               Robust
     guesses_e_ | Coefficient  std. err.      t    P>|t|     [95% conf. interval]
----------------+----------------------------------------------------------------
          treat |  -10.47411    1.48111    -7.07   0.000    -13.48092   -7.467296
       private_ |   3.663581    .925984     3.96   0.000     1.783733    5.543428
     guesses_b_ |    .109667   .0269898     4.06   0.000     .0548749    .1644591
                |
       topic_id |
 death_penalty  |    .641283     1.7883     0.36   0.722    -2.989159    4.271725
 immunizations  |   13.20032   1.804604     7.31   0.000     9.536783    16.86386
rename_schools  |   24.68017    1.75511    14.06   0.000     21.11711    28.24324
                |
          _cons |    51.7087   2.262353    22.86   0.000     47.11588    56.30152
---------------------------------------------------------------------------------

.         eststo
(est5 stored)

.         qui sum guesses_e_ if treat == 0 

.         estadd scalar Cmean = r(mean)

added scalar:
              e(Cmean) =  70.445783

.         estadd scalar Csd = r(sd)

added scalar:
                e(Csd) =  17.996901

.         distinct(survey_id)

           |        Observations
           |      total   distinct
-----------+----------------------
 survey_id |       1332        333

.         estadd scalar ids = round(r(ndistinct),1)

added scalar:
                e(ids) =  333

. 
. reg guesses_e_ treat private_ guesses_b_ i.topic_id `controls' i.moderator i.week group_size i.sessi
> on_time, cluster(zoom_id)

Linear regression                               Number of obs     =      1,325
                                                F(34, 35)         =          .
                                                Prob > F          =          .
                                                R-squared         =     0.4690
                                                Root MSE          =     14.913

                                  (Std. err. adjusted for 36 clusters in zoom_id)
---------------------------------------------------------------------------------
                |               Robust
     guesses_e_ | Coefficient  std. err.      t    P>|t|     [95% conf. interval]
----------------+----------------------------------------------------------------
          treat |  -10.39802   1.161622    -8.95   0.000    -12.75624   -8.039802
       private_ |   3.251311   .9633262     3.38   0.002     1.295655    5.206967
     guesses_b_ |   .1050282   .0245725     4.27   0.000     .0551434    .1549131
                |
       topic_id |
 death_penalty  |    .626567   1.800214     0.35   0.730    -3.028061    4.281196
 immunizations  |   13.34061   1.834586     7.27   0.000       9.6162    17.06502
rename_schools  |   24.93465   1.761919    14.15   0.000     21.35777    28.51154
                |
         gender |
             2  |   .4030432   1.252659     0.32   0.750    -2.139991    2.946077
             4  |   19.22448   3.433787     5.60   0.000     12.25352    26.19544
             5  |   1.589038   1.970912     0.81   0.426    -2.412126    5.590202
             6  |   2.562993   2.546898     1.01   0.321    -2.607486    7.733471
                |
           race |
             3  |  -2.755738    2.87369    -0.96   0.344    -8.589639    3.078163
             4  |  -.3294383   1.418359    -0.23   0.818     -3.20886    2.549983
             6  |   .0835416   1.078168     0.08   0.939    -2.105256    2.272339
             7  |   1.549525   2.319286     0.67   0.508    -3.158876    6.257927
                |
           year |
             2  |  -.7817806   2.176454    -0.36   0.722    -5.200217    3.636656
             3  |   -.302966   1.490032    -0.20   0.840    -3.327892     2.72196
             4  |   2.968553    1.36577     2.17   0.037     .1958926    5.741214
             5  |   2.197562   1.980397     1.11   0.275    -1.822857    6.217981
             6  |   1.483237    2.76261     0.54   0.595     -4.12516    7.091634
                |
       ideology |
             2  |   .5002598   1.108074     0.45   0.654    -1.749251    2.749771
             3  |  -1.600055   1.534343    -1.04   0.304    -4.714937    1.514827
             4  |  -.4895934   1.918606    -0.26   0.800    -4.384571    3.405384
             5  |   -.991429   1.814005    -0.55   0.588    -4.674054    2.691196
             6  |  -3.272124   2.682834    -1.22   0.231    -8.718566    2.174318
             9  |   1.574251   2.531303     0.62   0.538    -3.564566    6.713068
                |
          major |
             2  |   3.417103   1.591232     2.15   0.039     .1867295    6.647476
             7  |  -6.300202   2.262695    -2.78   0.009    -10.89372   -1.706687
             9  |   3.419128   1.732006     1.97   0.056    -.0970298    6.935287
            10  |   .9870317   1.786312     0.55   0.584    -2.639375    4.613439
            11  |   2.688369    1.90924     1.41   0.168    -1.187593    6.564332
            13  |   2.946863   1.503632     1.96   0.058    -.1056711    5.999398
            15  |  -2.590658   2.041975    -1.27   0.213    -6.736088    1.554771
                |
      moderator |
             2  |   2.565841    1.38874     1.85   0.073    -.2534505    5.385133
             3  |   4.905977   1.462271     3.36   0.002      1.93741    7.874545
                |
           week |
             1  |   6.536814   1.231666     5.31   0.000     4.036399     9.03723
             2  |   5.524754   2.186482     2.53   0.016      1.08596    9.963549
             3  |   4.767085   1.566697     3.04   0.004     1.586521    7.947649
             4  |   5.832985   1.553754     3.75   0.001     2.678698    8.987273
                |
     group_size |   .2561487   .5054801     0.51   0.616    -.7700303    1.282328
 2.session_time |   -.348649   .9758014    -0.36   0.723    -2.329631    1.632333
          _cons |   40.08498   4.716871     8.50   0.000     30.50922    49.66073
---------------------------------------------------------------------------------

.         eststo
(est6 stored)

.         qui sum guesses_e_ if treat == 0 

.         estadd scalar Cmean = r(mean)

added scalar:
              e(Cmean) =  70.445783

.         estadd scalar Csd = r(sd)

added scalar:
                e(Csd) =  17.996901

.         distinct(survey_id)

           |        Observations
           |      total   distinct
-----------+----------------------
 survey_id |       1332        333

.         estadd scalar ids = round(r(ndistinct),1)

added scalar:
                e(ids) =  333

.         
. esttab using "$output/ols_inference_tc_revised.tex", ///
> se lab stats(Cmean Csd ids N,labels("Mean" "SD" "IDs" "Obs")) keep(treat private_ guesses_b_) star( 
> * 0.1 ** 0.05 *** 0.01) ///
> varwidth(32) wrap compress nogap noconstant replace ///
> title("midline_inference") //indicate("Individual Controls =  gender")
(file /Users/yihong/Desktop/Silence Replicate Final/Output/ols_inference_tc_revised.tex not found)
(output written to /Users/yihong/Desktop/Silence Replicate Final/Output/ols_inference_tc_revised.tex)

. 
. 
. *------------------------------------------------------------------------------
. * SUEST: test whether the treatment effect is the same at midline and endline.
. *
. * NOTE ON OUTPUT. These tests are DISPLAYED IN THE STATA LOG ONLY -- they are not
. * written to any file in $output. The three chi2(1) statistics and p-values below
. * are transcribed by hand into the "SUEST b_M = b_E" row of Table 2
. * (Draft tex/Tables/reg_inference_tc.tex). Expected values:
. *
. *     pair 1  ->  Table 2, cols (1) & (4):  chi2(1) =  10.54,  p = 0.0012
. *     pair 2  ->  Table 2, cols (2) & (5):  chi2(1) =  10.55,  p = 0.0012
. *     pair 3  ->  Table 2, cols (3) & (6):  chi2(1) =   8.26,  p = 0.0040
. *
. *------------------------------------------------------------------------------
. 
. reg guesses_m_ treat i.topic_id 

      Source |       SS           df       MS      Number of obs   =     1,332
-------------+----------------------------------   F(4, 1327)      =    218.73
       Model |  168422.278         4  42105.5696   Prob > F        =    0.0000
    Residual |  255450.286     1,327    192.5021   R-squared       =    0.3973
-------------+----------------------------------   Adj R-squared   =    0.3955
       Total |  423872.565     1,331  318.461731   Root MSE        =    13.875

---------------------------------------------------------------------------------
     guesses_m_ | Coefficient  Std. err.      t    P>|t|     [95% conf. interval]
----------------+----------------------------------------------------------------
          treat |  -6.603185    .760322    -8.68   0.000    -8.094749   -5.111621
                |
       topic_id |
 death_penalty  |   1.087087   1.075253     1.01   0.312    -1.022294    3.196468
 immunizations  |   13.41441   1.075253    12.48   0.000     11.30503     15.5238
rename_schools  |   26.47147   1.075253    24.62   0.000     24.36209    28.58085
                |
          _cons |   56.48868    .850574    66.41   0.000     54.82007     58.1573
---------------------------------------------------------------------------------

. estimates store midline_inference_1

. 
. reg guesses_e_ treat i.topic_id 

      Source |       SS           df       MS      Number of obs   =     1,332
-------------+----------------------------------   F(4, 1327)      =    229.10
       Model |  221138.966         4  55284.7414   Prob > F        =    0.0000
    Residual |  320220.916     1,327  241.311919   R-squared       =    0.4085
-------------+----------------------------------   Adj R-squared   =    0.4067
       Total |  541359.882     1,331  406.731692   Root MSE        =    15.534

---------------------------------------------------------------------------------
     guesses_e_ | Coefficient  Std. err.      t    P>|t|     [95% conf. interval]
----------------+----------------------------------------------------------------
          treat |  -10.63291   .8512737   -12.49   0.000     -12.3029    -8.96292
                |
       topic_id |
 death_penalty  |   .7207207   1.203877     0.60   0.549     -1.64099    3.082431
 immunizations  |   15.42943   1.203877    12.82   0.000     13.06772    17.79114
rename_schools  |   28.45946   1.203877    23.64   0.000     26.09775    30.82117
                |
          _cons |   59.29338   .9523218    62.26   0.000     57.42516     61.1616
---------------------------------------------------------------------------------

. estimates store endline_inference_1

. 
. suest midline_inference_1 endline_inference_1, cluster(survey_id) 

Simultaneous results for midline_inference_1, endline_inference_1

                                                         Number of obs = 1,332

                                         (Std. err. adjusted for 333 clusters in survey_id)
-------------------------------------------------------------------------------------------
                          |               Robust
                          | Coefficient  std. err.      z    P>|z|     [95% conf. interval]
--------------------------+----------------------------------------------------------------
midline_inference_1_mean  |
                    treat |  -6.603185   .9680465    -6.82   0.000    -8.500521   -4.705849
                          |
                 topic_id |
           death_penalty  |   1.087087   .8162555     1.33   0.183    -.5127442    2.686918
           immunizations  |   13.41441   .8756943    15.32   0.000     11.69809    15.13074
          rename_schools  |   26.47147   1.106298    23.93   0.000     24.30317    28.63978
                          |
                    _cons |   56.48868   .7432369    76.00   0.000     55.03197     57.9454
--------------------------+----------------------------------------------------------------
midline_inference_1_lnvar |
                    _cons |   5.260107   .0780011    67.44   0.000     5.107228    5.412986
--------------------------+----------------------------------------------------------------
endline_inference_1_mean  |
                    treat |  -10.63291   1.061737   -10.01   0.000    -12.71387   -8.551943
                          |
                 topic_id |
           death_penalty  |   .7207207   1.108683     0.65   0.516    -1.452258      2.8937
           immunizations  |   15.42943   1.148486    13.43   0.000     13.17844    17.68042
          rename_schools  |   28.45946    1.11664    25.49   0.000     26.27088    30.64803
                          |
                    _cons |   59.29338   1.029137    57.61   0.000     57.27631    61.31045
--------------------------+----------------------------------------------------------------
endline_inference_1_lnvar |
                    _cons |    5.48609   .0538758   101.83   0.000     5.380496    5.591685
-------------------------------------------------------------------------------------------

. ereturn list

scalars:
                  e(N) =  1332
            e(N_clust) =  333
               e(rank) =  12

macros:
                e(cmd) : "suest"
           e(eqnames1) : "mean lnvar"
           e(eqnames2) : "mean lnvar"
              e(names) : "midline_inference_1 endline_inference_1"
            e(vcetype) : "Robust"
                e(vce) : "cluster"
           e(clustvar) : "survey_id"
         e(properties) : "b V"

matrices:
                  e(b) :  1 x 14
                  e(V) :  14 x 14

functions:
             e(sample)   

.  di "`e(names)'"
midline_inference_1 endline_inference_1

.  test [midline_inference_1_mean]treat = [endline_inference_1_mean]treat

 ( 1)  [midline_inference_1_mean]treat - [endline_inference_1_mean]treat = 0

           chi2(  1) =   10.54
         Prob > chi2 =    0.0012

. 
. reg guesses_m_ treat guesses_b_ i.topic_id 

      Source |       SS           df       MS      Number of obs   =     1,332
-------------+----------------------------------   F(5, 1326)      =    193.43
       Model |  178773.264         5  35754.6529   Prob > F        =    0.0000
    Residual |    245099.3     1,326  184.841101   R-squared       =    0.4218
-------------+----------------------------------   Adj R-squared   =    0.4196
       Total |  423872.565     1,331  318.461731   Root MSE        =    13.596

---------------------------------------------------------------------------------
     guesses_m_ | Coefficient  Std. err.      t    P>|t|     [95% conf. interval]
----------------+----------------------------------------------------------------
          treat |  -6.591616   .7450408    -8.85   0.000    -8.053203   -5.130029
     guesses_b_ |   .1408975   .0188283     7.48   0.000     .1039609     .177834
                |
       topic_id |
 death_penalty  |   1.495394   1.055052     1.42   0.157    -.5743587    3.565146
 immunizations  |   11.68705   1.078629    10.84   0.000     9.571041    13.80305
rename_schools  |   23.66198    1.11853    21.15   0.000      21.4677    25.85627
                |
          _cons |   48.63197   1.340515    36.28   0.000     46.00221    51.26173
---------------------------------------------------------------------------------

. estimates store midline_inference_2

. 
. reg guesses_e_ treat guesses_b_ i.topic_id  

      Source |       SS           df       MS      Number of obs   =     1,332
-------------+----------------------------------   F(5, 1326)      =    197.14
       Model |  230830.891         5  46166.1781   Prob > F        =    0.0000
    Residual |  310528.992     1,326   234.18476   R-squared       =    0.4264
-------------+----------------------------------   Adj R-squared   =    0.4242
       Total |  541359.882     1,331  406.731692   Root MSE        =    15.303

---------------------------------------------------------------------------------
     guesses_e_ | Coefficient  Std. err.      t    P>|t|     [95% conf. interval]
----------------+----------------------------------------------------------------
          treat |  -10.62171   .8386101   -12.67   0.000    -12.26686   -8.976567
     guesses_b_ |   .1363381    .021193     6.43   0.000     .0947628    .1779135
                |
       topic_id |
 death_penalty  |   1.115815   1.187555     0.94   0.348    -1.213877    3.445506
 immunizations  |   13.75796   1.214093    11.33   0.000      11.3762    16.13971
rename_schools  |   25.74089   1.259005    20.45   0.000     23.27103    28.21074
                |
          _cons |   51.69091    1.50887    34.26   0.000     48.73087    54.65094
---------------------------------------------------------------------------------

. estimates store endline_inference_2

. 
. suest midline_inference_2 endline_inference_2, cluster(survey_id) 

Simultaneous results for midline_inference_2, endline_inference_2

                                                         Number of obs = 1,332

                                         (Std. err. adjusted for 333 clusters in survey_id)
-------------------------------------------------------------------------------------------
                          |               Robust
                          | Coefficient  std. err.      z    P>|z|     [95% conf. interval]
--------------------------+----------------------------------------------------------------
midline_inference_2_mean  |
                    treat |  -6.591616   .9371241    -7.03   0.000    -8.428346   -4.754887
               guesses_b_ |   .1408975   .0237415     5.93   0.000     .0943651    .1874299
                          |
                 topic_id |
           death_penalty  |   1.495394   .7986789     1.87   0.061    -.0699884    3.060776
           immunizations  |   11.68705   .9198372    12.71   0.000     9.884197    13.48989
          rename_schools  |   23.66198   1.208128    19.59   0.000      21.2941    26.02987
                          |
                    _cons |   48.63197   1.559077    31.19   0.000     45.57624    51.68771
--------------------------+----------------------------------------------------------------
midline_inference_2_lnvar |
                    _cons |   5.219497   .0795131    65.64   0.000     5.063654    5.375339
--------------------------+----------------------------------------------------------------
endline_inference_2_mean  |
                    treat |  -10.62171   1.045615   -10.16   0.000    -12.67108   -8.572347
               guesses_b_ |   .1363381   .0253526     5.38   0.000      .086648    .1860283
                          |
                 topic_id |
           death_penalty  |   1.115815   1.110097     1.01   0.315    -1.059936    3.291566
           immunizations  |   13.75796   1.140098    12.07   0.000     11.52341    15.99251
          rename_schools  |   25.74089   1.187173    21.68   0.000     23.41407     28.0677
                          |
                    _cons |   51.69091   1.812164    28.52   0.000     48.13913    55.24268
--------------------------+----------------------------------------------------------------
endline_inference_2_lnvar |
                    _cons |    5.45611   .0554394    98.42   0.000     5.347451     5.56477
-------------------------------------------------------------------------------------------

. ereturn list

scalars:
                  e(N) =  1332
            e(N_clust) =  333
               e(rank) =  14

macros:
                e(cmd) : "suest"
           e(eqnames1) : "mean lnvar"
           e(eqnames2) : "mean lnvar"
              e(names) : "midline_inference_2 endline_inference_2"
            e(vcetype) : "Robust"
                e(vce) : "cluster"
           e(clustvar) : "survey_id"
         e(properties) : "b V"

matrices:
                  e(b) :  1 x 16
                  e(V) :  16 x 16

functions:
             e(sample)   

.  di "`e(names)'"
midline_inference_2 endline_inference_2

.  test [midline_inference_2_mean]treat = [endline_inference_2_mean]treat

 ( 1)  [midline_inference_2_mean]treat - [endline_inference_2_mean]treat = 0

           chi2(  1) =   10.55
         Prob > chi2 =    0.0012

. 
. 
. local controls i.gender i.race i.year i.ideology i.major

. 
. reg guesses_m_ treat private_ guesses_b_ i.topic_id `controls' 

      Source |       SS           df       MS      Number of obs   =     1,325
-------------+----------------------------------   F(32, 1292)     =     33.50
       Model |    191197.7        32  5974.92812   Prob > F        =    0.0000
    Residual |  230403.621     1,292  178.330976   R-squared       =    0.4535
-------------+----------------------------------   Adj R-squared   =    0.4400
       Total |  421601.321     1,324  318.430001   Root MSE        =    13.354

---------------------------------------------------------------------------------
     guesses_m_ | Coefficient  Std. err.      t    P>|t|     [95% conf. interval]
----------------+----------------------------------------------------------------
          treat |  -6.702941   .7807148    -8.59   0.000    -8.234549   -5.171334
       private_ |   3.198017   .8754863     3.65   0.000     1.480487    4.915548
     guesses_b_ |   .1159391   .0197341     5.88   0.000     .0772247    .1546534
                |
       topic_id |
 death_penalty  |   1.179073   1.044009     1.13   0.259    -.8690653    3.227212
 immunizations  |    11.2972   1.072322    10.54   0.000      9.19352    13.40089
rename_schools  |   22.87858   1.133269    20.19   0.000     20.65533    25.10183
                |
         gender |
             2  |  -.3739541   .9176707    -0.41   0.684    -2.174242    1.426334
             4  |  -22.18642   7.080932    -3.13   0.002    -36.07781   -8.295038
             5  |   .4211719   2.057328     0.20   0.838    -3.614899    4.457242
             6  |  -4.523095   3.311817    -1.37   0.172    -11.02022    1.974034
                |
           race |
             3  |   2.764296   2.571231     1.08   0.283     -2.27995    7.808542
             4  |  -1.736935   1.147254    -1.51   0.130    -3.987619    .5137495
             6  |   -.017912   1.012269    -0.02   0.986    -2.003783    1.967959
             7  |  -3.058172   1.872177    -1.63   0.103    -6.731011     .614668
                |
           year |
             2  |  -1.045809    1.34705    -0.78   0.438    -3.688454    1.596836
             3  |   2.550123   1.196938     2.13   0.033     .2019673    4.898279
             4  |   .8564369   1.179452     0.73   0.468    -1.457415    3.170289
             5  |   2.552475   1.463631     1.74   0.081    -.3188783    5.423828
             6  |  -.4384924   1.792925    -0.24   0.807    -3.955857    3.078872
                |
       ideology |
             2  |   .4199713   1.328312     0.32   0.752    -2.185913    3.025855
             3  |  -1.428276   1.465652    -0.97   0.330    -4.303595    1.447043
             4  |  -2.456239   1.560482    -1.57   0.116    -5.517596    .6051175
             5  |  -.6313294   2.285544    -0.28   0.782    -5.115114    3.852455
             6  |  -1.070012   2.812864    -0.38   0.704    -6.588294     4.44827
             9  |   2.893353   2.166334     1.34   0.182    -1.356565    7.143272
                |
          major |
             2  |  -.3136741   2.522655    -0.12   0.901    -5.262624    4.635275
             7  |  -.3086627   3.183616    -0.10   0.923    -6.554285     5.93696
             9  |  -.9029336    2.90438    -0.31   0.756    -6.600751    4.794884
            10  |  -2.124357   2.614585    -0.81   0.417    -7.253655     3.00494
            11  |   1.201033   2.572083     0.47   0.641    -3.844884    6.246951
            13  |   .3342336   2.518591     0.13   0.894    -4.606743    5.275211
            15  |   2.581186     2.8905     0.89   0.372    -3.089402    8.251774
                |
          _cons |   49.06645    3.22804    15.20   0.000     42.73368    55.39923
---------------------------------------------------------------------------------

. estimates store midline_inference

. 
. reg guesses_e_ treat private_ guesses_b_ i.topic_id `controls' i.moderator i.week group_size i.sessi
> on_time

      Source |       SS           df       MS      Number of obs   =     1,325
-------------+----------------------------------   F(40, 1284)     =     28.35
       Model |  252208.888        40   6305.2222   Prob > F        =    0.0000
    Residual |  285549.773     1,284  222.390789   R-squared       =    0.4690
-------------+----------------------------------   Adj R-squared   =    0.4525
       Total |  537758.661     1,324  406.162131   Root MSE        =    14.913

---------------------------------------------------------------------------------
     guesses_e_ | Coefficient  Std. err.      t    P>|t|     [95% conf. interval]
----------------+----------------------------------------------------------------
          treat |  -10.39802   .8778569   -11.84   0.000    -12.12021   -8.675829
       private_ |   3.251311   .9823607     3.31   0.001     1.324103    5.178519
     guesses_b_ |   .1050282   .0221474     4.74   0.000     .0615791    .1484774
                |
       topic_id |
 death_penalty  |    .626567    1.16595     0.54   0.591    -1.660808    2.913942
 immunizations  |   13.34061   1.197804    11.14   0.000     10.99074    15.69048
rename_schools  |   24.93465   1.266333    19.69   0.000     22.45035    27.41896
                |
         gender |
             2  |   .4030432   1.040487     0.39   0.699    -1.638198    2.444284
             4  |   19.22448    7.95161     2.42   0.016     3.624908    34.82406
             5  |   1.589038   2.315048     0.69   0.493    -2.952654     6.13073
             6  |   2.562993   3.746421     0.68   0.494    -4.786787    9.912772
                |
           race |
             3  |  -2.755738   2.887872    -0.95   0.340    -8.421204    2.909728
             4  |  -.3294383   1.292447    -0.25   0.799    -2.864978    2.206101
             6  |   .0835416   1.152677     0.07   0.942    -2.177796    2.344879
             7  |   1.549525   2.136944     0.73   0.469    -2.642761    5.741811
                |
           year |
             2  |  -.7817806   1.520992    -0.51   0.607    -3.765682    2.202121
             3  |   -.302966   1.349362    -0.22   0.822    -2.950163    2.344231
             4  |   2.968553   1.336189     2.22   0.026     .3472004    5.589906
             5  |   2.197562   1.662647     1.32   0.186    -1.064241    5.459365
             6  |   1.483237   2.018219     0.73   0.463    -2.476132    5.442607
                |
       ideology |
             2  |   .5002598   1.513268     0.33   0.741     -2.46849    3.469009
             3  |  -1.600055   1.655005    -0.97   0.334    -4.846866    1.646755
             4  |  -.4895934   1.781121    -0.27   0.783    -3.983821    3.004634
             5  |   -.991429   2.574032    -0.39   0.700      -6.0412    4.058342
             6  |  -3.272124   3.202296    -1.02   0.307     -9.55443    3.010182
             9  |   1.574251   2.451605     0.64   0.521    -3.235341    6.383843
                |
          major |
             2  |   3.417103   2.842735     1.20   0.230    -2.159812    8.994018
             7  |  -6.300202   3.616491    -1.74   0.082    -13.39508    .7946788
             9  |   3.419128   3.272932     1.04   0.296    -3.001753     9.84001
            10  |   .9870317   2.945871     0.34   0.738    -4.792217    6.766281
            11  |   2.688369   2.900154     0.93   0.354     -3.00119    8.377929
            13  |   2.946863   2.845076     1.04   0.301    -2.634644    8.528371
            15  |  -2.590658   3.296851    -0.79   0.432    -9.058464    3.877147
                |
      moderator |
             2  |   2.565841   1.123158     2.28   0.023     .3624142    4.769269
             3  |   4.905977   1.150808     4.26   0.000     2.648306    7.163649
                |
           week |
             1  |   6.536814   1.462662     4.47   0.000     3.667345    9.406284
             2  |   5.524754   1.588547     3.48   0.001     2.408322    8.641187
             3  |   4.767085   1.557978     3.06   0.002     1.710624    7.823546
             4  |   5.832985   1.580669     3.69   0.000     2.732007    8.933964
                |
     group_size |   .2561487    .409842     0.62   0.532    -.5478848    1.060182
 2.session_time |   -.348649   .8773084    -0.40   0.691    -2.069764    1.372466
          _cons |   40.08498   5.365753     7.47   0.000     29.55837    50.61158
---------------------------------------------------------------------------------

. estimates store endline_inference

. 
. suest midline_inference endline_inference, cluster(survey_id) 

Simultaneous results for midline_inference, endline_inference

                                                         Number of obs = 1,325

                                       (Std. err. adjusted for 333 clusters in survey_id)
-----------------------------------------------------------------------------------------
                        |               Robust
                        | Coefficient  std. err.      z    P>|z|     [95% conf. interval]
------------------------+----------------------------------------------------------------
midline_inference_mean  |
                  treat |  -6.702941   .9459286    -7.09   0.000    -8.556927   -4.848955
               private_ |   3.198017   .8393977     3.81   0.000     1.552828    4.843207
             guesses_b_ |   .1159391   .0246772     4.70   0.000     .0675726    .1643055
                        |
               topic_id |
         death_penalty  |   1.179073   .7938286     1.49   0.137    -.3768022    2.734949
         immunizations  |    11.2972   .9225724    12.25   0.000     9.488994    13.10541
        rename_schools  |   22.87858   1.210629    18.90   0.000     20.50579    25.25137
                        |
                 gender |
                     2  |  -.3739541   1.140003    -0.33   0.743    -2.608319    1.860411
                     4  |  -22.18642   2.654619    -8.36   0.000    -27.38938   -16.98346
                     5  |   .4211719   1.902835     0.22   0.825    -3.308317    4.150661
                     6  |  -4.523095   4.984017    -0.91   0.364    -14.29159    5.245399
                        |
                   race |
                     3  |   2.764296   1.735937     1.59   0.111    -.6380776     6.16667
                     4  |  -1.736935    1.29286    -1.34   0.179    -4.270895    .7970251
                     6  |   -.017912   1.235407    -0.01   0.988    -2.439264     2.40344
                     7  |  -3.058172   2.215465    -1.38   0.167    -7.400403     1.28406
                        |
                   year |
                     2  |  -1.045809   1.615811    -0.65   0.517     -4.21274    2.121122
                     3  |   2.550123    1.43881     1.77   0.076    -.2698918    5.370138
                     4  |   .8564369   1.407666     0.61   0.543    -1.902537    3.615411
                     5  |   2.552475   1.723935     1.48   0.139    -.8263764    5.931326
                     6  |  -.4384924   1.967208    -0.22   0.824    -4.294149    3.417164
                        |
               ideology |
                     2  |   .4199713   1.038454     0.40   0.686    -1.615362    2.455304
                     3  |  -1.428276   1.504024    -0.95   0.342     -4.37611    1.519558
                     4  |  -2.456239   1.479634    -1.66   0.097    -5.356269    .4437905
                     5  |  -.6313294   2.425192    -0.26   0.795    -5.384618    4.121959
                     6  |  -1.070012   3.438131    -0.31   0.756    -7.808625    5.668601
                     9  |   2.893353   1.901193     1.52   0.128    -.8329157    6.619623
                        |
                  major |
                     2  |  -.3136741   3.183416    -0.10   0.922    -6.553055    5.925706
                     7  |  -.3086627   3.643763    -0.08   0.932    -7.450308    6.832982
                     9  |  -.9029336   3.181393    -0.28   0.777     -7.13835    5.332483
                    10  |  -2.124357   3.391098    -0.63   0.531    -8.770788    4.522073
                    11  |   1.201033   3.244605     0.37   0.711    -5.158275    7.560342
                    13  |   .3342336   3.125651     0.11   0.915    -5.791929    6.460396
                    15  |   2.581186   3.322448     0.78   0.437    -3.930692    9.093064
                        |
                  _cons |   49.06645   4.181802    11.73   0.000     40.87027    57.26263
------------------------+----------------------------------------------------------------
midline_inference_lnvar |
                  _cons |   5.183641   .0762418    67.99   0.000      5.03421    5.333072
------------------------+----------------------------------------------------------------
endline_inference_mean  |
                  treat |  -10.39802   1.051471    -9.89   0.000    -12.45887   -8.337174
               private_ |   3.251311   .9539469     3.41   0.001     1.381609    5.121012
             guesses_b_ |   .1050282   .0264879     3.97   0.000     .0531129    .1569436
                        |
               topic_id |
         death_penalty  |    .626567   1.119967     0.56   0.576    -1.568527    2.821662
         immunizations  |   13.34061   1.129936    11.81   0.000     11.12597    15.55524
        rename_schools  |   24.93465   1.192277    20.91   0.000     22.59784    27.27147
                        |
                 gender |
                     2  |   .4030432   1.297637     0.31   0.756    -2.140279    2.946366
                     4  |   19.22448   3.223013     5.96   0.000     12.90749    25.54147
                     5  |   1.589038   1.871785     0.85   0.396    -2.079593     5.25767
                     6  |   2.562993   2.853195     0.90   0.369    -3.029166    8.155151
                        |
                   race |
                     3  |  -2.755738   3.075364    -0.90   0.370    -8.783341    3.271865
                     4  |  -.3294383   1.362065    -0.24   0.809    -2.999037     2.34016
                     6  |   .0835416   1.271579     0.07   0.948    -2.408708    2.575791
                     7  |   1.549525   2.297679     0.67   0.500    -2.953843    6.052893
                        |
                   year |
                     2  |  -.7817806   1.875631    -0.42   0.677    -4.457949    2.894388
                     3  |   -.302966   1.640506    -0.18   0.853    -3.518299    2.912367
                     4  |   2.968553   1.490883     1.99   0.046     .0464767     5.89063
                     5  |   2.197562   1.846763     1.19   0.234    -1.422027    5.817152
                     6  |   1.483237   2.488774     0.60   0.551    -3.394671    6.361145
                        |
               ideology |
                     2  |   .5002598   1.292488     0.39   0.699     -2.03297     3.03349
                     3  |  -1.600055   1.620553    -0.99   0.323    -4.776281    1.576171
                     4  |  -.4895934   1.898488    -0.26   0.796    -4.210561    3.231374
                     5  |   -.991429   2.380611    -0.42   0.677    -5.657341    3.674483
                     6  |  -3.272124   2.955146    -1.11   0.268    -9.064105    2.519857
                     9  |   1.574251   2.284725     0.69   0.491    -2.903729     6.05223
                        |
                  major |
                     2  |   3.417103   2.931858     1.17   0.244    -2.329233    9.163439
                     7  |  -6.300202   4.090503    -1.54   0.124    -14.31744    1.717037
                     9  |   3.419128   3.022685     1.13   0.258    -2.505224    9.343481
                    10  |   .9870317   3.142677     0.31   0.753    -5.172501    7.146565
                    11  |   2.688369   3.055141     0.88   0.379    -3.299596    8.676335
                    13  |   2.946863   2.890678     1.02   0.308    -2.718761    8.612488
                    15  |  -2.590658   3.056165    -0.85   0.397    -8.580633    3.399316
                        |
              moderator |
                     2  |   2.565841   1.217344     2.11   0.035     .1798914    4.951791
                     3  |   4.905977   1.424957     3.44   0.001     2.113114    7.698841
                        |
                   week |
                     1  |   6.536814   1.503743     4.35   0.000     3.589531    9.484098
                     2  |   5.524754   1.710528     3.23   0.001     2.172181    8.877327
                     3  |   4.767085   1.513129     3.15   0.002     1.801406    7.732764
                     4  |   5.832985   1.561392     3.74   0.000     2.772713    8.893258
                        |
             group_size |   .2561487   .4960881     0.52   0.606    -.7161661    1.228464
         2.session_time |   -.348649   1.022784    -0.34   0.733    -2.353269    1.655971
                  _cons |   40.08498     6.0199     6.66   0.000     28.28619    51.88376
------------------------+----------------------------------------------------------------
endline_inference_lnvar |
                  _cons |   5.404436   .0560484    96.42   0.000     5.294583    5.514289
-----------------------------------------------------------------------------------------

. ereturn list

scalars:
                  e(N) =  1325
            e(N_clust) =  333
               e(rank) =  76

macros:
                e(cmd) : "suest"
           e(eqnames1) : "mean lnvar"
           e(eqnames2) : "mean lnvar"
              e(names) : "midline_inference endline_inference"
            e(vcetype) : "Robust"
                e(vce) : "cluster"
           e(clustvar) : "survey_id"
         e(properties) : "b V"

matrices:
                  e(b) :  1 x 91
                  e(V) :  91 x 91

functions:
             e(sample)   

.  di "`e(names)'"
midline_inference endline_inference

.  test [midline_inference_mean]treat = [endline_inference_mean]treat

 ( 1)  [midline_inference_mean]treat - [endline_inference_mean]treat = 0

           chi2(  1) =    8.26
         Prob > chi2 =    0.0040

.  
.  
. 
end of do-file

. do "$code/Table 3.do"

. ******* Expression ********
. use "$data/TC_cleaned.dta", clear
(TC_cleaned -- de-identified 21 Aug 2026)

. 
. 
. foreach var in rename_schools affirmative_action death_penalty immunizations daylight_saving{
  2.         replace e_`var' = 9 if e_`var' == .
  3.         gen e_d_`var' = 0 
  4.         replace e_d_`var' = 1 if e_`var' != 9 & e_`var' == private_`var' 
  5.         }
(225 real changes made)
(96 real changes made)
(258 real changes made)
(66 real changes made)
(182 real changes made)
(143 real changes made)
(189 real changes made)
(139 real changes made)
(216 real changes made)
(112 real changes made)

. 
. preserve

. keep if treat == 0 
(167 observations deleted)

. tab e_rename_schools private_rename_schools

e_rename_s |         Q3.1
    chools |         0          1 |     Total
-----------+----------------------+----------
         0 |        17          1 |        18 
         1 |         4         25 |        29 
         9 |        77         41 |       118 
-----------+----------------------+----------
     Total |        98         67 |       165 

. tab e_immunizations private_immunizations

e_immuniza |         Q18.1
     tions |         0          1 |     Total
-----------+----------------------+----------
         0 |         6          1 |         7 
         1 |         1         58 |        59 
         9 |        21         78 |        99 
-----------+----------------------+----------
     Total |        28        137 |       165 

. tab e_death_penalty private_death_penalty

e_death_pe |         Q14.1
     nalty |         0          1 |     Total
-----------+----------------------+----------
         0 |        11          1 |        12 
         1 |         3         55 |        58 
         9 |        44         52 |        96 
-----------+----------------------+----------
     Total |        58        108 |       166 

. tab e_affirmative_action private_affirmative_action

e_affirmat |         Q5.1
ive_action |         0          1 |     Total
-----------+----------------------+----------
         0 |        11          0 |        11 
         1 |         2         19 |        21 
         9 |        78         55 |       133 
-----------+----------------------+----------
     Total |        91         74 |       165 

. tab e_daylight_saving private_daylight_saving

e_daylight |         Q10.1
   _saving |         0          1 |     Total
-----------+----------------------+----------
         0 |        15          1 |        16 
         1 |         1         43 |        44 
         9 |        34         72 |       106 
-----------+----------------------+----------
     Total |        50        116 |       166 

. restore

. 
. preserve

. keep if treat == 1
(166 observations deleted)

. tab e_rename_schools private_rename_schools

e_rename_s |         Q3.1
    chools |         0          1 |     Total
-----------+----------------------+----------
         0 |        36          1 |        37 
         1 |         4         18 |        22 
         9 |        62         44 |       106 
-----------+----------------------+----------
     Total |       102         63 |       165 

. tab e_immunizations private_immunizations

e_immuniza |         Q18.1
     tions |         0          1 |     Total
-----------+----------------------+----------
         0 |        12          1 |        13 
         1 |         2         63 |        65 
         9 |        18         71 |        89 
-----------+----------------------+----------
     Total |        32        135 |       167 

. tab e_death_penalty private_death_penalty

e_death_pe |         Q14.1
     nalty |         0          1 |     Total
-----------+----------------------+----------
         0 |        24          2 |        26 
         1 |         1         53 |        54 
         9 |        39         47 |        86 
-----------+----------------------+----------
     Total |        64        102 |       166 

. tab e_affirmative_action private_affirmative_action

e_affirmat |         Q5.1
ive_action |         0          1 |     Total
-----------+----------------------+----------
         0 |        20          4 |        24 
         1 |         3         16 |        19 
         9 |        60         63 |       123 
-----------+----------------------+----------
     Total |        83         83 |       166 

. tab e_daylight_saving private_daylight_saving

e_daylight |         Q10.1
   _saving |         0          1 |     Total
-----------+----------------------+----------
         0 |        16          1 |        17 
         1 |         2         38 |        40 
         9 |        45         65 |       110 
-----------+----------------------+----------
     Total |        63        104 |       167 

. restore

. 
.          keep private_rename_schools private_immunizations private_death_penalty private_affirmative
> _action ///
>          guesses_rename_schools guesses_immunizations guesses_death_penalty guesses_affirmative_acti
> on ///
>          guesses_m_rename_schools guesses_m_immunizations guesses_m_death_penalty guesses_m_affirmat
> ive_action ///
>          e_d_rename_schools e_d_immunizations e_d_death_penalty e_d_affirmative_action ///
>          treat gender race year major ideology survey_id zoom_id group_size session_time moderator w
> eek

. 
. reshape long private_ guesses_ guesses_m_ e_d_, i(survey_id) j(topic) string
(j = affirmative_action death_penalty immunizations rename_schools)

Data                               Wide   ->   Long
-----------------------------------------------------------------------------
Number of observations              333   ->   1,332       
Number of variables                  28   ->   17          
j variable (4 values)                     ->   topic
xij variables:
private_affirmative_action private_death_penalty ... private_rename_schools->private_
guesses_affirmative_action guesses_death_penalty ... guesses_rename_schools->guesses_
guesses_m_affirmative_action guesses_m_death_penalty ... guesses_m_rename_schools->guesses_m_
e_d_affirmative_action e_d_death_penalty ... e_d_rename_schools->e_d_
-----------------------------------------------------------------------------

. 
. 
. * Table 3 Panel A: Public Expression by Second Movers, Those who Privately Disagree
. 
. gen private_norm = 0 

. replace private_norm = 1 if private_ == 1
(769 real changes made)

. 
. gen guesses_norm = .  
(1,332 missing values generated)

. replace guesses_norm = guesses_ 
(1,332 real changes made)

. 
. rename e_d_ express_d 

. encode topic, generate(topic_id)

. 
. local ind_controls i.gender i.race year i.ideology i.major

. local session_controls group_size i.session_time i.moderator i.week

. 
. label var treat "Treat"

. 
. eststo clear

. 
. reg express_d treat i.topic_id if private_ == 0, cluster(zoom_id)

Linear regression                               Number of obs     =        556
                                                F(4, 35)          =       9.71
                                                Prob > F          =     0.0000
                                                R-squared         =     0.0466
                                                Root MSE          =     .42266

                                  (Std. err. adjusted for 36 clusters in zoom_id)
---------------------------------------------------------------------------------
                |               Robust
      express_d | Coefficient  std. err.      t    P>|t|     [95% conf. interval]
----------------+----------------------------------------------------------------
          treat |   .1601612    .032024     5.00   0.000      .095149    .2251735
                |
       topic_id |
 death_penalty  |   .1011041   .0284323     3.56   0.001     .0433834    .1588247
 immunizations  |   .1128185   .0661519     1.71   0.097    -.0214771    .2471141
rename_schools  |   .0815556   .0302316     2.70   0.011     .0201822     .142929
                |
          _cons |   .1017622   .0258687     3.93   0.000      .049246    .1542784
---------------------------------------------------------------------------------

.         eststo
(est1 stored)

.         qui sum express_d if treat == 0 & private_ == 0

.         estadd scalar Cmean = r(mean)

added scalar:
              e(Cmean) =  .16363636

.         estadd scalar Csd = r(sd)

added scalar:
                e(Csd) =  .37061974

.         distinct(survey_id) if private_ == 0 

           |        Observations
           |      total   distinct
-----------+----------------------
 survey_id |        556        278

.         estadd scalar ids = round(r(ndistinct),1)

added scalar:
                e(ids) =  278

. 
. reg express_d treat guesses_norm i.topic_id if private_ == 0, cluster(zoom_id)

Linear regression                               Number of obs     =        556
                                                F(5, 35)          =       8.02
                                                Prob > F          =     0.0000
                                                R-squared         =     0.0479
                                                Root MSE          =     .42276

                                  (Std. err. adjusted for 36 clusters in zoom_id)
---------------------------------------------------------------------------------
                |               Robust
      express_d | Coefficient  std. err.      t    P>|t|     [95% conf. interval]
----------------+----------------------------------------------------------------
          treat |   .1610889   .0319619     5.04   0.000     .0962028     .225975
   guesses_norm |   .0007425    .000833     0.89   0.379    -.0009487    .0024336
                |
       topic_id |
 death_penalty  |   .0929337   .0272568     3.41   0.002     .0375995    .1482679
 immunizations  |   .1026553   .0684449     1.50   0.143    -.0362952    .2416058
rename_schools  |   .0793186   .0295943     2.68   0.011      .019239    .1393983
                |
          _cons |   .0653492   .0545597     1.20   0.239    -.0454128    .1761113
---------------------------------------------------------------------------------

.         eststo
(est2 stored)

.         qui sum express_d if treat == 0 & private_ == 0

.         estadd scalar Cmean = r(mean)

added scalar:
              e(Cmean) =  .16363636

.         estadd scalar Csd = r(sd)

added scalar:
                e(Csd) =  .37061974

.         distinct(survey_id) if private_ == 0 

           |        Observations
           |      total   distinct
-----------+----------------------
 survey_id |        556        278

.         estadd scalar ids = round(r(ndistinct),1)

added scalar:
                e(ids) =  278

.         
. reg express_d treat guesses_norm i.topic_id `session_controls' if private_ == 0, cluster(zoom_id)

Linear regression                               Number of obs     =        556
                                                F(13, 35)         =       6.72
                                                Prob > F          =     0.0000
                                                R-squared         =     0.0921
                                                Root MSE          =     .41587

                                  (Std. err. adjusted for 36 clusters in zoom_id)
---------------------------------------------------------------------------------
                |               Robust
      express_d | Coefficient  std. err.      t    P>|t|     [95% conf. interval]
----------------+----------------------------------------------------------------
          treat |   .1675031   .0266396     6.29   0.000     .1134219    .2215843
   guesses_norm |   .0003073   .0008134     0.38   0.708     -.001344    .0019586
                |
       topic_id |
 death_penalty  |   .0980723   .0298015     3.29   0.002     .0375721    .1585725
 immunizations  |   .1042906   .0669473     1.56   0.128    -.0316196    .2402009
rename_schools  |   .0839786   .0314526     2.67   0.011     .0201265    .1478307
                |
     group_size |  -.0094586   .0174503    -0.54   0.591    -.0448846    .0259674
 2.session_time |   .0587583   .0262162     2.24   0.031     .0055365    .1119801
                |
      moderator |
             2  |  -.0438496   .0342213    -1.28   0.208    -.1133225    .0256233
             3  |   .0095598   .0287697     0.33   0.742    -.0488458    .0679653
                |
           week |
             1  |   .1396931   .0780017     1.79   0.082    -.0186587    .2980448
             2  |  -.0938629   .0690456    -1.36   0.183    -.2340329    .0463071
             3  |  -.0246826   .0621662    -0.40   0.694    -.1508867    .1015216
             4  |  -.0683277   .0679315    -1.01   0.321     -.206236    .0695807
                |
          _cons |   .1400466   .1886041     0.74   0.463    -.2428402    .5229333
---------------------------------------------------------------------------------

.         eststo
(est3 stored)

.         qui sum express_d if treat == 0 & private_ == 0

.         estadd scalar Cmean = r(mean)

added scalar:
              e(Cmean) =  .16363636

.         estadd scalar Csd = r(sd)

added scalar:
                e(Csd) =  .37061974

.         distinct(survey_id) if private_ == 0 

           |        Observations
           |      total   distinct
-----------+----------------------
 survey_id |        556        278

.         estadd scalar ids = round(r(ndistinct),1)

added scalar:
                e(ids) =  278

.         
. reg express_d treat guesses_norm i.topic_id `session_controls' `ind_controls' if private_ == 0, clus
> ter(zoom_id)

Linear regression                               Number of obs     =        556
                                                F(34, 35)         =          .
                                                Prob > F          =          .
                                                R-squared         =     0.1396
                                                Root MSE          =     .41331

                                  (Std. err. adjusted for 36 clusters in zoom_id)
---------------------------------------------------------------------------------
                |               Robust
      express_d | Coefficient  std. err.      t    P>|t|     [95% conf. interval]
----------------+----------------------------------------------------------------
          treat |   .1808544   .0309372     5.85   0.000     .1180484    .2436603
   guesses_norm |   .0006749   .0009596     0.70   0.487    -.0012733    .0026231
                |
       topic_id |
 death_penalty  |   .0956806   .0333765     2.87   0.007     .0279228    .1634384
 immunizations  |   .1088109   .0691377     1.57   0.125     -.031546    .2491678
rename_schools  |   .0875986   .0328584     2.67   0.012     .0208926    .1543047
                |
     group_size |  -.0135454   .0166614    -0.81   0.422    -.0473699     .020279
 2.session_time |   .0621794   .0283586     2.19   0.035     .0046083    .1197505
                |
      moderator |
             2  |   .0201342   .0350318     0.57   0.569    -.0509842    .0912526
             3  |  -.0024334   .0348157    -0.07   0.945    -.0731129    .0682462
                |
           week |
             1  |   .1511257   .0781141     1.93   0.061    -.0074544    .3097058
             2  |  -.1180108   .0660275    -1.79   0.083    -.2520537    .0160321
             3  |  -.0133649   .0641982    -0.21   0.836    -.1436942    .1169645
             4  |  -.0525294   .0660966    -0.79   0.432    -.1867126    .0816538
                |
         gender |
             2  |  -.0655635   .0422761    -1.55   0.130    -.1513885    .0202616
             4  |   -.224351   .0875249    -2.56   0.015     -.402036   -.0466659
             5  |   .1579966   .1230225     1.28   0.207    -.0917523    .4077456
             6  |  -.1593013   .1880596    -0.85   0.403    -.5410826      .22248
                |
           race |
             3  |   .0168628   .0828041     0.20   0.840    -.1512385    .1849641
             4  |   .0738063   .0685622     1.08   0.289    -.0653823     .212995
             6  |  -.0337781   .0410471    -0.82   0.416    -.1171082     .049552
             7  |   .1623025   .1001442     1.62   0.114    -.0410011    .3656061
                |
           year |  -.0040617   .0119553    -0.34   0.736    -.0283321    .0202088
                |
       ideology |
             2  |   .0201801   .0706428     0.29   0.777    -.1232325    .1635926
             3  |  -.0118763   .0702071    -0.17   0.867    -.1544044    .1306517
             4  |    .065656   .0890758     0.74   0.466    -.1151775    .2464895
             5  |  -.1157537   .1146594    -1.01   0.320    -.3485246    .1170173
             6  |  -.1092534   .1369356    -0.80   0.430    -.3872475    .1687406
             9  |   .0563351   .1037981     0.54   0.591    -.1543863    .2670565
                |
          major |
             2  |  -.0513956   .1057718    -0.49   0.630    -.2661237    .1633326
             7  |  -.2353744   .1444124    -1.63   0.112    -.5285472    .0577983
             9  |  -.1284743   .1278862    -1.00   0.322    -.3880972    .1311485
            10  |  -.0047273   .1142795    -0.04   0.967    -.2367269    .2272723
            11  |  -.0349202    .106606    -0.33   0.745    -.2513419    .1815014
            13  |  -.1342691     .11185    -1.20   0.238    -.3613367    .0927984
            15  |  -.1028204   .1195981    -0.86   0.396    -.3456175    .1399767
                |
          _cons |   .2357376   .2007294     1.17   0.248    -.1717648      .64324
---------------------------------------------------------------------------------

.         eststo
(est4 stored)

.         qui sum express_d if treat == 0 & private_ == 0

.         estadd scalar Cmean = r(mean)

added scalar:
              e(Cmean) =  .16363636

.         estadd scalar Csd = r(sd)

added scalar:
                e(Csd) =  .37061974

.         distinct(survey_id) if private_ == 0 

           |        Observations
           |      total   distinct
-----------+----------------------
 survey_id |        556        278

.         estadd scalar ids = round(r(ndistinct),1)

added scalar:
                e(ids) =  278

. 
. logit express_d treat guesses_norm i.topic_id `session_controls' `ind_controls' if private_ == 0, cl
> uster(zoom_id)

note: 4.gender != 0 predicts failure perfectly;
      4.gender omitted and 1 obs not used.

Iteration 0:  Log pseudolikelihood = -310.15868  
Iteration 1:  Log pseudolikelihood = -271.95225  
Iteration 2:  Log pseudolikelihood =  -270.0521  
Iteration 3:  Log pseudolikelihood = -270.04602  
Iteration 4:  Log pseudolikelihood = -270.04602  

Logistic regression                                     Number of obs =    555
                                                        Wald chi2(34) = 698.42
                                                        Prob > chi2   = 0.0000
Log pseudolikelihood = -270.04602                       Pseudo R2     = 0.1293

                                  (Std. err. adjusted for 36 clusters in zoom_id)
---------------------------------------------------------------------------------
                |               Robust
      express_d | Coefficient  std. err.      z    P>|z|     [95% conf. interval]
----------------+----------------------------------------------------------------
          treat |   1.177373   .2407134     4.89   0.000      .705583    1.649162
   guesses_norm |   .0043545    .005821     0.75   0.454    -.0070545    .0157636
                |
       topic_id |
 death_penalty  |    .611107   .2152286     2.84   0.005     .1892667    1.032947
 immunizations  |   .6884468   .4091839     1.68   0.092    -.1135388    1.490432
rename_schools  |   .5811897   .2232155     2.60   0.009     .1436952    1.018684
                |
     group_size |  -.0995454   .0988776    -1.01   0.314    -.2933419    .0942512
 2.session_time |   .3274178   .1844764     1.77   0.076    -.0341493    .6889849
                |
      moderator |
             2  |   .0118027   .2345148     0.05   0.960    -.4478379    .4714433
             3  |   -.027353   .2298492    -0.12   0.905    -.4778492    .4231432
                |
           week |
             1  |   .8887334   .4636044     1.92   0.055    -.0199145    1.797381
             2  |  -.8085769   .4112693    -1.97   0.049     -1.61465   -.0025039
             3  |   -.078761   .3824598    -0.21   0.837    -.8283684    .6708464
             4  |   -.361371   .3990966    -0.91   0.365    -1.143586     .420844
                |
         gender |
             2  |  -.3786839   .2467555    -1.53   0.125    -.8623157     .104948
             4  |          0  (empty)
             5  |   .8037646   .7321805     1.10   0.272    -.6312828    2.238812
             6  |  -.7746971   1.096027    -0.71   0.480    -2.922871    1.373476
                |
           race |
             3  |  -.3318108   .8076415    -0.41   0.681    -1.914759    1.251138
             4  |   .4601208     .41857     1.10   0.272    -.3602614    1.280503
             6  |  -.2133853   .2660631    -0.80   0.423    -.7348593    .3080887
             7  |   .7472883   .5323509     1.40   0.160    -.2961002    1.790677
                |
           year |  -.0152995   .0706112    -0.22   0.828    -.1536949    .1230959
                |
       ideology |
             2  |   .0830747   .4708808     0.18   0.860    -.8398348    1.005984
             3  |  -.1319193   .4788863    -0.28   0.783    -1.070519    .8066805
             4  |   .3024165   .5747603     0.53   0.599    -.8240929    1.428926
             5  |  -.7360778    .910018    -0.81   0.419     -2.51968    1.047525
             6  |  -.6091742   .8657498    -0.70   0.482    -2.306013    1.087664
             9  |   .2662957   .7039012     0.38   0.705    -1.113325    1.645917
                |
          major |
             2  |  -.4259132   .6763601    -0.63   0.529    -1.751555    .8997282
             7  |  -1.578863   .9444325    -1.67   0.095    -3.429917    .2721902
             9  |  -.9847822    .889195    -1.11   0.268    -2.727572    .7580079
            10  |  -.0872492   .7030011    -0.12   0.901    -1.465106    1.290608
            11  |  -.3896644   .6645276    -0.59   0.558    -1.692115    .9127857
            13  |    -1.0011   .7253697    -1.38   0.168    -2.422799    .4205981
            15  |  -.8028519    .808439    -0.99   0.321    -2.387363    .7816594
                |
          _cons |   -1.04575   1.161849    -0.90   0.368    -3.322932    1.231432
---------------------------------------------------------------------------------

.         margins, dydx(*) post

Average marginal effects                                   Number of obs = 555
Model VCE: Robust

Expression: Pr(express_d), predict()
dy/dx wrt:  treat guesses_norm 2.topic_id 3.topic_id 4.topic_id group_size 2.session_time
            2.moderator 3.moderator 1.week 2.week 3.week 4.week 2.gender 4.gender 5.gender 6.gender
            3.race 4.race 6.race 7.race year 2.ideology 3.ideology 4.ideology 5.ideology 6.ideology
            9.ideology 2.major 7.major 9.major 10.major 11.major 13.major 15.major

---------------------------------------------------------------------------------
                |            Delta-method
                |      dy/dx   std. err.      z    P>|z|     [95% conf. interval]
----------------+----------------------------------------------------------------
          treat |   .1867944   .0341988     5.46   0.000      .119766    .2538228
   guesses_norm |   .0006909   .0009146     0.76   0.450    -.0011017    .0024834
                |
       topic_id |
 death_penalty  |   .0925713   .0320555     2.89   0.004     .0297436    .1553989
 immunizations  |   .1060244   .0698559     1.52   0.129    -.0308906    .2429395
rename_schools  |   .0874661   .0342289     2.56   0.011     .0203787    .1545536
                |
     group_size |  -.0157932   .0157479    -1.00   0.316    -.0466585    .0150721
 2.session_time |    .052133   .0287687     1.81   0.070    -.0042526    .1085186
                |
      moderator |
             2  |   .0018806   .0373958     0.05   0.960    -.0714138     .075175
             3  |  -.0043242   .0362793    -0.12   0.905    -.0754303    .0667818
                |
           week |
             1  |   .1652448   .0785425     2.10   0.035     .0113043    .3191854
             2  |  -.1060314   .0610851    -1.74   0.083     -.225756    .0136932
             3  |  -.0123434   .0608414    -0.20   0.839    -.1315905    .1069036
             4  |  -.0530586   .0620077    -0.86   0.392    -.1745914    .0684742
                |
         gender |
             2  |  -.0619848   .0412857    -1.50   0.133    -.1429033    .0189338
             4  |          .  (not estimable)
             5  |    .156191   .1511035     1.03   0.301    -.1399664    .4523483
             6  |  -.1166657   .1348807    -0.86   0.387    -.3810271    .1476956
                |
           race |
             3  |  -.0483082   .1089223    -0.44   0.657     -.261792    .1651756
             4  |   .0785873   .0759461     1.03   0.301    -.0702644     .227439
             6  |  -.0319119   .0386132    -0.83   0.409    -.1075925    .0437687
             7  |   .1334245   .1026532     1.30   0.194    -.0677721    .3346211
                |
           year |  -.0024273    .011235    -0.22   0.829    -.0244475    .0195929
                |
       ideology |
             2  |   .0134094   .0752316     0.18   0.859    -.1340418    .1608606
             3  |  -.0203908   .0749864    -0.27   0.786    -.1673614    .1265798
             4  |   .0508245   .0942014     0.54   0.590    -.1338069    .2354559
             5  |  -.0991268   .1146529    -0.86   0.387    -.3238424    .1255889
             6  |  -.0845852   .1138408    -0.74   0.457    -.3077091    .1385387
             9  |   .0444702   .1178114     0.38   0.706    -.1864359    .2753763
                |
          major |
             2  |  -.0756688   .1245725    -0.61   0.544    -.3198265    .1684889
             7  |  -.2244569   .1336379    -1.68   0.093    -.4863823    .0374685
             9  |  -.1584354    .141336    -1.12   0.262    -.4354489    .1185781
            10  |  -.0162779   .1320612    -0.12   0.902    -.2751131    .2425573
            11  |  -.0696232   .1229207    -0.57   0.571    -.3105434    .1712971
            13  |  -.1605486   .1277986    -1.26   0.209    -.4110293    .0899322
            15  |  -.1336993   .1369185    -0.98   0.329    -.4020547    .1346562
---------------------------------------------------------------------------------
Note: dy/dx for factor levels is the discrete change from the base level.

.         eststo
(est5 stored)

.         qui sum express_d if treat == 0 & private_ == 0

.         estadd scalar Cmean = r(mean)

added scalar:
              e(Cmean) =  .16363636

.         estadd scalar Csd = r(sd)

added scalar:
                e(Csd) =  .37061974

.         distinct(survey_id) if private_ == 0 

           |        Observations
           |      total   distinct
-----------+----------------------
 survey_id |        556        278

.         estadd scalar ids = round(r(ndistinct),1)

added scalar:
                e(ids) =  278

. 
. esttab using "$output/ols_expression_minority_tc.tex", ///
> se lab stats(Cmean Csd ids N,labels("Mean" "SD" "IDs" "Obs")) keep(treat) star( * 0.1 ** 0.05 *** 0.
> 01) ///
> varwidth(32) wrap compress nogap noconstant replace ///
> title("TC_expression") //indicate("Individual Controls =  gender")
(file /Users/yihong/Desktop/Silence Replicate Final/Output/ols_expression_minority_tc.tex not found)
(output written to /Users/yihong/Desktop/Silence Replicate Final/Output/ols_expression_minority_tc.tex
> )

. 
. * Table 3 Panel B: Public Expression by Second Movers, Those who Privately Agree
. eststo clear

. 
. reg express_d treat i.topic_id if private_ == 1, cluster(zoom_id)

Linear regression                               Number of obs     =        769
                                                F(4, 35)          =      12.83
                                                Prob > F          =     0.0000
                                                R-squared         =     0.0480
                                                Root MSE          =      .4794

                                  (Std. err. adjusted for 36 clusters in zoom_id)
---------------------------------------------------------------------------------
                |               Robust
      express_d | Coefficient  std. err.      t    P>|t|     [95% conf. interval]
----------------+----------------------------------------------------------------
          treat |  -.0096537     .04157    -0.23   0.818    -.0940453    .0747378
                |
       topic_id |
 death_penalty  |   .2909412   .0445382     6.53   0.000     .2005239    .3813585
 immunizations  |   .2216108   .0394698     5.61   0.000     .1414828    .3017388
rename_schools  |   .1074141   .0487502     2.20   0.034     .0084459    .2063823
                |
          _cons |   .2280335   .0388215     5.87   0.000     .1492217    .3068453
---------------------------------------------------------------------------------

.         eststo
(est1 stored)

.         qui sum express_d if treat == 0 & private_ == 1

.         estadd scalar Cmean = r(mean)

added scalar:
              e(Cmean) =  .40673575

.         estadd scalar Csd = r(sd)

added scalar:
                e(Csd) =  .49186232

.         distinct(survey_id) if private_ == 1 

           |        Observations
           |      total   distinct
-----------+----------------------
 survey_id |        769        315

.         estadd scalar ids = round(r(ndistinct),1)

added scalar:
                e(ids) =  315

. 
. reg express_d treat guesses_norm i.topic_id if private_ == 1, cluster(zoom_id)

Linear regression                               Number of obs     =        769
                                                F(5, 35)          =      10.65
                                                Prob > F          =     0.0000
                                                R-squared         =     0.0509
                                                Root MSE          =     .47899

                                  (Std. err. adjusted for 36 clusters in zoom_id)
---------------------------------------------------------------------------------
                |               Robust
      express_d | Coefficient  std. err.      t    P>|t|     [95% conf. interval]
----------------+----------------------------------------------------------------
          treat |  -.0113747   .0415045    -0.27   0.786    -.0956333    .0728839
   guesses_norm |    .001501   .0012432     1.21   0.235    -.0010229    .0040248
                |
       topic_id |
 death_penalty  |   .2675703   .0504535     5.30   0.000     .1651443    .3699963
 immunizations  |   .1896686   .0458562     4.14   0.000     .0965755    .2827617
rename_schools  |   .0999286    .047344     2.11   0.042     .0038152    .1960421
                |
          _cons |   .1426238   .0796411     1.79   0.082    -.0190563    .3043039
---------------------------------------------------------------------------------

.         eststo
(est2 stored)

.         qui sum express_d if treat == 0 & private_ == 1

.         estadd scalar Cmean = r(mean)

added scalar:
              e(Cmean) =  .40673575

.         estadd scalar Csd = r(sd)

added scalar:
                e(Csd) =  .49186232

.         distinct(survey_id) if private_ == 1 

           |        Observations
           |      total   distinct
-----------+----------------------
 survey_id |        769        315

.         estadd scalar ids = round(r(ndistinct),1)

added scalar:
                e(ids) =  315

. 
. reg express_d treat guesses_norm i.topic_id `session_controls' if private_ == 1, cluster(zoom_id)

Linear regression                               Number of obs     =        769
                                                F(13, 35)         =       8.16
                                                Prob > F          =     0.0000
                                                R-squared         =     0.0825
                                                Root MSE          =     .47343

                                  (Std. err. adjusted for 36 clusters in zoom_id)
---------------------------------------------------------------------------------
                |               Robust
      express_d | Coefficient  std. err.      t    P>|t|     [95% conf. interval]
----------------+----------------------------------------------------------------
          treat |  -.0105394   .0402618    -0.26   0.795    -.0922753    .0711965
   guesses_norm |   .0011495   .0012764     0.90   0.374    -.0014417    .0037407
                |
       topic_id |
 death_penalty  |   .2688533    .051508     5.22   0.000     .1642865    .3734201
 immunizations  |   .1940404   .0465974     4.16   0.000     .0994426    .2886383
rename_schools  |   .1070193   .0514262     2.08   0.045     .0026186      .21142
                |
     group_size |  -.0032062   .0201827    -0.16   0.875    -.0441794    .0377669
 2.session_time |     .04347   .0389646     1.12   0.272    -.0356323    .1225723
                |
      moderator |
             2  |  -.0467765   .0467722    -1.00   0.324    -.1417292    .0481762
             3  |   .0497385   .0551462     0.90   0.373    -.0622142    .1616911
                |
           week |
             1  |   .1850133   .0669459     2.76   0.009     .0491058    .3209208
             2  |   .0202611    .086205     0.24   0.816    -.1547444    .1952666
             3  |   .0127491   .0806212     0.16   0.875    -.1509206    .1764187
             4  |   .1569173   .0786504     2.00   0.054    -.0027515    .3165861
                |
          _cons |   .0828677   .2301121     0.36   0.721    -.3842846    .5500201
---------------------------------------------------------------------------------

.         eststo
(est3 stored)

.         qui sum express_d if treat == 0 & private_ == 1

.         estadd scalar Cmean = r(mean)

added scalar:
              e(Cmean) =  .40673575

.         estadd scalar Csd = r(sd)

added scalar:
                e(Csd) =  .49186232

.         distinct(survey_id) if private_ == 1 

           |        Observations
           |      total   distinct
-----------+----------------------
 survey_id |        769        315

.         estadd scalar ids = round(r(ndistinct),1)

added scalar:
                e(ids) =  315

. 
. reg express_d treat guesses_norm i.topic_id `session_controls' `ind_controls' if private_ == 1, clus
> ter(zoom_id)

Linear regression                               Number of obs     =        769
                                                F(34, 35)         =          .
                                                Prob > F          =          .
                                                R-squared         =     0.1241
                                                Root MSE          =     .46945

                                  (Std. err. adjusted for 36 clusters in zoom_id)
---------------------------------------------------------------------------------
                |               Robust
      express_d | Coefficient  std. err.      t    P>|t|     [95% conf. interval]
----------------+----------------------------------------------------------------
          treat |  -.0012208   .0381736    -0.03   0.975    -.0787174    .0762757
   guesses_norm |   .0011715   .0012823     0.91   0.367    -.0014316    .0037746
                |
       topic_id |
 death_penalty  |   .2905419   .0529944     5.48   0.000     .1829575    .3981262
 immunizations  |   .2155991   .0463058     4.66   0.000     .1215933     .309605
rename_schools  |   .1003908    .050817     1.98   0.056    -.0027732    .2035548
                |
     group_size |  -.0075527   .0195402    -0.39   0.701    -.0472215     .032116
 2.session_time |   .0501873   .0346686     1.45   0.157    -.0201937    .1205682
                |
      moderator |
             2  |  -.0525888   .0465292    -1.13   0.266    -.1470481    .0418704
             3  |    .052949   .0491513     1.08   0.289    -.0468334    .1527315
                |
           week |
             1  |   .1874028   .0562417     3.33   0.002     .0732262    .3015795
             2  |   .0018591   .0733504     0.03   0.980    -.1470501    .1507684
             3  |   .0046372   .0766618     0.06   0.952    -.1509946     .160269
             4  |   .1598994   .0709791     2.25   0.031     .0158041    .3039947
                |
         gender |
             2  |   .0045453   .0530725     0.09   0.932    -.1031975    .1122881
             4  |   .2971454   .1159988     2.56   0.015     .0616554    .5326354
             5  |    .111648    .114873     0.97   0.338    -.1215566    .3448525
             6  |  -.0714446   .2442186    -0.29   0.772    -.5672349    .4243456
                |
           race |
             3  |   .0371352   .1516559     0.24   0.808    -.2707428    .3450131
             4  |  -.0177412   .0409026    -0.43   0.667    -.1007779    .0652954
             6  |  -.0899421   .0474458    -1.90   0.066    -.1862621    .0063779
             7  |   .0154598   .1432791     0.11   0.915    -.2754122    .3063317
                |
           year |   .0030354   .0144423     0.21   0.835    -.0262841    .0323548
                |
       ideology |
             2  |   .0431336   .0574409     0.75   0.458    -.0734776    .1597448
             3  |  -.0865776   .0719941    -1.20   0.237    -.2327334    .0595782
             4  |  -.1142386   .0799187    -1.43   0.162    -.2764823     .048005
             5  |   .0055273   .1036242     0.05   0.958    -.2048409    .2158955
             6  |  -.1671632   .1515017    -1.10   0.277     -.474728    .1404017
             9  |  -.1379789   .0999827    -1.38   0.176    -.3409546    .0649968
                |
          major |
             2  |   .1042327   .1063118     0.98   0.334    -.1115917     .320057
             7  |    .025827   .1634085     0.16   0.875      -.30591     .357564
             9  |   .1986148   .1288411     1.54   0.132    -.0629465    .4601762
            10  |   .1521686    .114659     1.33   0.193    -.0806016    .3849388
            11  |  -.0335526   .0784373    -0.43   0.671    -.1927888    .1256836
            13  |   .1133142   .1078769     1.05   0.301    -.1056876     .332316
            15  |   .1078514   .1186743     0.91   0.370    -.1330702     .348773
                |
          _cons |   .0365359   .2514932     0.15   0.885    -.4740225    .5470944
---------------------------------------------------------------------------------

.         eststo
(est4 stored)

.         qui sum express_d if treat == 0 & private_ == 1

.         estadd scalar Cmean = r(mean)

added scalar:
              e(Cmean) =  .40673575

.         estadd scalar Csd = r(sd)

added scalar:
                e(Csd) =  .49186232

.         distinct(survey_id) if private_ == 1 

           |        Observations
           |      total   distinct
-----------+----------------------
 survey_id |        769        315

.         estadd scalar ids = round(r(ndistinct),1)

added scalar:
                e(ids) =  315

. 
. logit express_d treat guesses_norm i.topic_id `session_controls' `ind_controls' if private_ == 1, cl
> uster(zoom_id)

Iteration 0:  Log pseudolikelihood = -517.30172  
Iteration 1:  Log pseudolikelihood = -466.71278  
Iteration 2:  Log pseudolikelihood = -466.27184  
Iteration 3:  Log pseudolikelihood =  -466.2716  
Iteration 4:  Log pseudolikelihood =  -466.2716  

Logistic regression                                     Number of obs =    769
                                                        Wald chi2(34) =      .
                                                        Prob > chi2   =      .
Log pseudolikelihood = -466.2716                        Pseudo R2     = 0.0986

                                  (Std. err. adjusted for 36 clusters in zoom_id)
---------------------------------------------------------------------------------
                |               Robust
      express_d | Coefficient  std. err.      z    P>|z|     [95% conf. interval]
----------------+----------------------------------------------------------------
          treat |   .0000481   .1769303     0.00   1.000    -.3467288    .3468251
   guesses_norm |   .0055816   .0062229     0.90   0.370     -.006615    .0177782
                |
       topic_id |
 death_penalty  |    1.39865   .2630639     5.32   0.000     .8830542    1.914246
 immunizations  |   1.068768   .2420777     4.41   0.000     .5943039    1.543231
rename_schools  |   .5318627   .2678812     1.99   0.047     .0068252      1.0569
                |
     group_size |  -.0333581   .0927222    -0.36   0.719    -.2150903    .1483741
 2.session_time |   .2330147   .1646535     1.42   0.157    -.0897002    .5557296
                |
      moderator |
             2  |  -.2455046   .2155674    -1.14   0.255     -.668009    .1769998
             3  |   .2338315   .2296973     1.02   0.309    -.2163669      .68403
                |
           week |
             1  |   .9025455   .2908086     3.10   0.002     .3325711     1.47252
             2  |   .0363752   .3752991     0.10   0.923    -.6991974    .7719479
             3  |   .0779683   .3857227     0.20   0.840    -.6780343    .8339709
             4  |    .780044    .359628     2.17   0.030      .075186    1.484902
                |
         gender |
             2  |   .0284883     .24623     0.12   0.908    -.4541137    .5110902
             4  |   1.272033   .5292006     2.40   0.016     .2348185    2.309247
             5  |   .5112903   .5244328     0.97   0.330     -.516579     1.53916
             6  |  -.3415612   1.180275    -0.29   0.772    -2.654858    1.971735
                |
           race |
             3  |   .1867817   .7070422     0.26   0.792    -1.198996    1.572559
             4  |   -.100238   .1882798    -0.53   0.594    -.4692596    .2687836
             6  |  -.4256358   .2199293    -1.94   0.053    -.8566892    .0054176
             7  |   .0752713   .6711349     0.11   0.911    -1.240129    1.390672
                |
           year |   .0184357   .0670741     0.27   0.783    -.1130271    .1498984
                |
       ideology |
             2  |   .1939396   .2594665     0.75   0.455    -.3146054    .7024847
             3  |  -.4262104   .3358667    -1.27   0.204    -1.084497    .2320764
             4  |  -.5286104   .3714269    -1.42   0.155    -1.256594     .199373
             5  |  -.0409153   .4884683    -0.08   0.933    -.9982955     .916465
             6  |  -.7562044   .6643845    -1.14   0.255    -2.058374    .5459653
             9  |  -.6167213   .4542903    -1.36   0.175    -1.507114    .2736713
                |
          major |
             2  |   .6005618   .6134843     0.98   0.328    -.6018452    1.802969
             7  |   .1620403   .9071506     0.18   0.858    -1.615942    1.940023
             9  |   1.021538   .6971956     1.47   0.143    -.3449403    2.388016
            10  |   .8199596   .6427204     1.28   0.202    -.4397492    2.079668
            11  |  -.0857946   .4831668    -0.18   0.859    -1.032784    .8611949
            13  |   .6375479   .6275455     1.02   0.310    -.5924186    1.867514
            15  |   .5916116    .650278     0.91   0.363    -.6829098    1.866133
                |
          _cons |  -2.374332   1.299338    -1.83   0.068    -4.920988    .1723239
---------------------------------------------------------------------------------

.         margins, dydx(*) post

Average marginal effects                                   Number of obs = 769
Model VCE: Robust

Expression: Pr(express_d), predict()
dy/dx wrt:  treat guesses_norm 2.topic_id 3.topic_id 4.topic_id group_size 2.session_time
            2.moderator 3.moderator 1.week 2.week 3.week 4.week 2.gender 4.gender 5.gender 6.gender
            3.race 4.race 6.race 7.race year 2.ideology 3.ideology 4.ideology 5.ideology 6.ideology
            9.ideology 2.major 7.major 9.major 10.major 11.major 13.major 15.major

---------------------------------------------------------------------------------
                |            Delta-method
                |      dy/dx   std. err.      z    P>|z|     [95% conf. interval]
----------------+----------------------------------------------------------------
          treat |   .0000101   .0370868     0.00   1.000    -.0726788    .0726989
   guesses_norm |     .00117   .0013036     0.90   0.369    -.0013849    .0037249
                |
       topic_id |
 death_penalty  |   .2891709    .049467     5.85   0.000     .1922174    .3861244
 immunizations  |   .2141513    .043891     4.88   0.000     .1281264    .3001761
rename_schools  |   .0982405    .048468     2.03   0.043     .0032449    .1932361
                |
     group_size |  -.0069923    .019464    -0.36   0.719    -.0451411    .0311565
 2.session_time |   .0488709   .0344841     1.42   0.156    -.0187168    .1164585
                |
      moderator |
             2  |    -.05061   .0443119    -1.14   0.253    -.1374597    .0362397
             3  |   .0499843   .0490538     1.02   0.308    -.0461594     .146128
                |
           week |
             1  |   .1921152   .0574242     3.35   0.001     .0795658    .3046647
             2  |   .0070637    .072788     0.10   0.923    -.1355983    .1497256
             3  |    .015238   .0750567     0.20   0.839    -.1318705    .1623465
             4  |    .164809   .0723995     2.28   0.023     .0229086    .3067095
                |
         gender |
             2  |   .0059698   .0515499     0.12   0.908    -.0950662    .1070058
             4  |   .2704128    .105542     2.56   0.010     .0635543    .4772713
             5  |   .1100032   .1140936     0.96   0.335    -.1136161    .3336226
             6  |  -.0689194   .2281528    -0.30   0.763    -.5160908    .3782519
                |
           race |
             3  |   .0398889    .152023     0.26   0.793    -.2580708    .3378486
             4  |  -.0210815   .0394376    -0.53   0.593    -.0983778    .0562147
             6  |  -.0870345   .0432532    -2.01   0.044    -.1718093   -.0022598
             7  |   .0159968   .1431339     0.11   0.911    -.2645405    .2965342
                |
           year |   .0038643    .014034     0.28   0.783    -.0236418    .0313705
                |
       ideology |
             2  |   .0417842   .0557137     0.75   0.453    -.0674126     .150981
             3  |  -.0880539   .0693755    -1.27   0.204    -.2240273    .0479195
             4  |  -.1080185   .0745787    -1.45   0.148      -.25419     .038153
             5  |  -.0087202   .1039526    -0.08   0.933    -.2124635     .195023
             6  |  -.1502321    .122453    -1.23   0.220    -.3902356    .0897715
             9  |  -.1247322   .0885828    -1.41   0.159    -.2983513     .048887
                |
          major |
             2  |   .1216248   .1157568     1.05   0.293    -.1052542    .3485039
             7  |   .0309842   .1738193     0.18   0.859    -.3096954    .3716637
             9  |   .2139863    .138524     1.54   0.122    -.0575157    .4854883
            10  |   .1694596   .1225628     1.38   0.167    -.0707591    .4096782
            11  |  -.0157346   .0902896    -0.17   0.862     -.192699    .1612298
            13  |     .12961   .1191019     1.09   0.276    -.1038254    .3630454
            15  |   .1196985   .1251972     0.96   0.339    -.1256836    .3650806
---------------------------------------------------------------------------------
Note: dy/dx for factor levels is the discrete change from the base level.

.         eststo
(est5 stored)

.         qui sum express_d if treat == 0 & private_ == 1

.         estadd scalar Cmean = r(mean)

added scalar:
              e(Cmean) =  .40673575

.         estadd scalar Csd = r(sd)

added scalar:
                e(Csd) =  .49186232

.         distinct(survey_id) if private_ == 1 

           |        Observations
           |      total   distinct
-----------+----------------------
 survey_id |        769        315

.         estadd scalar ids = round(r(ndistinct),1)

added scalar:
                e(ids) =  315

. 
. esttab using "$output/ols_expression_majority_tc.tex", ///
> se lab stats(Cmean Csd ids N,labels("Mean" "SD" "IDs" "Obs")) keep(treat) star( * 0.1 ** 0.05 *** 0.
> 01) ///
> varwidth(32) wrap compress nogap noconstant replace ///
> title("TC_expression") //indicate("Individual Controls =  gender")
(file /Users/yihong/Desktop/Silence Replicate Final/Output/ols_expression_majority_tc.tex not found)
(output written to /Users/yihong/Desktop/Silence Replicate Final/Output/ols_expression_majority_tc.tex
> )

. 
end of do-file

. do "$code/Figure 4.do"

. 
. 
. * Figure 4: Perceived Popularity of Socially Appropriate View at Midline
. use "$data/TC_cleaned.dta", clear
(TC_cleaned -- de-identified 21 Aug 2026)

.         
. keep *rename_schools *affirmative_action *death_penalty *immunizations ///
>          treat e_* gender race year major ideology survey_id zoom_id moderator week group_size sessi
> on_time

.           
. foreach var in rename_schools affirmative_action death_penalty immunizations {
  2.         rename guesses_`var' guesses_b_`var'
  3. }

. 
. reshape long private_ guesses_b_ guesses_m_ guesses_e_ , i(survey_id) j(topic) string
(j = affirmative_action death_penalty immunizations rename_schools)

Data                               Wide   ->   Long
-----------------------------------------------------------------------------
Number of observations              333   ->   1,332       
Number of variables                  45   ->   34          
j variable (4 values)                     ->   topic
xij variables:
private_affirmative_action private_death_penalty ... private_rename_schools->private_
guesses_b_affirmative_action guesses_b_death_penalty ... guesses_b_rename_schools->guesses_b_
guesses_m_affirmative_action guesses_m_death_penalty ... guesses_m_rename_schools->guesses_m_
guesses_e_affirmative_action guesses_e_death_penalty ... guesses_e_rename_schools->guesses_e_
-----------------------------------------------------------------------------

. encode topic, generate(topic_id)

. replace topic_id = topic_id + 1 
(1,332 real changes made)

. replace topic_id = 1 if topic_id == 5 // adjust the order of topics
(333 real changes made)

. forval i = 1/4{
  2.         qui sum private_ if topic_id == `i'
  3.         local actual_`i' = round(r(mean)*100,0.01)
  4. }

. 
. local expressed_1 = round(7/12*100,0.01)

. local expressed_2 = round(7/12*100,0.01)

. local expressed_3 = round(9/13*100,0.01)

. local expressed_4 = round(11/12*100,0.01)

. 
. label define topic_label 1 "Renaming Schools" 2 "Affirmative Action" 3 "Death Penalty" 4 "Immunizati
> ons" 

. label values topic_id topic_label 

. 
. label define treat_label 0 "Control (A+D)" 1 "Treat (A+D+S)"

. label values treat treat_label

. 
. 
. distinct survey_id 

           |        Observations
           |      total   distinct
-----------+----------------------
 survey_id |       1332        333

. local n_total = r(ndistinct)

. 
. cibar guesses_m_, over(treat topic_id)  barlabel(on) blf(%9.1f)  blgap(-30) baropts(lcolor(none)) ba
> rcolor(cranberry%35 midblue%35) ciopts(lcolor(gs5)) ///
> graphopts(legend(position(0) bplacement(nwest)) ylabel(0(10)100, nogrid) xlab(, nogrid labsize(small
> ))  ytitle("Perceived %Agree") title("Perceived %Agree,  by Topic") subtitle("N = `n_total'")  ///
> graphregion(color(white))  ///
> ttext(`actual_1' 1.5 "------------------", color(green)) ///
> ttext(`actual_2' 4.16 "------------------", color(green)) ///
> ttext(`actual_3' 6.84 "-------------------", color(green)) ///
> ttext(`actual_4' 9.52 "------------------", color(green)) ///
> ttext(`expressed_1' 1.5 "------------------", color(gs9)) ///
> ttext(`expressed_2' 4.16 "------------------", color(gs9)) ///
> ttext(`expressed_3' 6.84 "------------------", color(gs9))  ///
> ttext(`expressed_4' 9.51 "------------------", color(gs9)) ///
> ttext(86.2 1 "-----  Actual", color(green)) ///
> ttext(81.5 1.7 "-----  Expressed (FM)", color(gs9))) 

. graph export "$output/inference_midline_2.png", replace
file /Users/yihong/Desktop/Silence Replicate Final/Output/inference_midline_2.png saved as PNG
    format

. 
. 
end of do-file

. do "$code/Figure 5.do"

. * Figure 5: Perceived %Agree Over Time
. 
. use "$data/TC_cleaned.dta", clear
(TC_cleaned -- de-identified 21 Aug 2026)

. 
. 
. local label_rename_schools "Renaming Schools"

. local label_affirmative_action "Affirmative Action"

. local label_death_penalty "Death Penalty"

. local label_immunizations "Immunizations"

. local label_daylight_saving "Daylight Saving Time"

. 
. distinct survey_id if treat == 0 

           |        Observations
           |      total   distinct
-----------+----------------------
 survey_id |        166        166

. local n_c = r(ndistinct)

.         
. distinct survey_id if treat == 1

           |        Observations
           |      total   distinct
-----------+----------------------
 survey_id |        167        167

. local n_t = r(ndistinct)

. 
. distinct survey_id 

           |        Observations
           |      total   distinct
-----------+----------------------
 survey_id |        333        333

. 
. local n_total = r(ndistinct)

. 
. 
. foreach var in rename_schools affirmative_action death_penalty immunizations daylight_saving{
  2.         preserve
  3.         sum private_`var'
  4.         local actual_mean = string(r(mean)*100,"%8.2f")
  5. 
. keep survey_id guesses*`var' treat
  6. rename guesses_`var' guesses_1 
  7. rename guesses_m_`var' guesses_2
  8. rename guesses_e_`var' guesses_3
  9. 
. reshape long guesses_, i(survey_id) j(round)
 10. sum guesses_ if round == 1
 11. local baseline = string(r(mean),"%8.2f")
 12. 
. *ttest guesses_, by(round) if round == 1 | round == 3
.  
. collapse (mean) mean_p = guesses_ (sd) sd_p=guesses_, by(round treat)
 13.         
.         gen p_lb_c= mean_p - 1.96*sd_p/sqrt(`n_c')
 14.         gen p_ub_c= mean_p + 1.96*sd_p/sqrt(`n_c')
 15. 
.         gen p_lb_t= mean_p - 1.96*sd_p/sqrt(`n_t')
 16.         gen p_ub_t= mean_p + 1.96*sd_p/sqrt(`n_t')
 17. 
.         twoway (connected mean_p round if treat == 0, mcolor(red) lcolor(red) msymbol(circle)) (rcap
>  p_lb_c p_ub_c round if treat == 0, mcolor(red) lcolor(red)) ///
>         (connected mean_p round if treat == 1, mcolor(blue) msymbol(triangle) lcolor(blue) lpattern(
> solid)) (rcap p_lb_t p_ub_t round if treat == 1, mcolor(blue) lcolor(blue)), ///
>         ytitle("`label_`var'', % Agree") xtitle(Round) ylabel(30(20)90) xscale(range(0.9 3.1)) xlabe
> l(1 "Baseline" 2 "Midline" 3 "Endline") ///
>         yline(`actual_mean', lcolor(green) lpattern(dash)) ttext(`actual_mean' 2.8 "Private: `actual
> _mean'%") ///
>         yline(`baseline', lcolor(orange) lpattern(dash)) ttext(`baseline' 2.3 "Baseline: `baseline'%
> ") ///
>         title("Perceived  % Agree, `label_`var''") subtitle("N = `n_total'") graphregion(fcolor(whit
> e)) legend(order(1 "Control (A+D)" 3 "Treat (A+D+S)") position(6) rows(1)) aspectratio(0.5) graphreg
> ion(margin(1 1 1 1)) plotregion(margin(0 0 0 0))
 18.         graph export "$output/inference_`var'.png", replace     
 19. restore
 20. 
. }

    Variable |        Obs        Mean    Std. dev.       Min        Max
-------------+---------------------------------------------------------
private_re~s |        330    .3939394    .4893637          0          1
(j = 1 2 3)

Data                               Wide   ->   Long
-----------------------------------------------------------------------------
Number of observations              333   ->   999         
Number of variables                   5   ->   4           
j variable (3 values)                     ->   round
xij variables:
          guesses_1 guesses_2 guesses_3   ->   guesses_
-----------------------------------------------------------------------------

    Variable |        Obs        Mean    Std. dev.       Min        Max
-------------+---------------------------------------------------------
    guesses_ |        333    55.72072    21.08767          0        100
file /Users/yihong/Desktop/Silence Replicate Final/Output/inference_rename_schools.png saved as PNG
    format

    Variable |        Obs        Mean    Std. dev.       Min        Max
-------------+---------------------------------------------------------
private_af~n |        331    .4743202    .5000961          0          1
(j = 1 2 3)

Data                               Wide   ->   Long
-----------------------------------------------------------------------------
Number of observations              333   ->   999         
Number of variables                   5   ->   4           
j variable (3 values)                     ->   round
xij variables:
          guesses_1 guesses_2 guesses_3   ->   guesses_
-----------------------------------------------------------------------------

    Variable |        Obs        Mean    Std. dev.       Min        Max
-------------+---------------------------------------------------------
    guesses_ |        333    52.82282    20.31147          0        100
file /Users/yihong/Desktop/Silence Replicate Final/Output/inference_affirmative_action.png saved as
    PNG format

    Variable |        Obs        Mean    Std. dev.       Min        Max
-------------+---------------------------------------------------------
private_de~y |        332    .6325301    .4828436          0          1
(j = 1 2 3)

Data                               Wide   ->   Long
-----------------------------------------------------------------------------
Number of observations              333   ->   999         
Number of variables                   5   ->   4           
j variable (3 values)                     ->   round
xij variables:
          guesses_1 guesses_2 guesses_3   ->   guesses_
-----------------------------------------------------------------------------

    Variable |        Obs        Mean    Std. dev.       Min        Max
-------------+---------------------------------------------------------
    guesses_ |        333    67.98048    19.50928         .5        100
file /Users/yihong/Desktop/Silence Replicate Final/Output/inference_death_penalty.png saved as PNG
    format

    Variable |        Obs        Mean    Std. dev.       Min        Max
-------------+---------------------------------------------------------
private_im~s |        332    .8192771    .3853692          0          1
(j = 1 2 3)

Data                               Wide   ->   Long
-----------------------------------------------------------------------------
Number of observations              333   ->   999         
Number of variables                   5   ->   4           
j variable (3 values)                     ->   round
xij variables:
          guesses_1 guesses_2 guesses_3   ->   guesses_
-----------------------------------------------------------------------------

    Variable |        Obs        Mean    Std. dev.       Min        Max
-------------+---------------------------------------------------------
    guesses_ |        333    75.66066     18.2386          0        100
file /Users/yihong/Desktop/Silence Replicate Final/Output/inference_immunizations.png saved as PNG
    format

    Variable |        Obs        Mean    Std. dev.       Min        Max
-------------+---------------------------------------------------------
private_da~g |        333    .6606607    .4741977          0          1
(j = 1 2 3)

Data                               Wide   ->   Long
-----------------------------------------------------------------------------
Number of observations              333   ->   999         
Number of variables                   5   ->   4           
j variable (3 values)                     ->   round
xij variables:
          guesses_1 guesses_2 guesses_3   ->   guesses_
-----------------------------------------------------------------------------

    Variable |        Obs        Mean    Std. dev.       Min        Max
-------------+---------------------------------------------------------
    guesses_ |        333    63.61261    24.92839          0        100
file /Users/yihong/Desktop/Silence Replicate Final/Output/inference_daylight_saving.png saved as PNG
    format

. 
end of do-file

. 
. *** Main Experiment: Appendix Tables
. do "$code/Table B1.do"

. *** Table B.1: Perceived Social Appropriateness of each Statement
. 
. use "$data/recruitment_baseline.dta", clear
(recruitment_baseline -- de-identified 22 Aug 2026)

. 
. *------------------------------------------------------------------------------
. * REVERSE-CODED ITEMS
. *
. * The appropriateness scale was presented in the opposite order in Qualtrics for
. * the statements listed below, so that for them 1 = "Very appropriate". They are
. * recoded here so that every item runs 1 = "Very inappropriate" through
. * 5 = "Very appropriate".
. *------------------------------------------------------------------------------
. 
. local reverse nv_crimes immunizations religion_employ trans_athletes

. 
. foreach v of local reverse {
  2.         qui replace norm_`v' = 6 - norm_`v'
  3. }

. 
. * Items shown in Table B.1, in the order they appear in the paper. The baseline
. * survey covered six further topics (cancel_culture, electoral_college,
. * gig_workers, islamic_religion, israel_pse, reparations_slavery) that are not
. * reported in the paper and are omitted here.
. 
. local var1  affirmative_action

. local var2  nv_crimes

. local var3  death_penalty

. local var4  daylight_saving

. local var5  imm_citizenship

. local var6  immunizations

. local var7  college_require

. local var8  religion_employ

. local var9  rename_schools

. local var10 trans_athletes

. 
. local lab1  "Affirmative Action"

. local lab2  "Criminalization"

. local lab3  "Death Penalty"

. local lab4  "DST (P)"

. local lab5  "Immigration"

. local lab6  "Immunizations"

. local lab7  "Job Requirements (P)"

. local lab8  "Religious Values"

. local lab9  "Renaming Schools"

. local lab10 "Transgender Athletes"

. 
. cap file close b1

. file open b1 using "$output/appropriateness_summary.tex", write replace
(file /Users/yihong/Desktop/Silence Replicate Final/Output/appropriateness_summary.tex not found)

. 
. file write b1 "\begin{tabular}{l*{6}c}\toprule " _n

. file write b1 "Topic & Very Inappropriate & Somewhat Inappropriate & Neutral & Somewhat Appropriate 
> & Very Appropriate \\" _n

. file write b1 "\midrule" _n

. 
. forval i = 1/10 {
  2. 
.         local v  "`var`i''"
  3.         local nm "`lab`i''"
  4. 
.         qui count if norm_`v' < .
  5.         local N = r(N)
  6. 
.         * row percentages, and the modal category (shown in bold, as in the paper)
.         local best = -1
  7.         forval k = 1/5 {
  8.                 qui count if norm_`v' == `k'
  9.                 local p`k' = 100*r(N)/`N'
 10.                 if (`p`k'' > `best') {
 11.                         local best = `p`k''
 12.                         local mode = `k'
 13.                 }
 14.         }
 15. 
.         file write b1 "`nm'"
 16.         forval k = 1/5 {
 17.                 if (`k' == `mode')  file write b1 " & \textbf{" %4.2f (`p`k'') "}"
 18.                 else                file write b1 " & " %4.2f (`p`k'')
 19.         }
 20.         file write b1 " \\" _n
 21. }

. 
. file write b1 "\bottomrule" _n

. file write b1 "\end{tabular}" _n

. file close b1

. 
. forval i = 1/10 {
  2.         local v "`var`i''"
  3.         di _n as txt "{bf:`lab`i''}"
  4.         tab norm_`v'
  5. }

Affirmative Action

      Q39.2 |      Freq.     Percent        Cum.
------------+-----------------------------------
          1 |          6        6.32        6.32
          2 |         22       23.16       29.47
          3 |         20       21.05       50.53
          4 |         36       37.89       88.42
          5 |         11       11.58      100.00
------------+-----------------------------------
      Total |         95      100.00

Criminalization

      Q49.2 |      Freq.     Percent        Cum.
------------+-----------------------------------
          1 |         11       11.58       11.58
          2 |         24       25.26       36.84
          3 |         23       24.21       61.05
          4 |         25       26.32       87.37
          5 |         12       12.63      100.00
------------+-----------------------------------
      Total |         95      100.00

Death Penalty

      Q48.2 |      Freq.     Percent        Cum.
------------+-----------------------------------
          1 |          2        2.11        2.11
          2 |         10       10.53       12.63
          3 |         11       11.58       24.21
          4 |         43       45.26       69.47
          5 |         29       30.53      100.00
------------+-----------------------------------
      Total |         95      100.00

DST (P)

      Q44.2 |      Freq.     Percent        Cum.
------------+-----------------------------------
          1 |          3        3.16        3.16
          2 |          6        6.32        9.47
          3 |         41       43.16       52.63
          4 |         14       14.74       67.37
          5 |         31       32.63      100.00
------------+-----------------------------------
      Total |         95      100.00

Immigration

      Q41.2 |      Freq.     Percent        Cum.
------------+-----------------------------------
          1 |          3        3.16        3.16
          2 |          5        5.26        8.42
          3 |          9        9.47       17.89
          4 |         49       51.58       69.47
          5 |         29       30.53      100.00
------------+-----------------------------------
      Total |         95      100.00

Immunizations

      Q52.2 |      Freq.     Percent        Cum.
------------+-----------------------------------
          1 |         12       12.63       12.63
          2 |         12       12.63       25.26
          3 |          9        9.47       34.74
          4 |         33       34.74       69.47
          5 |         29       30.53      100.00
------------+-----------------------------------
      Total |         95      100.00

Job Requirements (P)

      Q46.2 |      Freq.     Percent        Cum.
------------+-----------------------------------
          1 |          5        5.26        5.26
          2 |         18       18.95       24.21
          3 |         29       30.53       54.74
          4 |         34       35.79       90.53
          5 |          9        9.47      100.00
------------+-----------------------------------
      Total |         95      100.00

Religious Values

      Q42.2 |      Freq.     Percent        Cum.
------------+-----------------------------------
          1 |         14       14.74       14.74
          2 |         10       10.53       25.26
          3 |          7        7.37       32.63
          4 |         30       31.58       64.21
          5 |         34       35.79      100.00
------------+-----------------------------------
      Total |         95      100.00

Renaming Schools

      Q37.2 |      Freq.     Percent        Cum.
------------+-----------------------------------
          1 |          2        2.11        2.11
          2 |         16       16.84       18.95
          3 |         17       17.89       36.84
          4 |         47       49.47       86.32
          5 |         13       13.68      100.00
------------+-----------------------------------
      Total |         95      100.00

Transgender Athletes

      Q38.2 |      Freq.     Percent        Cum.
------------+-----------------------------------
          1 |          5        5.26        5.26
          2 |         10       10.53       15.79
          3 |          7        7.37       23.16
          4 |         34       35.79       58.95
          5 |         39       41.05      100.00
------------+-----------------------------------
      Total |         95      100.00

. 
end of do-file

. 
. do "$code/Figure B2.do"

. use "$data/recruit_baseline_roster_TC.dta", clear
(recruit_baseline_roster_TC -- de-identified 21 Aug 2026)

. 
. preserve

. collapse (mean) private*

. gen i = _n

. reshape long private_, i(i) j(topic) string
(j = affirmative_action criminalization death_penalty dst imm_citizenship immunizations job_require re
> ligion_employ rename_schools trans_athletes)

Data                               Wide   ->   Long
-----------------------------------------------------------------------------
Number of observations                1   ->   10          
Number of variables                  11   ->   3           
j variable (10 values)                    ->   topic
xij variables:
private_affirmative_action private_criminalization ... private_trans_athletes->private_
-----------------------------------------------------------------------------

. rename private_ private_mean

. save "$tempfile/private_mean_tc.dta", replace
file /Users/yihong/Desktop/Silence Replicate Final/Tempfiles/private_mean_tc.dta saved

. restore

. 
. foreach var in rename_schools trans_athletes affirmative_action imm_citizenship religion_employ dst 
> job_require  death_penalty criminalization immunizations  {
  2.         replace guesses_`var' = guesses_`var'/100 
  3. }
variable guesses_rename_schools was byte now float
(452 real changes made)
variable guesses_trans_athletes was byte now float
(452 real changes made)
variable guesses_affirmative_action was byte now float
(449 real changes made)
variable guesses_imm_citizenship was byte now float
(454 real changes made)
variable guesses_religion_employ was byte now float
(442 real changes made)
variable guesses_dst was byte now float
(358 real changes made)
variable guesses_job_require was byte now float
(357 real changes made)
(454 real changes made)
variable guesses_criminalization was byte now float
(358 real changes made)
variable guesses_immunizations was byte now float
(453 real changes made)

. 
. preserve

. collapse (mean) guesses*

. gen i = _n

. reshape long guesses_, i(i) j(topic) string
(j = affirmative_action criminalization death_penalty dst imm_citizenship immunizations job_require re
> ligion_employ rename_schools trans_athletes)
guesses_death_penalty:  1 value would be changed; not changed

Data                               Wide   ->   Long
-----------------------------------------------------------------------------
Number of observations                1   ->   10          
Number of variables                  11   ->   3           
j variable (10 values)                    ->   topic
xij variables:
guesses_affirmative_action guesses_criminalization ... guesses_trans_athletes->guesses_
-----------------------------------------------------------------------------

. rename guesses_ guesses_mean

. save "$tempfile/guesses_mean_tc.dta", replace
file /Users/yihong/Desktop/Silence Replicate Final/Tempfiles/guesses_mean_tc.dta saved

. restore

. 
. preserve

. collapse (sd) guesses*

. gen i = _n

. reshape long guesses_, i(i) j(topic) string
(j = affirmative_action criminalization death_penalty dst imm_citizenship immunizations job_require re
> ligion_employ rename_schools trans_athletes)
guesses_death_penalty:  1 value would be changed; not changed

Data                               Wide   ->   Long
-----------------------------------------------------------------------------
Number of observations                1   ->   10          
Number of variables                  11   ->   3           
j variable (10 values)                    ->   topic
xij variables:
guesses_affirmative_action guesses_criminalization ... guesses_trans_athletes->guesses_
-----------------------------------------------------------------------------

. rename guesses_ guesses_sd

. save "$tempfile/guesses_sd_tc.dta", replace
file /Users/yihong/Desktop/Silence Replicate Final/Tempfiles/guesses_sd_tc.dta saved

. restore

. 
. qui sum guesses_rename_schools

. local n = r(N)

. 
. use "$tempfile/private_mean_tc.dta", clear

. merge 1:1 topic using "$tempfile/guesses_mean_tc.dta"

    Result                      Number of obs
    -----------------------------------------
    Not matched                             0
    Matched                                10  (_merge==3)
    -----------------------------------------

. drop _merge

. merge 1:1 topic using "$tempfile/guesses_sd_tc.dta"

    Result                      Number of obs
    -----------------------------------------
    Not matched                             0
    Matched                                10  (_merge==3)
    -----------------------------------------

. drop _merge

. 
. drop i

. gen topic_id = _n 

. gen guesses_ub = guesses_mean + 1.96*guesses_sd/sqrt(`n')

. gen guesses_lb = guesses_mean - 1.96*guesses_sd/sqrt(`n')

. gen misperception = abs(guesses_mean - private_mean)

. save "$tempfile/private_guesses_tc.dta", replace
file /Users/yihong/Desktop/Silence Replicate Final/Tempfiles/private_guesses_tc.dta saved

. 
. set scheme s1mono // black and white

. 
. twoway (scatter topic_id private_mean, mcolor(green)) /// dot for actual %agree
>            (scatter topic_id guesses_mean, mcolor(orange)) /// dot for perceived %agree
>            (rcap guesses_lb guesses_ub topic_id, horizontal), /// confidence interval
>            legend(row(1) order(1 "Actual %Agree" 2 "Perceved %Agree")) /// 
>            ylabel(1 "Affirmative Action" 2 "Criminalization" 3 "Death Penalty" 4 "Daylight Saving"  
> 5 "Immigrants" 6 "Immunization" 7 "Job requirements" 8 "Religion Employ" 9 "Rename Schools" 10 "Tran
> s Athletes", angle(0) noticks) ///
>            title(Actual and Perceived %Agree) subtitle (N = `n') xtitle("Percent Agree") ytitle("") 
> ///
>            xlabel(0(0.2)1) xline(0.5, lcolor(black) lpattern(dot)) ysc(reverse) 

.            graph export "$output/private_perceived_TC.png", replace
file /Users/yihong/Desktop/Silence Replicate Final/Output/private_perceived_TC.png saved as PNG
    format

. 
end of do-file

. 
. do "$code/Table C2.do"

. use "$data/TC_first_movers_merged.dta", clear
(TC_first_movers_merged -- de-identified 21 Aug 2026)

. 
. gen female = 0

. replace female = 1 if gender == 2
(269 real changes made)

. 
. gen asian = 0 

. replace asian = 1 if race == 2
(208 real changes made)

. 
. gen white = 0 

. replace white = 1 if race == 6
(81 real changes made)

. 
. local label_rename_schools "Rename Schools"

. local label_affirmative_action "Affirmative Actions"

. local label_death_penalty "Death Penalty"

. local label_immunizations "Immunizations"

. local label_daylight_saving "Daylight Saving Time"

. local label_religion_employ "Religion Employment"

. 
. gen first_movers = 0 

. replace first_movers = 1 if treat ==. 
(50 real changes made)

. 
. distinct survey_id if treat == . 

           |        Observations
           |      total   distinct
-----------+----------------------
 survey_id |         50         50

. local n_f = r(ndistinct)

. 
. distinct survey_id if treat == 0 

           |        Observations
           |      total   distinct
-----------+----------------------
 survey_id |        166        166

. local n_c = r(ndistinct)

.         
. distinct survey_id if treat == 1

           |        Observations
           |      total   distinct
-----------+----------------------
 survey_id |        167        167

. local n_t = r(ndistinct)

. 
. distinct survey_id 

           |        Observations
           |      total   distinct
-----------+----------------------
 survey_id |        383        383

. local n_total = r(ndistinct)

. 
. cap file close _all

. 
. file open myfile using "$output/summary_ftc.tex", write replace
(file /Users/yihong/Desktop/Silence Replicate Final/Output/summary_ftc.tex not found)

. file write myfile "\begin{tabular}{l*{6}c}"

. file write myfile "\toprule"

. file write myfile " & \textbf{Whole Sample} & \textbf{First Movers} & \textbf{Control}  & \textbf{Tr
> eatment} & \textbf{P Value: } & \textbf{P Value} \\"

. 
. file write myfile " & (N = `n_total') & (N = `n_f') & (N = `n_c')  & (N = `n_t') &  1st/2nd Movers &
>  Control/Treat \\"

. 
. file close myfile

. 
. ********* Demographics ****************
. file open myfile using "$output/summary_ftc.tex", write append

. file write myfile "\midrule "

. file write myfile "\multicolumn{7}{l}{Panel A: Demographics} \\"

. file write myfile "\midrule "

. file close myfile

. 
. label var female "Female"

. label var year "Year"

. label var ideology "Ideology"

. 
. 
. foreach x of varlist female year asian white ideology {
  2.    sum `x' 
  3.    scalar mean_a = r(mean)
  4.    scalar sd_a = r(sd)
  5.    
.    sum `x' if treat == .
  6.    scalar mean_f = r(mean)  
  7.    scalar sd_f = r(sd)
  8.    
.    sum `x' if treat == 0
  9.    scalar mean_g = r(mean)  
 10.    scalar sd_g = r(sd)
 11.    
.    sum `x' if treat == 1
 12.    scalar mean_n = r(mean)  
 13.    scalar sd_n = r(sd)
 14.    
.    ttest `x', by(first_movers)
 15.    scalar p_1 = r(p)
 16.    
.    ttest `x', by(treat)
 17.    scalar p_2 = r(p)
 18.    
.    cap file close _all
 19.    file open myfile using "$output/summary_ftc.tex", write append
 20.    file write myfile "`: var label `x''" "&" %8.2f (mean_a) "&" %8.2f (mean_f) "&" %8.2f (mean_g)
>  ///
>    "&" %8.2f (mean_n) "&" %8.2f (p_1) "&" %8.2f (p_2)  "\\" 
 21.     file write myfile  "&" "(" %8.2f (sd_a) ")" "&" %8.2f "(" (sd_f) ")" "&" %8.2f "("(sd_g) ")" 
> ///
>    "&" %8.2f "(" (sd_n) ")" "&"  "&"   "\\" 
 22.    file close myfile
 23. }

    Variable |        Obs        Mean    Std. dev.       Min        Max
-------------+---------------------------------------------------------
      female |        383    .7023499    .4578229          0          1

    Variable |        Obs        Mean    Std. dev.       Min        Max
-------------+---------------------------------------------------------
      female |         50         .72    .4535574          0          1

    Variable |        Obs        Mean    Std. dev.       Min        Max
-------------+---------------------------------------------------------
      female |        166    .7048193    .4575041          0          1

    Variable |        Obs        Mean    Std. dev.       Min        Max
-------------+---------------------------------------------------------
      female |        167    .6946108    .4619573          0          1

Two-sample t test with equal variances
------------------------------------------------------------------------------
   Group |     Obs        Mean    Std. err.   Std. dev.   [95% conf. interval]
---------+--------------------------------------------------------------------
       0 |     333    .6996997    .0251573    .4590783    .6502118    .7491876
       1 |      50         .72    .0641427    .4535574    .5911004    .8488996
---------+--------------------------------------------------------------------
Combined |     383    .7023499    .0233937    .4578229    .6563534    .7483463
---------+--------------------------------------------------------------------
    diff |           -.0203003    .0695201               -.1569914    .1163908
------------------------------------------------------------------------------
    diff = mean(0) - mean(1)                                      t =  -0.2920
H0: diff = 0                                     Degrees of freedom =      381

    Ha: diff < 0                 Ha: diff != 0                 Ha: diff > 0
 Pr(T < t) = 0.3852         Pr(|T| > |t|) = 0.7704          Pr(T > t) = 0.6148

Two-sample t test with equal variances
------------------------------------------------------------------------------
   Group |     Obs        Mean    Std. err.   Std. dev.   [95% conf. interval]
---------+--------------------------------------------------------------------
       0 |     166    .7048193    .0355092    .4575041    .6347083    .7749303
       1 |     167    .6946108    .0357473    .4619573    .6240328    .7651888
---------+--------------------------------------------------------------------
Combined |     333    .6996997    .0251573    .4590783    .6502118    .7491876
---------+--------------------------------------------------------------------
    diff |            .0102085    .0503877               -.0889121    .1093291
------------------------------------------------------------------------------
    diff = mean(0) - mean(1)                                      t =   0.2026
H0: diff = 0                                     Degrees of freedom =      331

    Ha: diff < 0                 Ha: diff != 0                 Ha: diff > 0
 Pr(T < t) = 0.5802         Pr(|T| > |t|) = 0.8396          Pr(T > t) = 0.4198

    Variable |        Obs        Mean    Std. dev.       Min        Max
-------------+---------------------------------------------------------
        year |        380    3.234211    1.418085          1          6

    Variable |        Obs        Mean    Std. dev.       Min        Max
-------------+---------------------------------------------------------
        year |         47    3.446809    1.176001          1          5

    Variable |        Obs        Mean    Std. dev.       Min        Max
-------------+---------------------------------------------------------
        year |        166    3.259036    1.480912          1          6

    Variable |        Obs        Mean    Std. dev.       Min        Max
-------------+---------------------------------------------------------
        year |        167    3.149701    1.416889          1          6

Two-sample t test with equal variances
------------------------------------------------------------------------------
   Group |     Obs        Mean    Std. err.   Std. dev.   [95% conf. interval]
---------+--------------------------------------------------------------------
       0 |     333    3.204204    .0793504    1.448009    3.048111    3.360297
       1 |      47    3.446809    .1715374    1.176001    3.101522    3.792095
---------+--------------------------------------------------------------------
Combined |     380    3.234211    .0727462    1.418085    3.091174    3.377247
---------+--------------------------------------------------------------------
    diff |           -.2426043    .2209046               -.6769602    .1917515
------------------------------------------------------------------------------
    diff = mean(0) - mean(1)                                      t =  -1.0982
H0: diff = 0                                     Degrees of freedom =      378

    Ha: diff < 0                 Ha: diff != 0                 Ha: diff > 0
 Pr(T < t) = 0.1364         Pr(|T| > |t|) = 0.2728          Pr(T > t) = 0.8636

Two-sample t test with equal variances
------------------------------------------------------------------------------
   Group |     Obs        Mean    Std. err.   Std. dev.   [95% conf. interval]
---------+--------------------------------------------------------------------
       0 |     166    3.259036     .114941    1.480912    3.032091    3.485981
       1 |     167    3.149701    .1096422    1.416889    2.933228    3.366173
---------+--------------------------------------------------------------------
Combined |     333    3.204204    .0793504    1.448009    3.048111    3.360297
---------+--------------------------------------------------------------------
    diff |            .1093355    .1588274               -.2031028    .4217739
------------------------------------------------------------------------------
    diff = mean(0) - mean(1)                                      t =   0.6884
H0: diff = 0                                     Degrees of freedom =      331

    Ha: diff < 0                 Ha: diff != 0                 Ha: diff > 0
 Pr(T < t) = 0.7542         Pr(|T| > |t|) = 0.4917          Pr(T > t) = 0.2458

    Variable |        Obs        Mean    Std. dev.       Min        Max
-------------+---------------------------------------------------------
       asian |        383    .5430809    .4987922          0          1

    Variable |        Obs        Mean    Std. dev.       Min        Max
-------------+---------------------------------------------------------
       asian |         50          .5    .5050763          0          1

    Variable |        Obs        Mean    Std. dev.       Min        Max
-------------+---------------------------------------------------------
       asian |        166    .5421687    .4997261          0          1

    Variable |        Obs        Mean    Std. dev.       Min        Max
-------------+---------------------------------------------------------
       asian |        167    .5568862    .4982474          0          1

Two-sample t test with equal variances
------------------------------------------------------------------------------
   Group |     Obs        Mean    Std. err.   Std. dev.   [95% conf. interval]
---------+--------------------------------------------------------------------
       0 |     333    .5495495     .027306    .4982875     .495835    .6032641
       1 |      50          .5    .0714286    .5050763    .3564589    .6435411
---------+--------------------------------------------------------------------
Combined |     383    .5430809    .0254871    .4987922    .4929684    .5931935
---------+--------------------------------------------------------------------
    diff |            .0495495    .0757072               -.0993067    .1984058
------------------------------------------------------------------------------
    diff = mean(0) - mean(1)                                      t =   0.6545
H0: diff = 0                                     Degrees of freedom =      381

    Ha: diff < 0                 Ha: diff != 0                 Ha: diff > 0
 Pr(T < t) = 0.7434         Pr(|T| > |t|) = 0.5132          Pr(T > t) = 0.2566

Two-sample t test with equal variances
------------------------------------------------------------------------------
   Group |     Obs        Mean    Std. err.   Std. dev.   [95% conf. interval]
---------+--------------------------------------------------------------------
       0 |     166    .5421687    .0387863    .4997261    .4655873    .6187501
       1 |     167    .5568862    .0385555    .4982474    .4807638    .6330087
---------+--------------------------------------------------------------------
Combined |     333    .5495495     .027306    .4982875     .495835    .6032641
---------+--------------------------------------------------------------------
    diff |           -.0147176    .0546887               -.1222987    .0928636
------------------------------------------------------------------------------
    diff = mean(0) - mean(1)                                      t =  -0.2691
H0: diff = 0                                     Degrees of freedom =      331

    Ha: diff < 0                 Ha: diff != 0                 Ha: diff > 0
 Pr(T < t) = 0.3940         Pr(|T| > |t|) = 0.7880          Pr(T > t) = 0.6060

    Variable |        Obs        Mean    Std. dev.       Min        Max
-------------+---------------------------------------------------------
       white |        383    .2114883    .4088979          0          1

    Variable |        Obs        Mean    Std. dev.       Min        Max
-------------+---------------------------------------------------------
       white |         50          .2     .404061          0          1

    Variable |        Obs        Mean    Std. dev.       Min        Max
-------------+---------------------------------------------------------
       white |        166    .2349398     .425244          0          1

    Variable |        Obs        Mean    Std. dev.       Min        Max
-------------+---------------------------------------------------------
       white |        167    .1916168    .3947568          0          1

Two-sample t test with equal variances
------------------------------------------------------------------------------
   Group |     Obs        Mean    Std. err.   Std. dev.   [95% conf. interval]
---------+--------------------------------------------------------------------
       0 |     333    .2132132    .0224785    .4101934     .168995    .2574314
       1 |      50          .2    .0571429     .404061    .0851671    .3148329
---------+--------------------------------------------------------------------
Combined |     383    .2114883    .0208937    .4088979    .1704072    .2525693
---------+--------------------------------------------------------------------
    diff |            .0132132    .0620941               -.1088769    .1353033
------------------------------------------------------------------------------
    diff = mean(0) - mean(1)                                      t =   0.2128
H0: diff = 0                                     Degrees of freedom =      381

    Ha: diff < 0                 Ha: diff != 0                 Ha: diff > 0
 Pr(T < t) = 0.5842         Pr(|T| > |t|) = 0.8316          Pr(T > t) = 0.4158

Two-sample t test with equal variances
------------------------------------------------------------------------------
   Group |     Obs        Mean    Std. err.   Std. dev.   [95% conf. interval]
---------+--------------------------------------------------------------------
       0 |     166    .2349398    .0330053     .425244    .1697725     .300107
       1 |     167    .1916168    .0305472    .3947568    .1313057    .2519279
---------+--------------------------------------------------------------------
Combined |     333    .2132132    .0224785    .4101934     .168995    .2574314
---------+--------------------------------------------------------------------
    diff |             .043323     .044962               -.0451242    .1317702
------------------------------------------------------------------------------
    diff = mean(0) - mean(1)                                      t =   0.9635
H0: diff = 0                                     Degrees of freedom =      331

    Ha: diff < 0                 Ha: diff != 0                 Ha: diff > 0
 Pr(T < t) = 0.8320         Pr(|T| > |t|) = 0.3360          Pr(T > t) = 0.1680

    Variable |        Obs        Mean    Std. dev.       Min        Max
-------------+---------------------------------------------------------
    ideology |        383    3.013055    1.762714          1          9

    Variable |        Obs        Mean    Std. dev.       Min        Max
-------------+---------------------------------------------------------
    ideology |         50        2.96    1.713809          1          9

    Variable |        Obs        Mean    Std. dev.       Min        Max
-------------+---------------------------------------------------------
    ideology |        166    3.072289    1.921383          1          9

    Variable |        Obs        Mean    Std. dev.       Min        Max
-------------+---------------------------------------------------------
    ideology |        167     2.97006    1.614785          1          9

Two-sample t test with equal variances
------------------------------------------------------------------------------
   Group |     Obs        Mean    Std. err.   Std. dev.   [95% conf. interval]
---------+--------------------------------------------------------------------
       0 |     333    3.021021    .0971226    1.772321    2.829968    3.212074
       1 |      50        2.96    .2423693    1.713809    2.472941    3.447059
---------+--------------------------------------------------------------------
Combined |     383    3.013055    .0900705    1.762714    2.835959    3.190151
---------+--------------------------------------------------------------------
    diff |             .061021    .2676786               -.4652912    .5873333
------------------------------------------------------------------------------
    diff = mean(0) - mean(1)                                      t =   0.2280
H0: diff = 0                                     Degrees of freedom =      381

    Ha: diff < 0                 Ha: diff != 0                 Ha: diff > 0
 Pr(T < t) = 0.5901         Pr(|T| > |t|) = 0.8198          Pr(T > t) = 0.4099

Two-sample t test with equal variances
------------------------------------------------------------------------------
   Group |     Obs        Mean    Std. err.   Std. dev.   [95% conf. interval]
---------+--------------------------------------------------------------------
       0 |     166    3.072289    .1491282    1.921383    2.777844    3.366735
       1 |     167     2.97006    .1249558    1.614785    2.723352    3.216767
---------+--------------------------------------------------------------------
Combined |     333    3.021021    .0971226    1.772321    2.829968    3.212074
---------+--------------------------------------------------------------------
    diff |            .1022293    .1944581               -.2803004    .4847589
------------------------------------------------------------------------------
    diff = mean(0) - mean(1)                                      t =   0.5257
H0: diff = 0                                     Degrees of freedom =      331

    Ha: diff < 0                 Ha: diff != 0                 Ha: diff > 0
 Pr(T < t) = 0.7003         Pr(|T| > |t|) = 0.5994          Pr(T > t) = 0.2997

. 
. 
. file open myfile using "$output/summary_ftc.tex", write append

. file write myfile "\midrule "

. file write myfile "\multicolumn{7}{l}{Panel B: Private Beliefs} \\"

. file write myfile "\midrule "

. file close myfile

. 
. label var private_rename_schools "Rename Schools"

. label var private_affirmative_action "Affirmative Action"

. label var private_death_penalty "Death Penalty"

. label var private_immunizations "Immunizations"

. label var private_daylight_saving "DST"

. 
. foreach x of varlist private_rename_schools private_affirmative_action private_death_penalty private
> _immunizations private_daylight_saving {
  2.    sum `x' 
  3.    scalar mean_a = r(mean)
  4.    scalar sd_a = r(sd)
  5.    
.    sum `x' if treat == .
  6.    scalar mean_f = r(mean)  
  7.    scalar sd_f = r(sd)
  8.    
.    sum `x' if treat == 0
  9.    scalar mean_g = r(mean)  
 10.    scalar sd_g = r(sd)
 11.    
.    sum `x' if treat == 1
 12.    scalar mean_n = r(mean)  
 13.    scalar sd_n = r(sd)
 14.    
.    ttest `x', by(first_movers)
 15.    scalar p_1 = r(p)
 16.    
.    ttest `x', by(treat)
 17.    scalar p_2 = r(p)
 18.    
.    cap file close _all
 19.    file open myfile using "$output/summary_ftc.tex", write append
 20.    file write myfile "`: var label `x''" "&" %8.2f (mean_a) "&" %8.2f (mean_f) "&" %8.2f (mean_g)
>  ///
>    "&" %8.2f (mean_n) "&" %8.2f (p_1) "&" %8.2f (p_2)  "\\" 
 21.     file write myfile  "&" "(" %8.2f (sd_a) ")" "&" %8.2f "(" (sd_f) ")" "&" %8.2f "("(sd_g) ")" 
> ///
>    "&" %8.2f "(" (sd_n) ")" "&"  "&"   "\\" 
 22.    file close myfile
 23. }

    Variable |        Obs        Mean    Std. dev.       Min        Max
-------------+---------------------------------------------------------
private_re~s |        380    .3894737    .4882738          0          1

    Variable |        Obs        Mean    Std. dev.       Min        Max
-------------+---------------------------------------------------------
private_re~s |         50         .36    .4848732          0          1

    Variable |        Obs        Mean    Std. dev.       Min        Max
-------------+---------------------------------------------------------
private_re~s |        165    .4060606    .4925911          0          1

    Variable |        Obs        Mean    Std. dev.       Min        Max
-------------+---------------------------------------------------------
private_re~s |        165    .3818182    .4873113          0          1

Two-sample t test with equal variances
------------------------------------------------------------------------------
   Group |     Obs        Mean    Std. err.   Std. dev.   [95% conf. interval]
---------+--------------------------------------------------------------------
       0 |     330    .3939394    .0269386    .4893637    .3409458     .446933
       1 |      50         .36    .0685714    .4848732    .2222006    .4977994
---------+--------------------------------------------------------------------
Combined |     380    .3894737    .0250479    .4882738    .3402234     .438724
---------+--------------------------------------------------------------------
    diff |            .0339394    .0741766                -.111911    .1797898
------------------------------------------------------------------------------
    diff = mean(0) - mean(1)                                      t =   0.4575
H0: diff = 0                                     Degrees of freedom =      378

    Ha: diff < 0                 Ha: diff != 0                 Ha: diff > 0
 Pr(T < t) = 0.6762         Pr(|T| > |t|) = 0.6475          Pr(T > t) = 0.3238

Two-sample t test with equal variances
------------------------------------------------------------------------------
   Group |     Obs        Mean    Std. err.   Std. dev.   [95% conf. interval]
---------+--------------------------------------------------------------------
       0 |     165    .4060606    .0383482    .4925911    .3303408    .4817804
       1 |     165    .3818182    .0379371    .4873113      .30691    .4567264
---------+--------------------------------------------------------------------
Combined |     330    .3939394    .0269386    .4893637    .3409458     .446933
---------+--------------------------------------------------------------------
    diff |            .0242424    .0539426               -.0818748    .1303596
------------------------------------------------------------------------------
    diff = mean(0) - mean(1)                                      t =   0.4494
H0: diff = 0                                     Degrees of freedom =      328

    Ha: diff < 0                 Ha: diff != 0                 Ha: diff > 0
 Pr(T < t) = 0.6733         Pr(|T| > |t|) = 0.6534          Pr(T > t) = 0.3267

    Variable |        Obs        Mean    Std. dev.       Min        Max
-------------+---------------------------------------------------------
private_af~n |        381    .4645669    .4993987          0          1

    Variable |        Obs        Mean    Std. dev.       Min        Max
-------------+---------------------------------------------------------
private_af~n |         50          .4    .4948717          0          1

    Variable |        Obs        Mean    Std. dev.       Min        Max
-------------+---------------------------------------------------------
private_af~n |        165    .4484848    .4988531          0          1

    Variable |        Obs        Mean    Std. dev.       Min        Max
-------------+---------------------------------------------------------
private_af~n |        166          .5    .5015129          0          1

Two-sample t test with equal variances
------------------------------------------------------------------------------
   Group |     Obs        Mean    Std. err.   Std. dev.   [95% conf. interval]
---------+--------------------------------------------------------------------
       0 |     331    .4743202    .0274878    .5000961    .4202469    .5283936
       1 |      50          .4    .0699854    .4948717     .259359     .540641
---------+--------------------------------------------------------------------
Combined |     381    .4645669     .025585    .4993987    .4142611    .5148728
---------+--------------------------------------------------------------------
    diff |            .0743202    .0757762               -.0746741    .2233146
------------------------------------------------------------------------------
    diff = mean(0) - mean(1)                                      t =   0.9808
H0: diff = 0                                     Degrees of freedom =      379

    Ha: diff < 0                 Ha: diff != 0                 Ha: diff > 0
 Pr(T < t) = 0.8363         Pr(|T| > |t|) = 0.3273          Pr(T > t) = 0.1637

Two-sample t test with equal variances
------------------------------------------------------------------------------
   Group |     Obs        Mean    Std. err.   Std. dev.   [95% conf. interval]
---------+--------------------------------------------------------------------
       0 |     165    .4484848    .0388357    .4988531    .3718025    .5251672
       1 |     166          .5    .0389249    .5015129    .4231448    .5768552
---------+--------------------------------------------------------------------
Combined |     331    .4743202    .0274878    .5000961    .4202469    .5283936
---------+--------------------------------------------------------------------
    diff |           -.0515152     .054986               -.1596836    .0566533
------------------------------------------------------------------------------
    diff = mean(0) - mean(1)                                      t =  -0.9369
H0: diff = 0                                     Degrees of freedom =      329

    Ha: diff < 0                 Ha: diff != 0                 Ha: diff > 0
 Pr(T < t) = 0.1748         Pr(|T| > |t|) = 0.3495          Pr(T > t) = 0.8252

    Variable |        Obs        Mean    Std. dev.       Min        Max
-------------+---------------------------------------------------------
private_de~y |        382    .6282723       .4839          0          1

    Variable |        Obs        Mean    Std. dev.       Min        Max
-------------+---------------------------------------------------------
private_de~y |         50          .6    .4948717          0          1

    Variable |        Obs        Mean    Std. dev.       Min        Max
-------------+---------------------------------------------------------
private_de~y |        166    .6506024    .4782223          0          1

    Variable |        Obs        Mean    Std. dev.       Min        Max
-------------+---------------------------------------------------------
private_de~y |        166    .6144578    .4881958          0          1

Two-sample t test with equal variances
------------------------------------------------------------------------------
   Group |     Obs        Mean    Std. err.   Std. dev.   [95% conf. interval]
---------+--------------------------------------------------------------------
       0 |     332    .6325301    .0264995    .4828436    .5804015    .6846588
       1 |      50          .6    .0699854    .4948717     .459359     .740641
---------+--------------------------------------------------------------------
Combined |     382    .6282723    .0247585       .4839    .5795919    .6769526
---------+--------------------------------------------------------------------
    diff |            .0325301    .0734839               -.1119558     .177016
------------------------------------------------------------------------------
    diff = mean(0) - mean(1)                                      t =   0.4427
H0: diff = 0                                     Degrees of freedom =      380

    Ha: diff < 0                 Ha: diff != 0                 Ha: diff > 0
 Pr(T < t) = 0.6709         Pr(|T| > |t|) = 0.6582          Pr(T > t) = 0.3291

Two-sample t test with equal variances
------------------------------------------------------------------------------
   Group |     Obs        Mean    Std. err.   Std. dev.   [95% conf. interval]
---------+--------------------------------------------------------------------
       0 |     166    .6506024    .0371173    .4782223    .5773164    .7238884
       1 |     166    .6144578    .0378913    .4881958    .5396434    .6892722
---------+--------------------------------------------------------------------
Combined |     332    .6325301    .0264995    .4828436    .5804015    .6846588
---------+--------------------------------------------------------------------
    diff |            .0361446    .0530419               -.0681983    .1404875
------------------------------------------------------------------------------
    diff = mean(0) - mean(1)                                      t =   0.6814
H0: diff = 0                                     Degrees of freedom =      330

    Ha: diff < 0                 Ha: diff != 0                 Ha: diff > 0
 Pr(T < t) = 0.7520         Pr(|T| > |t|) = 0.4961          Pr(T > t) = 0.2480

    Variable |        Obs        Mean    Std. dev.       Min        Max
-------------+---------------------------------------------------------
private_im~s |        382    .8219895    .3830232          0          1

    Variable |        Obs        Mean    Std. dev.       Min        Max
-------------+---------------------------------------------------------
private_im~s |         50         .84     .370328          0          1

    Variable |        Obs        Mean    Std. dev.       Min        Max
-------------+---------------------------------------------------------
private_im~s |        165     .830303     .376509          0          1

    Variable |        Obs        Mean    Std. dev.       Min        Max
-------------+---------------------------------------------------------
private_im~s |        167    .8083832    .3947568          0          1

Two-sample t test with equal variances
------------------------------------------------------------------------------
   Group |     Obs        Mean    Std. err.   Std. dev.   [95% conf. interval]
---------+--------------------------------------------------------------------
       0 |     332    .8192771    .0211499    .3853692     .777672    .8608822
       1 |      50         .84    .0523723     .370328    .7347539    .9452461
---------+--------------------------------------------------------------------
Combined |     382    .8219895    .0195972    .3830232    .7834574    .8605217
---------+--------------------------------------------------------------------
    diff |           -.0207229    .0581702               -.1350988     .093653
------------------------------------------------------------------------------
    diff = mean(0) - mean(1)                                      t =  -0.3562
H0: diff = 0                                     Degrees of freedom =      380

    Ha: diff < 0                 Ha: diff != 0                 Ha: diff > 0
 Pr(T < t) = 0.3609         Pr(|T| > |t|) = 0.7219          Pr(T > t) = 0.6391

Two-sample t test with equal variances
------------------------------------------------------------------------------
   Group |     Obs        Mean    Std. err.   Std. dev.   [95% conf. interval]
---------+--------------------------------------------------------------------
       0 |     165     .830303    .0293112     .376509    .7724271     .888179
       1 |     167    .8083832    .0305472    .3947568    .7480721    .8686943
---------+--------------------------------------------------------------------
Combined |     332    .8192771    .0211499    .3853692     .777672    .8608822
---------+--------------------------------------------------------------------
    diff |            .0219198    .0423474               -.0613851    .1052247
------------------------------------------------------------------------------
    diff = mean(0) - mean(1)                                      t =   0.5176
H0: diff = 0                                     Degrees of freedom =      330

    Ha: diff < 0                 Ha: diff != 0                 Ha: diff > 0
 Pr(T < t) = 0.6975         Pr(|T| > |t|) = 0.6051          Pr(T > t) = 0.3025

    Variable |        Obs        Mean    Std. dev.       Min        Max
-------------+---------------------------------------------------------
private_da~g |        383    .6736292     .469498          0          1

    Variable |        Obs        Mean    Std. dev.       Min        Max
-------------+---------------------------------------------------------
private_da~g |         50         .74    .4430875          0          1

    Variable |        Obs        Mean    Std. dev.       Min        Max
-------------+---------------------------------------------------------
private_da~g |        166    .6987952    .4601697          0          1

    Variable |        Obs        Mean    Std. dev.       Min        Max
-------------+---------------------------------------------------------
private_da~g |        167    .6287425    .4845942          0          1

Two-sample t test with equal variances
------------------------------------------------------------------------------
   Group |     Obs        Mean    Std. err.   Std. dev.   [95% conf. interval]
---------+--------------------------------------------------------------------
       0 |     333    .6636637    .0259294    .4731665    .6126571    .7146702
       1 |      50         .74     .062662    .4430875    .6140759    .8659241
---------+--------------------------------------------------------------------
Combined |     383    .6736292    .0239902     .469498    .6264598    .7207987
---------+--------------------------------------------------------------------
    diff |           -.0763363    .0711936               -.2163179    .0636452
------------------------------------------------------------------------------
    diff = mean(0) - mean(1)                                      t =  -1.0722
H0: diff = 0                                     Degrees of freedom =      381

    Ha: diff < 0                 Ha: diff != 0                 Ha: diff > 0
 Pr(T < t) = 0.1421         Pr(|T| > |t|) = 0.2843          Pr(T > t) = 0.8579

Two-sample t test with equal variances
------------------------------------------------------------------------------
   Group |     Obs        Mean    Std. err.   Std. dev.   [95% conf. interval]
---------+--------------------------------------------------------------------
       0 |     166    .6987952    .0357161    .4601697    .6282757    .7693147
       1 |     167    .6287425     .037499    .4845942     .554706     .702779
---------+--------------------------------------------------------------------
Combined |     333    .6636637    .0259294    .4731665    .6126571    .7146702
---------+--------------------------------------------------------------------
    diff |            .0700527    .0517943               -.0318349    .1719402
------------------------------------------------------------------------------
    diff = mean(0) - mean(1)                                      t =   1.3525
H0: diff = 0                                     Degrees of freedom =      331

    Ha: diff < 0                 Ha: diff != 0                 Ha: diff > 0
 Pr(T < t) = 0.9114         Pr(|T| > |t|) = 0.1771          Pr(T > t) = 0.0886

. 
. file open myfile using "$output/summary_ftc.tex", write append

. file write myfile "\midrule "

. file write myfile "\multicolumn{7}{l}{Panel C: Baseline Guesses} \\"

. file write myfile "\midrule "

. file close myfile

. 
. label var guesses_rename_schools "Rename Schools"

. label var guesses_affirmative_action "Affirmative Action"

. label var guesses_death_penalty "Death Penalty"

. label var guesses_immunizations "Immunizations"

. label var guesses_daylight_saving "DST"

. 
. foreach x of varlist guesses_rename_schools guesses_affirmative_action guesses_death_penalty guesses
> _immunizations guesses_daylight_saving {
  2.    sum `x' 
  3.    scalar mean_a = r(mean)
  4.    scalar sd_a = r(sd)
  5.    
.    sum `x' if treat == .
  6.    scalar mean_f = r(mean)  
  7.    scalar sd_f = r(sd)
  8.    
.    sum `x' if treat == 0
  9.    scalar mean_g = r(mean)  
 10.    scalar sd_g = r(sd)
 11.    
.    sum `x' if treat == 1
 12.    scalar mean_n = r(mean)  
 13.    scalar sd_n = r(sd)
 14.    
.    ttest `x', by(first_movers)
 15.    scalar p_1 = r(p)
 16.    
.    ttest `x', by(treat)
 17.    scalar p_2 = r(p)
 18.    
.    cap file close _all
 19.    file open myfile using "$output/summary_ftc.tex", write append
 20.    file write myfile "`: var label `x''" "&" %8.2f (mean_a) "&" %8.2f (mean_f) "&" %8.2f (mean_g)
>  ///
>    "&" %8.2f (mean_n) "&" %8.2f (p_1) "&" %8.2f (p_2)  "\\" 
 21.     file write myfile  "&" "(" %8.2f (sd_a) ")" "&" %8.2f "(" (sd_f) ")" "&" %8.2f "("(sd_g) ")" 
> ///
>    "&" %8.2f "(" (sd_n) ")" "&"  "&"   "\\" 
 22.    file close myfile
 23. }

    Variable |        Obs        Mean    Std. dev.       Min        Max
-------------+---------------------------------------------------------
guesses_re~s |        383    55.59791    21.23566          0        100

    Variable |        Obs        Mean    Std. dev.       Min        Max
-------------+---------------------------------------------------------
guesses_re~s |         50       54.78    22.40107         10        100

    Variable |        Obs        Mean    Std. dev.       Min        Max
-------------+---------------------------------------------------------
guesses_re~s |        166    55.54819    20.52066          0        100

    Variable |        Obs        Mean    Std. dev.       Min        Max
-------------+---------------------------------------------------------
guesses_re~s |        167    55.89222    21.69699          0        100

Two-sample t test with equal variances
------------------------------------------------------------------------------
   Group |     Obs        Mean    Std. err.   Std. dev.   [95% conf. interval]
---------+--------------------------------------------------------------------
       0 |     333    55.72072    1.155597    21.08767     53.4475    57.99394
       1 |      50       54.78    3.167989    22.40107    48.41369    61.14631
---------+--------------------------------------------------------------------
Combined |     383    55.59791    1.085091    21.23566    53.46441    57.73141
---------+--------------------------------------------------------------------
    diff |            .9407207    3.224621               -5.399561    7.281002
------------------------------------------------------------------------------
    diff = mean(0) - mean(1)                                      t =   0.2917
H0: diff = 0                                     Degrees of freedom =      381

    Ha: diff < 0                 Ha: diff != 0                 Ha: diff > 0
 Pr(T < t) = 0.6147         Pr(|T| > |t|) = 0.7707          Pr(T > t) = 0.3853

Two-sample t test with equal variances
------------------------------------------------------------------------------
   Group |     Obs        Mean    Std. err.   Std. dev.   [95% conf. interval]
---------+--------------------------------------------------------------------
       0 |     166    55.54819    1.592712    20.52066    52.40347    58.69292
       1 |     167    55.89222    1.678964    21.69699    52.57734    59.20709
---------+--------------------------------------------------------------------
Combined |     333    55.72072    1.155597    21.08767     53.4475    57.99394
---------+--------------------------------------------------------------------
    diff |           -.3440228    2.314616               -4.897236     4.20919
------------------------------------------------------------------------------
    diff = mean(0) - mean(1)                                      t =  -0.1486
H0: diff = 0                                     Degrees of freedom =      331

    Ha: diff < 0                 Ha: diff != 0                 Ha: diff > 0
 Pr(T < t) = 0.4410         Pr(|T| > |t|) = 0.8819          Pr(T > t) = 0.5590

    Variable |        Obs        Mean    Std. dev.       Min        Max
-------------+---------------------------------------------------------
guesses_af~n |        383    52.55352    20.80014          0        100

    Variable |        Obs        Mean    Std. dev.       Min        Max
-------------+---------------------------------------------------------
guesses_af~n |         50       50.76    23.95451          0         90

    Variable |        Obs        Mean    Std. dev.       Min        Max
-------------+---------------------------------------------------------
guesses_af~n |        166    52.73494    21.14027          0         95

    Variable |        Obs        Mean    Std. dev.       Min        Max
-------------+---------------------------------------------------------
guesses_af~n |        167    52.91018    19.51608          0        100

Two-sample t test with equal variances
------------------------------------------------------------------------------
   Group |     Obs        Mean    Std. err.   Std. dev.   [95% conf. interval]
---------+--------------------------------------------------------------------
       0 |     333    52.82282    1.113062    20.31147    50.63328    55.01237
       1 |      50       50.76     3.38768    23.95451     43.9522     57.5678
---------+--------------------------------------------------------------------
Combined |     383    52.55352    1.062837    20.80014    50.46378    54.64327
---------+--------------------------------------------------------------------
    diff |            2.062823    3.157072               -4.144643    8.270289
------------------------------------------------------------------------------
    diff = mean(0) - mean(1)                                      t =   0.6534
H0: diff = 0                                     Degrees of freedom =      381

    Ha: diff < 0                 Ha: diff != 0                 Ha: diff > 0
 Pr(T < t) = 0.7431         Pr(|T| > |t|) = 0.5139          Pr(T > t) = 0.2569

Two-sample t test with equal variances
------------------------------------------------------------------------------
   Group |     Obs        Mean    Std. err.   Std. dev.   [95% conf. interval]
---------+--------------------------------------------------------------------
       0 |     166    52.73494    1.640803    21.14027    49.49526    55.97462
       1 |     167    52.91018      1.5102    19.51608    49.92851    55.89185
---------+--------------------------------------------------------------------
Combined |     333    52.82282    1.113062    20.31147    50.63328    55.01237
---------+--------------------------------------------------------------------
    diff |           -.1752399    2.229473               -4.560963    4.210483
------------------------------------------------------------------------------
    diff = mean(0) - mean(1)                                      t =  -0.0786
H0: diff = 0                                     Degrees of freedom =      331

    Ha: diff < 0                 Ha: diff != 0                 Ha: diff > 0
 Pr(T < t) = 0.4687         Pr(|T| > |t|) = 0.9374          Pr(T > t) = 0.5313

    Variable |        Obs        Mean    Std. dev.       Min        Max
-------------+---------------------------------------------------------
guesses_de~y |        383    68.02219    19.47747         .5        100

    Variable |        Obs        Mean    Std. dev.       Min        Max
-------------+---------------------------------------------------------
guesses_de~y |         50        68.3    19.45822         15         98

    Variable |        Obs        Mean    Std. dev.       Min        Max
-------------+---------------------------------------------------------
guesses_de~y |        166    68.03012    20.08932         10        100

    Variable |        Obs        Mean    Std. dev.       Min        Max
-------------+---------------------------------------------------------
guesses_de~y |        167    67.93114    18.97548         .5        100

Two-sample t test with equal variances
------------------------------------------------------------------------------
   Group |     Obs        Mean    Std. err.   Std. dev.   [95% conf. interval]
---------+--------------------------------------------------------------------
       0 |     333    67.98048    1.069102    19.50928    65.87741    70.08355
       1 |      50        68.3    2.751808    19.45822    62.77003    73.82997
---------+--------------------------------------------------------------------
Combined |     383    68.02219    .9952523    19.47747    66.06533    69.97905
---------+--------------------------------------------------------------------
    diff |           -.3195195    2.957927               -6.135424    5.496385
------------------------------------------------------------------------------
    diff = mean(0) - mean(1)                                      t =  -0.1080
H0: diff = 0                                     Degrees of freedom =      381

    Ha: diff < 0                 Ha: diff != 0                 Ha: diff > 0
 Pr(T < t) = 0.4570         Pr(|T| > |t|) = 0.9140          Pr(T > t) = 0.5430

Two-sample t test with equal variances
------------------------------------------------------------------------------
   Group |     Obs        Mean    Std. err.   Std. dev.   [95% conf. interval]
---------+--------------------------------------------------------------------
       0 |     166    68.03012    1.559234    20.08932     64.9515    71.10874
       1 |     167    67.93114    1.468367    18.97548    65.03206    70.83022
---------+--------------------------------------------------------------------
Combined |     333    67.98048    1.069102    19.50928    65.87741    70.08355
---------+--------------------------------------------------------------------
    diff |            .0989828    2.141434               -4.113553    4.311518
------------------------------------------------------------------------------
    diff = mean(0) - mean(1)                                      t =   0.0462
H0: diff = 0                                     Degrees of freedom =      331

    Ha: diff < 0                 Ha: diff != 0                 Ha: diff > 0
 Pr(T < t) = 0.5184         Pr(|T| > |t|) = 0.9632          Pr(T > t) = 0.4816

    Variable |        Obs        Mean    Std. dev.       Min        Max
-------------+---------------------------------------------------------
guesses_im~s |        383    75.18538    18.36197          0        100

    Variable |        Obs        Mean    Std. dev.       Min        Max
-------------+---------------------------------------------------------
guesses_im~s |         50       72.02    19.04933         30         96

    Variable |        Obs        Mean    Std. dev.       Min        Max
-------------+---------------------------------------------------------
guesses_im~s |        166    76.03614     18.9343          0        100

    Variable |        Obs        Mean    Std. dev.       Min        Max
-------------+---------------------------------------------------------
guesses_im~s |        167    75.28743    17.56883         10        100

Two-sample t test with equal variances
------------------------------------------------------------------------------
   Group |     Obs        Mean    Std. err.   Std. dev.   [95% conf. interval]
---------+--------------------------------------------------------------------
       0 |     333    75.66066    .9994692     18.2386    73.69457    77.62675
       1 |      50       72.02    2.693983    19.04933    66.60624    77.43376
---------+--------------------------------------------------------------------
Combined |     383    75.18538    .9382528    18.36197    73.34059    77.03017
---------+--------------------------------------------------------------------
    diff |            3.640661     2.78232               -1.829964    9.111285
------------------------------------------------------------------------------
    diff = mean(0) - mean(1)                                      t =   1.3085
H0: diff = 0                                     Degrees of freedom =      381

    Ha: diff < 0                 Ha: diff != 0                 Ha: diff > 0
 Pr(T < t) = 0.9043         Pr(|T| > |t|) = 0.1915          Pr(T > t) = 0.0957

Two-sample t test with equal variances
------------------------------------------------------------------------------
   Group |     Obs        Mean    Std. err.   Std. dev.   [95% conf. interval]
---------+--------------------------------------------------------------------
       0 |     166    76.03614    1.469587     18.9343    73.13453    78.93776
       1 |     167    75.28743    1.359517    17.56883    72.60325     77.9716
---------+--------------------------------------------------------------------
Combined |     333    75.66066    .9994692     18.2386    73.69457    77.62675
---------+--------------------------------------------------------------------
    diff |            .7487194    2.001542               -3.188627    4.686066
------------------------------------------------------------------------------
    diff = mean(0) - mean(1)                                      t =   0.3741
H0: diff = 0                                     Degrees of freedom =      331

    Ha: diff < 0                 Ha: diff != 0                 Ha: diff > 0
 Pr(T < t) = 0.6457         Pr(|T| > |t|) = 0.7086          Pr(T > t) = 0.3543

    Variable |        Obs        Mean    Std. dev.       Min        Max
-------------+---------------------------------------------------------
guesses_da~g |        383    63.77546    25.00632          0        100

    Variable |        Obs        Mean    Std. dev.       Min        Max
-------------+---------------------------------------------------------
guesses_da~g |         50       64.86    25.74998          0        100

    Variable |        Obs        Mean    Std. dev.       Min        Max
-------------+---------------------------------------------------------
guesses_da~g |        166    64.18675    25.30196          0        100

    Variable |        Obs        Mean    Std. dev.       Min        Max
-------------+---------------------------------------------------------
guesses_da~g |        167    63.04192    24.61422         10        100

Two-sample t test with equal variances
------------------------------------------------------------------------------
   Group |     Obs        Mean    Std. err.   Std. dev.   [95% conf. interval]
---------+--------------------------------------------------------------------
       0 |     333    63.61261    1.366068    24.92839    60.92537    66.29985
       1 |      50       64.86    3.641598    25.74998    57.54194    72.17806
---------+--------------------------------------------------------------------
Combined |     383    63.77546    1.277763    25.00632    61.26313    66.28779
---------+--------------------------------------------------------------------
    diff |           -1.247387     3.79708               -8.713243    6.218468
------------------------------------------------------------------------------
    diff = mean(0) - mean(1)                                      t =  -0.3285
H0: diff = 0                                     Degrees of freedom =      381

    Ha: diff < 0                 Ha: diff != 0                 Ha: diff > 0
 Pr(T < t) = 0.3714         Pr(|T| > |t|) = 0.7427          Pr(T > t) = 0.6286

Two-sample t test with equal variances
------------------------------------------------------------------------------
   Group |     Obs        Mean    Std. err.   Std. dev.   [95% conf. interval]
---------+--------------------------------------------------------------------
       0 |     166    64.18675    1.963813    25.30196    60.30931    68.06419
       1 |     167    63.04192    1.904705    24.61422    59.28135    66.80249
---------+--------------------------------------------------------------------
Combined |     333    63.61261    1.366068    24.92839    60.92537    66.29985
---------+--------------------------------------------------------------------
    diff |            1.144831    2.735548                -4.23642    6.526082
------------------------------------------------------------------------------
    diff = mean(0) - mean(1)                                      t =   0.4185
H0: diff = 0                                     Degrees of freedom =      331

    Ha: diff < 0                 Ha: diff != 0                 Ha: diff > 0
 Pr(T < t) = 0.6621         Pr(|T| > |t|) = 0.6759          Pr(T > t) = 0.3379

. 
. file open myfile using "$output/summary_ftc.tex", write append

. file write myfile "\bottomrule "

. file write myfile "\end{tabular} "

. 
. file close myfile

. 
. 
end of do-file

. do "$code/Table C3.do"

. ************** Attrition Table C.3 *****************
. use "$data/attrition.dta", clear
(attrition -- de-identified 21 Aug 2026)

. 
. gen female = 0

. replace female = 1 if gender == 2
(313 real changes made)

. 
. gen asian = 0 

. replace asian = 1 if race == 2
(239 real changes made)

. 
. gen white = 0 

. replace white = 1 if race == 6
(101 real changes made)

. 
. 
. count if attr == 0 
  383

. local n_c = r(N)

.         
. count if attr == 1
  71

. local n_t = r(N)

. 
. count
  454

. local n_total = r(N)

. 
. cap file close _all

. 
. file open myfile using "$output/attrition.tex", write replace
(file /Users/yihong/Desktop/Silence Replicate Final/Output/attrition.tex not found)

. file write myfile "\begin{tabular}{l*{8}c}"

. file write myfile "\toprule"

. file write myfile " & \multicolumn{2}{c}{\textbf{Whole Sample (N = `n_total')}} & \multicolumn{2}{c}
> {\textbf{Completed (N = `n_c')}}  & \multicolumn{2}{c}{\textbf{Attrition (N = `n_t')}} & \multicolum
> n{1}{c}{\textbf{T test}} \\"

. file write myfile "\cmidrule(r){2-3} \cmidrule(r){4-5} \cmidrule(r){6-7}  \cmidrule(r){8-8} "

. file write myfile " & Mean & Sd & Mean & Sd & Mean & Sd & P Value \\ "

. 
. file close myfile

. 
. ********* Demographics ****************
. file open myfile using "$output/attrition.tex", write append

. file write myfile "\midrule "

. file write myfile "\multicolumn{7}{l}{Panel A: Demographics} \\"

. file write myfile "\midrule "

. file close myfile

. 
. label var female "Female"

. label var year "Year"

. label var white "White"

. label var asian "Asian"

. label var ideology "Ideology"

. 
. foreach x of varlist female asian white year ideology {
  2.    sum `x' 
  3.    scalar mean_a = r(mean)
  4.    scalar sd_a = r(sd)
  5.    sum `x' if attr == 0
  6.    scalar mean_g = r(mean)  
  7.    scalar sd_g = r(sd)
  8.    sum `x' if attr == 1
  9.    scalar mean_n = r(mean)  
 10.    scalar sd_n = r(sd)
 11.    ttest `x', by(attr)
 12.    scalar p = r(p)
 13.    
.    cap file close _all
 14.    file open myfile using "$output/attrition.tex", write append
 15.    file write myfile "`: var label `x''" "&" %8.2f (mean_a) "&" %8.2f (sd_a) "&" %8.2f (mean_g) /
> //
>    "&" %8.2f (sd_g) "&" %8.2f (mean_n) "&" %8.2f (sd_n) "&" %8.2f (p) "\\" 
 16.    
.    file close myfile
 17. }

    Variable |        Obs        Mean    Std. dev.       Min        Max
-------------+---------------------------------------------------------
      female |        454    .6894273    .4632386          0          1

    Variable |        Obs        Mean    Std. dev.       Min        Max
-------------+---------------------------------------------------------
      female |        383    .7023499    .4578229          0          1

    Variable |        Obs        Mean    Std. dev.       Min        Max
-------------+---------------------------------------------------------
      female |         71    .6197183    .4889112          0          1

Two-sample t test with equal variances
------------------------------------------------------------------------------
   Group |     Obs        Mean    Std. err.   Std. dev.   [95% conf. interval]
---------+--------------------------------------------------------------------
       0 |     383    .7023499    .0233937    .4578229    .6563534    .7483463
       1 |      71    .6197183    .0580231    .4889112    .5039949    .7354417
---------+--------------------------------------------------------------------
Combined |     454    .6894273    .0217409    .4632386    .6467019    .7321528
---------+--------------------------------------------------------------------
    diff |            .0826316    .0597955               -.0348801    .2001432
------------------------------------------------------------------------------
    diff = mean(0) - mean(1)                                      t =   1.3819
H0: diff = 0                                     Degrees of freedom =      452

    Ha: diff < 0                 Ha: diff != 0                 Ha: diff > 0
 Pr(T < t) = 0.9162         Pr(|T| > |t|) = 0.1677          Pr(T > t) = 0.0838

    Variable |        Obs        Mean    Std. dev.       Min        Max
-------------+---------------------------------------------------------
       asian |        454    .5264317    .4998517          0          1

    Variable |        Obs        Mean    Std. dev.       Min        Max
-------------+---------------------------------------------------------
       asian |        383    .5430809    .4987922          0          1

    Variable |        Obs        Mean    Std. dev.       Min        Max
-------------+---------------------------------------------------------
       asian |         71    .4366197    .4994967          0          1

Two-sample t test with equal variances
------------------------------------------------------------------------------
   Group |     Obs        Mean    Std. err.   Std. dev.   [95% conf. interval]
---------+--------------------------------------------------------------------
       0 |     383    .5430809    .0254871    .4987922    .4929684    .5931935
       1 |      71    .4366197    .0592794    .4994967    .3183908    .5548487
---------+--------------------------------------------------------------------
Combined |     454    .5264317    .0234592    .4998517    .4803294    .5725341
---------+--------------------------------------------------------------------
    diff |            .1064612    .0644635               -.0202242    .2331466
------------------------------------------------------------------------------
    diff = mean(0) - mean(1)                                      t =   1.6515
H0: diff = 0                                     Degrees of freedom =      452

    Ha: diff < 0                 Ha: diff != 0                 Ha: diff > 0
 Pr(T < t) = 0.9503         Pr(|T| > |t|) = 0.0993          Pr(T > t) = 0.0497

    Variable |        Obs        Mean    Std. dev.       Min        Max
-------------+---------------------------------------------------------
       white |        454     .222467    .4163619          0          1

    Variable |        Obs        Mean    Std. dev.       Min        Max
-------------+---------------------------------------------------------
       white |        383    .2114883    .4088979          0          1

    Variable |        Obs        Mean    Std. dev.       Min        Max
-------------+---------------------------------------------------------
       white |         71    .2816901    .4530247          0          1

Two-sample t test with equal variances
------------------------------------------------------------------------------
   Group |     Obs        Mean    Std. err.   Std. dev.   [95% conf. interval]
---------+--------------------------------------------------------------------
       0 |     383    .2114883    .0208937    .4088979    .1704072    .2525693
       1 |      71    .2816901    .0537641    .4530247    .1744609    .3889193
---------+--------------------------------------------------------------------
Combined |     454     .222467    .0195408    .4163619     .184065    .2608689
---------+--------------------------------------------------------------------
    diff |           -.0702019    .0537567               -.1758459    .0354422
------------------------------------------------------------------------------
    diff = mean(0) - mean(1)                                      t =  -1.3059
H0: diff = 0                                     Degrees of freedom =      452

    Ha: diff < 0                 Ha: diff != 0                 Ha: diff > 0
 Pr(T < t) = 0.0961         Pr(|T| > |t|) = 0.1922          Pr(T > t) = 0.9039

    Variable |        Obs        Mean    Std. dev.       Min        Max
-------------+---------------------------------------------------------
        year |        454    3.211454    1.423316          1          6

    Variable |        Obs        Mean    Std. dev.       Min        Max
-------------+---------------------------------------------------------
        year |        383    3.255875    1.433449          1          6

    Variable |        Obs        Mean    Std. dev.       Min        Max
-------------+---------------------------------------------------------
        year |         71    2.971831    1.351949          1          6

Two-sample t test with equal variances
------------------------------------------------------------------------------
   Group |     Obs        Mean    Std. err.   Std. dev.   [95% conf. interval]
---------+--------------------------------------------------------------------
       0 |     383    3.255875    .0732458    1.433449    3.111859     3.39989
       1 |      71    2.971831    .1604468    1.351949     2.65183    3.291832
---------+--------------------------------------------------------------------
Combined |     454    3.211454    .0667995    1.423316    3.080178    3.342729
---------+--------------------------------------------------------------------
    diff |            .2840437     .183626               -.0768229    .6449103
------------------------------------------------------------------------------
    diff = mean(0) - mean(1)                                      t =   1.5469
H0: diff = 0                                     Degrees of freedom =      452

    Ha: diff < 0                 Ha: diff != 0                 Ha: diff > 0
 Pr(T < t) = 0.9387         Pr(|T| > |t|) = 0.1226          Pr(T > t) = 0.0613

    Variable |        Obs        Mean    Std. dev.       Min        Max
-------------+---------------------------------------------------------
    ideology |        454    2.995595    1.760488          1          9

    Variable |        Obs        Mean    Std. dev.       Min        Max
-------------+---------------------------------------------------------
    ideology |        383    3.013055    1.762714          1          9

    Variable |        Obs        Mean    Std. dev.       Min        Max
-------------+---------------------------------------------------------
    ideology |         71    2.901408     1.75788          1          9

Two-sample t test with equal variances
------------------------------------------------------------------------------
   Group |     Obs        Mean    Std. err.   Std. dev.   [95% conf. interval]
---------+--------------------------------------------------------------------
       0 |     383    3.013055    .0900705    1.762714    2.835959    3.190151
       1 |      71    2.901408    .2086219     1.75788    2.485325    3.317492
---------+--------------------------------------------------------------------
Combined |     454    2.995595    .0826238    1.760488    2.833221    3.157968
---------+--------------------------------------------------------------------
    diff |            .1116464    .2276653               -.3357674    .5590602
------------------------------------------------------------------------------
    diff = mean(0) - mean(1)                                      t =   0.4904
H0: diff = 0                                     Degrees of freedom =      452

    Ha: diff < 0                 Ha: diff != 0                 Ha: diff > 0
 Pr(T < t) = 0.6880         Pr(|T| > |t|) = 0.6241          Pr(T > t) = 0.3120

. 
. 
. file open myfile using "$output/attrition.tex", write append

. file write myfile "\midrule "

. file write myfile "\multicolumn{7}{l}{Panel B: Private Beliefs} \\"

. file write myfile "\midrule "

. file close myfile

. 
. label var private_rename_schools "Rename Schools"

. label var private_affirmative_action "Affirmative Action"

. label var private_death_penalty "Death Penalty"

. label var private_immunizations "Immunizations"

. label var private_dst "DST"

. 
. foreach x of varlist private_rename_schools private_affirmative_action private_death_penalty private
> _immunizations private_dst{
  2.    sum `x' 
  3.    scalar mean_a = r(mean)
  4.    scalar sd_a = r(sd)
  5.    sum `x' if attr == 0 
  6.    scalar mean_g = r(mean)  
  7.    scalar sd_g = r(sd)
  8.    sum `x' if attr == 1
  9.    scalar mean_n = r(mean)  
 10.    scalar sd_n = r(sd)
 11.    ttest `x', by(attr)
 12.    scalar p = r(p)
 13.    
.    cap file close _all
 14.    file open myfile using "$output/attrition.tex", write append
 15.    file write myfile "`: var label `x''" "&" %8.2f (mean_a) "&" %8.2f (sd_a) "&" %8.2f (mean_g) /
> //
>    "&" %8.2f (sd_g) "&" %8.2f (mean_n) "&" %8.2f (sd_n) "&" %8.2f (p) "\\" 
 16.    
.    file close myfile
 17. }

    Variable |        Obs        Mean    Std. dev.       Min        Max
-------------+---------------------------------------------------------
private_re~s |        449    .4008909    .4906256          0          1

    Variable |        Obs        Mean    Std. dev.       Min        Max
-------------+---------------------------------------------------------
private_re~s |        380    .3894737    .4882738          0          1

    Variable |        Obs        Mean    Std. dev.       Min        Max
-------------+---------------------------------------------------------
private_re~s |         69    .4637681    .5023389          0          1

Two-sample t test with equal variances
------------------------------------------------------------------------------
   Group |     Obs        Mean    Std. err.   Std. dev.   [95% conf. interval]
---------+--------------------------------------------------------------------
       0 |     380    .3894737    .0250479    .4882738    .3402234     .438724
       1 |      69    .4637681    .0604745    .5023389    .3430931    .5844431
---------+--------------------------------------------------------------------
Combined |     449    .4008909    .0231541    .4906256    .3553868    .4463949
---------+--------------------------------------------------------------------
    diff |           -.0742944    .0641789               -.2004243    .0518354
------------------------------------------------------------------------------
    diff = mean(0) - mean(1)                                      t =  -1.1576
H0: diff = 0                                     Degrees of freedom =      447

    Ha: diff < 0                 Ha: diff != 0                 Ha: diff > 0
 Pr(T < t) = 0.1238         Pr(|T| > |t|) = 0.2476          Pr(T > t) = 0.8762

    Variable |        Obs        Mean    Std. dev.       Min        Max
-------------+---------------------------------------------------------
private_af~n |        452    .4734513    .4998479          0          1

    Variable |        Obs        Mean    Std. dev.       Min        Max
-------------+---------------------------------------------------------
private_af~n |        381    .4645669    .4993987          0          1

    Variable |        Obs        Mean    Std. dev.       Min        Max
-------------+---------------------------------------------------------
private_af~n |         71    .5211268     .503109          0          1

Two-sample t test with equal variances
------------------------------------------------------------------------------
   Group |     Obs        Mean    Std. err.   Std. dev.   [95% conf. interval]
---------+--------------------------------------------------------------------
       0 |     381    .4645669     .025585    .4993987    .4142611    .5148728
       1 |      71    .5211268    .0597081     .503109    .4020428    .6402107
---------+--------------------------------------------------------------------
Combined |     452    .4734513    .0235109    .4998479    .4272469    .5196558
---------+--------------------------------------------------------------------
    diff |           -.0565598    .0646291               -.1835722    .0704525
------------------------------------------------------------------------------
    diff = mean(0) - mean(1)                                      t =  -0.8751
H0: diff = 0                                     Degrees of freedom =      450

    Ha: diff < 0                 Ha: diff != 0                 Ha: diff > 0
 Pr(T < t) = 0.1910         Pr(|T| > |t|) = 0.3820          Pr(T > t) = 0.8090

    Variable |        Obs        Mean    Std. dev.       Min        Max
-------------+---------------------------------------------------------
private_de~y |        453    .6313466    .4875323          0          2

    Variable |        Obs        Mean    Std. dev.       Min        Max
-------------+---------------------------------------------------------
private_de~y |        382    .6282723       .4839          0          1

    Variable |        Obs        Mean    Std. dev.       Min        Max
-------------+---------------------------------------------------------
private_de~y |         71    .6478873    .5098625          0          2

Two-sample t test with equal variances
------------------------------------------------------------------------------
   Group |     Obs        Mean    Std. err.   Std. dev.   [95% conf. interval]
---------+--------------------------------------------------------------------
       0 |     382    .6282723    .0247585       .4839    .5795919    .6769526
       1 |      71    .6478873    .0605095    .5098625    .5272048    .7685698
---------+--------------------------------------------------------------------
Combined |     453    .6313466    .0229063    .4875323    .5863306    .6763626
---------+--------------------------------------------------------------------
    diff |           -.0196151    .0630705               -.1435635    .1043334
------------------------------------------------------------------------------
    diff = mean(0) - mean(1)                                      t =  -0.3110
H0: diff = 0                                     Degrees of freedom =      451

    Ha: diff < 0                 Ha: diff != 0                 Ha: diff > 0
 Pr(T < t) = 0.3780         Pr(|T| > |t|) = 0.7559          Pr(T > t) = 0.6220

    Variable |        Obs        Mean    Std. dev.       Min        Max
-------------+---------------------------------------------------------
private_im~s |        453    .7417219    .4381716          0          1

    Variable |        Obs        Mean    Std. dev.       Min        Max
-------------+---------------------------------------------------------
private_im~s |        382    .7329843    .4429808          0          1

    Variable |        Obs        Mean    Std. dev.       Min        Max
-------------+---------------------------------------------------------
private_im~s |         71    .7887324    .4111132          0          1

Two-sample t test with equal variances
------------------------------------------------------------------------------
   Group |     Obs        Mean    Std. err.   Std. dev.   [95% conf. interval]
---------+--------------------------------------------------------------------
       0 |     382    .7329843    .0226649    .4429808    .6884204    .7775482
       1 |      71    .7887324    .0487902    .4111132    .6914235    .8860413
---------+--------------------------------------------------------------------
Combined |     453    .7417219    .0205871    .4381716    .7012635    .7821802
---------+--------------------------------------------------------------------
    diff |           -.0557481    .0566301               -.1670397    .0555435
------------------------------------------------------------------------------
    diff = mean(0) - mean(1)                                      t =  -0.9844
H0: diff = 0                                     Degrees of freedom =      451

    Ha: diff < 0                 Ha: diff != 0                 Ha: diff > 0
 Pr(T < t) = 0.1627         Pr(|T| > |t|) = 0.3254          Pr(T > t) = 0.8373

    Variable |        Obs        Mean    Std. dev.       Min        Max
-------------+---------------------------------------------------------
 private_dst |        359    .6796657    .4672562          0          1

    Variable |        Obs        Mean    Std. dev.       Min        Max
-------------+---------------------------------------------------------
 private_dst |        288    .6597222    .4746272          0          1

    Variable |        Obs        Mean    Std. dev.       Min        Max
-------------+---------------------------------------------------------
 private_dst |         71    .7605634     .429777          0          1

Two-sample t test with equal variances
------------------------------------------------------------------------------
   Group |     Obs        Mean    Std. err.   Std. dev.   [95% conf. interval]
---------+--------------------------------------------------------------------
       0 |     288    .6597222    .0279677    .4746272    .6046744      .71477
       1 |      71    .7605634    .0510051     .429777    .6588368    .8622899
---------+--------------------------------------------------------------------
Combined |     359    .6796657    .0246608    .4672562    .6311674    .7281641
---------+--------------------------------------------------------------------
    diff |           -.1008412    .0617688               -.2223176    .0206353
------------------------------------------------------------------------------
    diff = mean(0) - mean(1)                                      t =  -1.6326
H0: diff = 0                                     Degrees of freedom =      357

    Ha: diff < 0                 Ha: diff != 0                 Ha: diff > 0
 Pr(T < t) = 0.0517         Pr(|T| > |t|) = 0.1034          Pr(T > t) = 0.9483

. 
. file open myfile using "$output/attrition.tex", write append

. file write myfile "\midrule "

. file write myfile "\multicolumn{7}{l}{Panel C: Baseline Guesses} \\"

. file write myfile "\midrule "

. file close myfile

. 
. label var guesses_rename_schools "Rename Schools"

. label var guesses_affirmative_action "Affirmative Action"

. label var guesses_death_penalty "Death Penalty"

. label var guesses_immunizations "Immunizations"

. label var guesses_dst "DST"

. 
. foreach x of varlist guesses_rename_schools guesses_affirmative_action guesses_death_penalty guesses
> _immunizations guesses_dst{
  2.    sum `x' 
  3.    scalar mean_a = r(mean)
  4.    scalar sd_a = r(sd)
  5.    sum `x' if attr == 0 
  6.    scalar mean_g = r(mean)  
  7.    scalar sd_g = r(sd)
  8.    sum `x' if attr == 1
  9.    scalar mean_n = r(mean)  
 10.    scalar sd_n = r(sd)
 11.    ttest `x', by(attr)
 12.    scalar p = r(p)
 13.    
.    cap file close _all
 14.    file open myfile using "$output/attrition.tex", write append
 15.    file write myfile "`: var label `x''" "&" %8.2f (mean_a) "&" %8.2f (sd_a) "&" %8.2f (mean_g) /
> //
>    "&" %8.2f (sd_g) "&" %8.2f (mean_n) "&" %8.2f (sd_n) "&" %8.2f (p) "\\" 
 16.    
.    file close myfile
 17. }

    Variable |        Obs        Mean    Std. dev.       Min        Max
-------------+---------------------------------------------------------
guesses_re~s |        454    55.87665    21.30505          0        100

    Variable |        Obs        Mean    Std. dev.       Min        Max
-------------+---------------------------------------------------------
guesses_re~s |        383    55.59791    21.23566          0        100

    Variable |        Obs        Mean    Std. dev.       Min        Max
-------------+---------------------------------------------------------
guesses_re~s |         71    57.38028    21.76653         15        100

Two-sample t test with equal variances
------------------------------------------------------------------------------
   Group |     Obs        Mean    Std. err.   Std. dev.   [95% conf. interval]
---------+--------------------------------------------------------------------
       0 |     383    55.59791    1.085091    21.23566    53.46441    57.73141
       1 |      71    57.38028    2.583212    21.76653    52.22823    62.53234
---------+--------------------------------------------------------------------
Combined |     454    55.87665    .9998957    21.30505    53.91164    57.84166
---------+--------------------------------------------------------------------
    diff |            -1.78237    2.754614               -7.195811     3.63107
------------------------------------------------------------------------------
    diff = mean(0) - mean(1)                                      t =  -0.6470
H0: diff = 0                                     Degrees of freedom =      452

    Ha: diff < 0                 Ha: diff != 0                 Ha: diff > 0
 Pr(T < t) = 0.2590         Pr(|T| > |t|) = 0.5179          Pr(T > t) = 0.7410

    Variable |        Obs        Mean    Std. dev.       Min        Max
-------------+---------------------------------------------------------
guesses_af~n |        454    52.89648     20.6448          0        100

    Variable |        Obs        Mean    Std. dev.       Min        Max
-------------+---------------------------------------------------------
guesses_af~n |        383    52.55352    20.80014          0        100

    Variable |        Obs        Mean    Std. dev.       Min        Max
-------------+---------------------------------------------------------
guesses_af~n |         71    54.74648    19.82547          0        100

Two-sample t test with equal variances
------------------------------------------------------------------------------
   Group |     Obs        Mean    Std. err.   Std. dev.   [95% conf. interval]
---------+--------------------------------------------------------------------
       0 |     383    52.55352    1.062837    20.80014    50.46378    54.64327
       1 |      71    54.74648     2.35285    19.82547    50.05387    59.43909
---------+--------------------------------------------------------------------
Combined |     454    52.89648    .9689085     20.6448    50.99236    54.80059
---------+--------------------------------------------------------------------
    diff |           -2.192954    2.668491               -7.437143    3.051234
------------------------------------------------------------------------------
    diff = mean(0) - mean(1)                                      t =  -0.8218
H0: diff = 0                                     Degrees of freedom =      452

    Ha: diff < 0                 Ha: diff != 0                 Ha: diff > 0
 Pr(T < t) = 0.2058         Pr(|T| > |t|) = 0.4116          Pr(T > t) = 0.7942

    Variable |        Obs        Mean    Std. dev.       Min        Max
-------------+---------------------------------------------------------
guesses_de~y |        454    68.15088    19.03163         .5        100

    Variable |        Obs        Mean    Std. dev.       Min        Max
-------------+---------------------------------------------------------
guesses_de~y |        383    68.02219    19.47747         .5        100

    Variable |        Obs        Mean    Std. dev.       Min        Max
-------------+---------------------------------------------------------
guesses_de~y |         71    68.84507    16.52587         30         99

Two-sample t test with equal variances
------------------------------------------------------------------------------
   Group |     Obs        Mean    Std. err.   Std. dev.   [95% conf. interval]
---------+--------------------------------------------------------------------
       0 |     383    68.02219    .9952523    19.47747    66.06533    69.97905
       1 |      71    68.84507    1.961259    16.52587    64.93346    72.75668
---------+--------------------------------------------------------------------
Combined |     454    68.15088    .8931986    19.03163    66.39555    69.90621
---------+--------------------------------------------------------------------
    diff |           -.8228772     2.46151                 -5.6603    4.014546
------------------------------------------------------------------------------
    diff = mean(0) - mean(1)                                      t =  -0.3343
H0: diff = 0                                     Degrees of freedom =      452

    Ha: diff < 0                 Ha: diff != 0                 Ha: diff > 0
 Pr(T < t) = 0.3692         Pr(|T| > |t|) = 0.7383          Pr(T > t) = 0.6308

    Variable |        Obs        Mean    Std. dev.       Min        Max
-------------+---------------------------------------------------------
guesses_im~s |        454    70.03524    23.56427          0        100

    Variable |        Obs        Mean    Std. dev.       Min        Max
-------------+---------------------------------------------------------
guesses_im~s |        383    69.43603    24.37986          0        100

    Variable |        Obs        Mean    Std. dev.       Min        Max
-------------+---------------------------------------------------------
guesses_im~s |         71    73.26761    18.36453         23        100

Two-sample t test with equal variances
------------------------------------------------------------------------------
   Group |     Obs        Mean    Std. err.   Std. dev.   [95% conf. interval]
---------+--------------------------------------------------------------------
       0 |     383    69.43603    1.245753    24.37986    66.98664    71.88542
       1 |      71    73.26761    2.179469    18.36453    68.92079    77.61442
---------+--------------------------------------------------------------------
Combined |     454    70.03524    1.105926    23.56427    67.86186    72.20862
---------+--------------------------------------------------------------------
    diff |           -3.831574    3.042795               -9.811356    2.148207
------------------------------------------------------------------------------
    diff = mean(0) - mean(1)                                      t =  -1.2592
H0: diff = 0                                     Degrees of freedom =      452

    Ha: diff < 0                 Ha: diff != 0                 Ha: diff > 0
 Pr(T < t) = 0.1043         Pr(|T| > |t|) = 0.2086          Pr(T > t) = 0.8957

    Variable |        Obs        Mean    Std. dev.       Min        Max
-------------+---------------------------------------------------------
 guesses_dst |        359    65.00557    24.45746          0        100

    Variable |        Obs        Mean    Std. dev.       Min        Max
-------------+---------------------------------------------------------
 guesses_dst |        288    64.01042     24.9795          0        100

    Variable |        Obs        Mean    Std. dev.       Min        Max
-------------+---------------------------------------------------------
 guesses_dst |         71    69.04225    21.91571          5        100

Two-sample t test with equal variances
------------------------------------------------------------------------------
   Group |     Obs        Mean    Std. err.   Std. dev.   [95% conf. interval]
---------+--------------------------------------------------------------------
       0 |     288    64.01042    1.471931     24.9795    61.11327    66.90757
       1 |      71    69.04225    2.600916    21.91571    63.85489    74.22962
---------+--------------------------------------------------------------------
Combined |     359    65.00557    1.290816    24.45746    62.46704    67.54411
---------+--------------------------------------------------------------------
    diff |           -5.031837    3.234248               -11.39241    1.328736
------------------------------------------------------------------------------
    diff = mean(0) - mean(1)                                      t =  -1.5558
H0: diff = 0                                     Degrees of freedom =      357

    Ha: diff < 0                 Ha: diff != 0                 Ha: diff > 0
 Pr(T < t) = 0.0603         Pr(|T| > |t|) = 0.1206          Pr(T > t) = 0.9397

. 
. 
. file open myfile using "$output/attrition.tex", write append

. file write myfile "\midrule "

. file write myfile "\multicolumn{7}{l}{Panel D: Treatment Assignment} \\"

. file write myfile "\midrule "

. file close myfile

. 
. label var treat "Treat"

. 
. foreach x of varlist treat{
  2.    sum `x' 
  3.    scalar mean_a = r(mean)
  4.    scalar sd_a = r(sd)
  5.    sum `x' if attr == 0 
  6.    scalar mean_g = r(mean)  
  7.    scalar sd_g = r(sd)
  8.    sum `x' if attr == 1
  9.    scalar mean_n = r(mean)  
 10.    scalar sd_n = r(sd)
 11.    ttest `x', by(attr)
 12.    scalar p = r(p)
 13.    
.    cap file close _all
 14.    file open myfile using "$output/attrition.tex", write append
 15.    file write myfile "`: var label `x''" "&" %8.2f (mean_a) "&" %8.2f (sd_a) "&" %8.2f (mean_g) /
> //
>    "&" %8.2f (sd_g) "&" %8.2f (mean_n) "&" %8.2f (sd_n) "&" %8.2f (p) "\\" 
 16.    
.    file close myfile
 17. }

    Variable |        Obs        Mean    Std. dev.       Min        Max
-------------+---------------------------------------------------------
       treat |        398          .5    .5006293          0          1

    Variable |        Obs        Mean    Std. dev.       Min        Max
-------------+---------------------------------------------------------
       treat |        333    .5015015    .5007502          0          1

    Variable |        Obs        Mean    Std. dev.       Min        Max
-------------+---------------------------------------------------------
       treat |         65    .4923077    .5038315          0          1

Two-sample t test with equal variances
------------------------------------------------------------------------------
   Group |     Obs        Mean    Std. err.   Std. dev.   [95% conf. interval]
---------+--------------------------------------------------------------------
       0 |     333    .5015015    .0274409    .5007502    .4475215    .5554815
       1 |      65    .4923077    .0624926    .5038315    .3674644     .617151
---------+--------------------------------------------------------------------
Combined |     398          .5    .0250943    .5006293    .4506657    .5493343
---------+--------------------------------------------------------------------
    diff |            .0091938    .0679699               -.1244332    .1428208
------------------------------------------------------------------------------
    diff = mean(0) - mean(1)                                      t =   0.1353
H0: diff = 0                                     Degrees of freedom =      396

    Ha: diff < 0                 Ha: diff != 0                 Ha: diff > 0
 Pr(T < t) = 0.5538         Pr(|T| > |t|) = 0.8925          Pr(T > t) = 0.4462

. file open myfile using "$output/attrition.tex", write append

. file write myfile "\bottomrule "

. file write myfile "\end{tabular} "

. 
. file close myfile

. 
end of do-file

. do "$code/Table C4.do"

. * Attrition Table C.4: whether those who drop out in the treatment and control groups differ in know
> n characteristics  
. use "$data/attrition.dta", clear
(attrition -- de-identified 21 Aug 2026)

. 
. keep if attr == 1 
(383 observations deleted)

. gen female = 0

. replace female = 1 if gender == 2
(44 real changes made)

. 
. gen asian = 0 

. replace asian = 1 if race == 2
(31 real changes made)

. 
. gen white = 0 

. replace white = 1 if race == 6
(20 real changes made)

.         
. count if treat == 0
  33

. local n_c = r(N)

. 
. count if treat == 1
  32

. local n_t = r(N)

. 
. count if treat !=.
  65

. local n_total = r(N)

. 
. cap file close _all

. 
. file open myfile using "$output/attrition_v2.tex", write replace
(file /Users/yihong/Desktop/Silence Replicate Final/Output/attrition_v2.tex not found)

. file write myfile "\begin{tabular}{l*{8}c}"

. file write myfile "\toprule"

. file write myfile " & \multicolumn{2}{c}{\textbf{Dropouts (N = `n_total')}} & \multicolumn{2}{c}{\te
> xtbf{Control Dropouts (N = `n_c')}}  & \multicolumn{2}{c}{\textbf{Treat Dropouts (N = `n_t')}} & \mu
> lticolumn{1}{c}{\textbf{T test}} \\"

. file write myfile "\cmidrule(r){2-3} \cmidrule(r){4-5} \cmidrule(r){6-7}  \cmidrule(r){8-8} "

. file write myfile " & Mean & Sd & Mean & Sd & Mean & Sd & P Value \\ "

. 
. file close myfile

. 
. file open myfile using "$output/attrition_v2.tex", write append

. file write myfile "\midrule "

. file write myfile "\multicolumn{7}{l}{Panel A: Demographics} \\"

. file write myfile "\midrule "

. file close myfile

. 
. label var female "Female"

. label var year "Year"

. label var white "White"

. label var asian "Asian"

. label var ideology "Ideology"

. 
. foreach x of varlist female asian white year ideology {
  2.    sum `x' 
  3.    scalar mean_a = r(mean)
  4.    scalar sd_a = r(sd)
  5.    sum `x' if treat == 0
  6.    scalar mean_g = r(mean)  
  7.    scalar sd_g = r(sd)
  8.    sum `x' if treat == 1
  9.    scalar mean_n = r(mean)  
 10.    scalar sd_n = r(sd)
 11.    ttest `x', by(treat)
 12.    scalar p = r(p)
 13.    
.    cap file close _all
 14.    file open myfile using "$output/attrition_v2.tex", write append
 15.    file write myfile "`: var label `x''" "&" %8.2f (mean_a) "&" %8.2f (sd_a) "&" %8.2f (mean_g) /
> //
>    "&" %8.2f (sd_g) "&" %8.2f (mean_n) "&" %8.2f (sd_n) "&" %8.2f (p) "\\" 
 16.    
.    file close myfile
 17. }

    Variable |        Obs        Mean    Std. dev.       Min        Max
-------------+---------------------------------------------------------
      female |         71    .6197183    .4889112          0          1

    Variable |        Obs        Mean    Std. dev.       Min        Max
-------------+---------------------------------------------------------
      female |         33    .5757576    .5018904          0          1

    Variable |        Obs        Mean    Std. dev.       Min        Max
-------------+---------------------------------------------------------
      female |         32        .625    .4918694          0          1

Two-sample t test with equal variances
------------------------------------------------------------------------------
   Group |     Obs        Mean    Std. err.   Std. dev.   [95% conf. interval]
---------+--------------------------------------------------------------------
       0 |      33    .5757576    .0873679    .5018904     .397795    .7537202
       1 |      32        .625     .086951    .4918694    .4476622    .8023378
---------+--------------------------------------------------------------------
Combined |      65          .6    .0612372    .4937104    .4776645    .7223355
---------+--------------------------------------------------------------------
    diff |           -.0492424    .1233013               -.2956404    .1971556
------------------------------------------------------------------------------
    diff = mean(0) - mean(1)                                      t =  -0.3994
H0: diff = 0                                     Degrees of freedom =       63

    Ha: diff < 0                 Ha: diff != 0                 Ha: diff > 0
 Pr(T < t) = 0.3455         Pr(|T| > |t|) = 0.6910          Pr(T > t) = 0.6545

    Variable |        Obs        Mean    Std. dev.       Min        Max
-------------+---------------------------------------------------------
       asian |         71    .4366197    .4994967          0          1

    Variable |        Obs        Mean    Std. dev.       Min        Max
-------------+---------------------------------------------------------
       asian |         33    .4242424    .5018904          0          1

    Variable |        Obs        Mean    Std. dev.       Min        Max
-------------+---------------------------------------------------------
       asian |         32       .4375    .5040161          0          1

Two-sample t test with equal variances
------------------------------------------------------------------------------
   Group |     Obs        Mean    Std. err.   Std. dev.   [95% conf. interval]
---------+--------------------------------------------------------------------
       0 |      33    .4242424    .0873679    .5018904    .2462798     .602205
       1 |      32       .4375    .0890983    .5040161    .2557828    .6192172
---------+--------------------------------------------------------------------
Combined |      65    .4307692     .061898    .4990375    .3071138    .5544247
---------+--------------------------------------------------------------------
    diff |           -.0132576    .1247782               -.2626069    .2360918
------------------------------------------------------------------------------
    diff = mean(0) - mean(1)                                      t =  -0.1062
H0: diff = 0                                     Degrees of freedom =       63

    Ha: diff < 0                 Ha: diff != 0                 Ha: diff > 0
 Pr(T < t) = 0.4579         Pr(|T| > |t|) = 0.9157          Pr(T > t) = 0.5421

    Variable |        Obs        Mean    Std. dev.       Min        Max
-------------+---------------------------------------------------------
       white |         71    .2816901    .4530247          0          1

    Variable |        Obs        Mean    Std. dev.       Min        Max
-------------+---------------------------------------------------------
       white |         33    .3333333    .4787136          0          1

    Variable |        Obs        Mean    Std. dev.       Min        Max
-------------+---------------------------------------------------------
       white |         32      .28125    .4568034          0          1

Two-sample t test with equal variances
------------------------------------------------------------------------------
   Group |     Obs        Mean    Std. err.   Std. dev.   [95% conf. interval]
---------+--------------------------------------------------------------------
       0 |      33    .3333333    .0833333    .4787136    .1635889    .5030778
       1 |      32      .28125    .0807522    .4568034    .1165548    .4459452
---------+--------------------------------------------------------------------
Combined |      65    .3076923    .0576923    .4651303    .1924387    .4229459
---------+--------------------------------------------------------------------
    diff |            .0520833    .1161253               -.1799745    .2841412
------------------------------------------------------------------------------
    diff = mean(0) - mean(1)                                      t =   0.4485
H0: diff = 0                                     Degrees of freedom =       63

    Ha: diff < 0                 Ha: diff != 0                 Ha: diff > 0
 Pr(T < t) = 0.6723         Pr(|T| > |t|) = 0.6553          Pr(T > t) = 0.3277

    Variable |        Obs        Mean    Std. dev.       Min        Max
-------------+---------------------------------------------------------
        year |         71    2.971831    1.351949          1          6

    Variable |        Obs        Mean    Std. dev.       Min        Max
-------------+---------------------------------------------------------
        year |         33    2.757576    1.225518          1          6

    Variable |        Obs        Mean    Std. dev.       Min        Max
-------------+---------------------------------------------------------
        year |         32      2.9375    1.389767          1          6

Two-sample t test with equal variances
------------------------------------------------------------------------------
   Group |     Obs        Mean    Std. err.   Std. dev.   [95% conf. interval]
---------+--------------------------------------------------------------------
       0 |      33    2.757576    .2133353    1.225518    2.323026    3.192125
       1 |      32      2.9375    .2456784    1.389767    2.436436    3.438564
---------+--------------------------------------------------------------------
Combined |      65    2.846154    .1614698    1.301811    2.523581    3.168727
---------+--------------------------------------------------------------------
    diff |           -.1799242    .3247408               -.8288669    .4690184
------------------------------------------------------------------------------
    diff = mean(0) - mean(1)                                      t =  -0.5541
H0: diff = 0                                     Degrees of freedom =       63

    Ha: diff < 0                 Ha: diff != 0                 Ha: diff > 0
 Pr(T < t) = 0.2908         Pr(|T| > |t|) = 0.5815          Pr(T > t) = 0.7092

    Variable |        Obs        Mean    Std. dev.       Min        Max
-------------+---------------------------------------------------------
    ideology |         71    2.901408     1.75788          1          9

    Variable |        Obs        Mean    Std. dev.       Min        Max
-------------+---------------------------------------------------------
    ideology |         33     2.69697     1.62951          1          9

    Variable |        Obs        Mean    Std. dev.       Min        Max
-------------+---------------------------------------------------------
    ideology |         32       3.125    1.995964          1          9

Two-sample t test with equal variances
------------------------------------------------------------------------------
   Group |     Obs        Mean    Std. err.   Std. dev.   [95% conf. interval]
---------+--------------------------------------------------------------------
       0 |      33     2.69697    .2836613     1.62951    2.119171    3.274769
       1 |      32       3.125    .3528399    1.995964    2.405378    3.844622
---------+--------------------------------------------------------------------
Combined |      65    2.907692    .2254516    1.817649    2.457301    3.358084
---------+--------------------------------------------------------------------
    diff |           -.4280303     .451311               -1.329903    .4738428
------------------------------------------------------------------------------
    diff = mean(0) - mean(1)                                      t =  -0.9484
H0: diff = 0                                     Degrees of freedom =       63

    Ha: diff < 0                 Ha: diff != 0                 Ha: diff > 0
 Pr(T < t) = 0.1733         Pr(|T| > |t|) = 0.3465          Pr(T > t) = 0.8267

. 
. 
. file open myfile using "$output/attrition_v2.tex", write append

. file write myfile "\midrule "

. file write myfile "\multicolumn{7}{l}{Panel B: Private Beliefs} \\"

. file write myfile "\midrule "

. file close myfile

. 
. label var private_rename_schools "Rename Schools"

. label var private_affirmative_action "Affirmative Action"

. label var private_death_penalty "Death Penalty"

. label var private_immunizations "Immunizations"

. label var private_dst "DST"

. 
. foreach x of varlist private_rename_schools private_affirmative_action private_death_penalty private
> _immunizations private_dst{
  2.    sum `x' 
  3.    scalar mean_a = r(mean)
  4.    scalar sd_a = r(sd)
  5.    sum `x' if treat == 0 
  6.    scalar mean_g = r(mean)  
  7.    scalar sd_g = r(sd)
  8.    sum `x' if treat == 1
  9.    scalar mean_n = r(mean)  
 10.    scalar sd_n = r(sd)
 11.    ttest `x', by(treat)
 12.    scalar p = r(p)
 13.    
.    cap file close _all
 14.    file open myfile using "$output/attrition_v2.tex", write append
 15.    file write myfile "`: var label `x''" "&" %8.2f (mean_a) "&" %8.2f (sd_a) "&" %8.2f (mean_g) /
> //
>    "&" %8.2f (sd_g) "&" %8.2f (mean_n) "&" %8.2f (sd_n) "&" %8.2f (p) "\\" 
 16.    
.    file close myfile
 17. }

    Variable |        Obs        Mean    Std. dev.       Min        Max
-------------+---------------------------------------------------------
private_re~s |         69    .4637681    .5023389          0          1

    Variable |        Obs        Mean    Std. dev.       Min        Max
-------------+---------------------------------------------------------
private_re~s |         31    .3870968    .4951376          0          1

    Variable |        Obs        Mean    Std. dev.       Min        Max
-------------+---------------------------------------------------------
private_re~s |         32       .5625    .5040161          0          1

Two-sample t test with equal variances
------------------------------------------------------------------------------
   Group |     Obs        Mean    Std. err.   Std. dev.   [95% conf. interval]
---------+--------------------------------------------------------------------
       0 |      31    .3870968    .0889293    .4951376    .2054788    .5687147
       1 |      32       .5625    .0890983    .5040161    .3807828    .7442172
---------+--------------------------------------------------------------------
Combined |      63    .4761905     .063428    .5034444    .3493997    .6029813
---------+--------------------------------------------------------------------
    diff |           -.1754032    .1259207               -.4271973    .0763908
------------------------------------------------------------------------------
    diff = mean(0) - mean(1)                                      t =  -1.3930
H0: diff = 0                                     Degrees of freedom =       61

    Ha: diff < 0                 Ha: diff != 0                 Ha: diff > 0
 Pr(T < t) = 0.0843         Pr(|T| > |t|) = 0.1687          Pr(T > t) = 0.9157

    Variable |        Obs        Mean    Std. dev.       Min        Max
-------------+---------------------------------------------------------
private_af~n |         71    .5211268     .503109          0          1

    Variable |        Obs        Mean    Std. dev.       Min        Max
-------------+---------------------------------------------------------
private_af~n |         33    .5757576    .5018904          0          1

    Variable |        Obs        Mean    Std. dev.       Min        Max
-------------+---------------------------------------------------------
private_af~n |         32      .46875    .5070073          0          1

Two-sample t test with equal variances
------------------------------------------------------------------------------
   Group |     Obs        Mean    Std. err.   Std. dev.   [95% conf. interval]
---------+--------------------------------------------------------------------
       0 |      33    .5757576    .0873679    .5018904     .397795    .7537202
       1 |      32      .46875    .0896271    .5070073    .2859544    .6515456
---------+--------------------------------------------------------------------
Combined |      65    .5230769    .0624334    .5033541    .3983519     .647802
---------+--------------------------------------------------------------------
    diff |            .1070076    .1251447               -.1430742    .3570893
------------------------------------------------------------------------------
    diff = mean(0) - mean(1)                                      t =   0.8551
H0: diff = 0                                     Degrees of freedom =       63

    Ha: diff < 0                 Ha: diff != 0                 Ha: diff > 0
 Pr(T < t) = 0.8021         Pr(|T| > |t|) = 0.3958          Pr(T > t) = 0.1979

    Variable |        Obs        Mean    Std. dev.       Min        Max
-------------+---------------------------------------------------------
private_de~y |         71    .6478873    .5098625          0          2

    Variable |        Obs        Mean    Std. dev.       Min        Max
-------------+---------------------------------------------------------
private_de~y |         33    .7272727    .5167644          0          2

    Variable |        Obs        Mean    Std. dev.       Min        Max
-------------+---------------------------------------------------------
private_de~y |         32       .5625    .5040161          0          1

Two-sample t test with equal variances
------------------------------------------------------------------------------
   Group |     Obs        Mean    Std. err.   Std. dev.   [95% conf. interval]
---------+--------------------------------------------------------------------
       0 |      33    .7272727    .0899571    .5167644     .544036    .9105094
       1 |      32       .5625    .0890983    .5040161    .3807828    .7442172
---------+--------------------------------------------------------------------
Combined |      65    .6461538    .0636652     .513285     .518968    .7733397
---------+--------------------------------------------------------------------
    diff |            .1647727    .1266622               -.0883415    .4178869
------------------------------------------------------------------------------
    diff = mean(0) - mean(1)                                      t =   1.3009
H0: diff = 0                                     Degrees of freedom =       63

    Ha: diff < 0                 Ha: diff != 0                 Ha: diff > 0
 Pr(T < t) = 0.9010         Pr(|T| > |t|) = 0.1980          Pr(T > t) = 0.0990

    Variable |        Obs        Mean    Std. dev.       Min        Max
-------------+---------------------------------------------------------
private_im~s |         71    .7887324    .4111132          0          1

    Variable |        Obs        Mean    Std. dev.       Min        Max
-------------+---------------------------------------------------------
private_im~s |         33    .7575758    .4351941          0          1

    Variable |        Obs        Mean    Std. dev.       Min        Max
-------------+---------------------------------------------------------
private_im~s |         32       .8125    .3965578          0          1

Two-sample t test with equal variances
------------------------------------------------------------------------------
   Group |     Obs        Mean    Std. err.   Std. dev.   [95% conf. interval]
---------+--------------------------------------------------------------------
       0 |      33    .7575758    .0757576    .4351941    .6032626    .9118889
       1 |      32       .8125    .0701022    .3965578    .6695257    .9554743
---------+--------------------------------------------------------------------
Combined |      65    .7846154    .0513861    .4142881    .6819598    .8872709
---------+--------------------------------------------------------------------
    diff |           -.0549242    .1033656               -.2614838    .1516354
------------------------------------------------------------------------------
    diff = mean(0) - mean(1)                                      t =  -0.5314
H0: diff = 0                                     Degrees of freedom =       63

    Ha: diff < 0                 Ha: diff != 0                 Ha: diff > 0
 Pr(T < t) = 0.2985         Pr(|T| > |t|) = 0.5970          Pr(T > t) = 0.7015

    Variable |        Obs        Mean    Std. dev.       Min        Max
-------------+---------------------------------------------------------
 private_dst |         71    .7605634     .429777          0          1

    Variable |        Obs        Mean    Std. dev.       Min        Max
-------------+---------------------------------------------------------
 private_dst |         33    .8181818    .3916747          0          1

    Variable |        Obs        Mean    Std. dev.       Min        Max
-------------+---------------------------------------------------------
 private_dst |         32       .6875    .4709291          0          1

Two-sample t test with equal variances
------------------------------------------------------------------------------
   Group |     Obs        Mean    Std. err.   Std. dev.   [95% conf. interval]
---------+--------------------------------------------------------------------
       0 |      33    .8181818    .0681818    .3916747       .6793    .9570636
       1 |      32       .6875    .0832493    .4709291     .517712     .857288
---------+--------------------------------------------------------------------
Combined |      65    .7538462    .0538462    .4341216    .6462761    .8614162
---------+--------------------------------------------------------------------
    diff |            .1306818    .1073007               -.0837415    .3451051
------------------------------------------------------------------------------
    diff = mean(0) - mean(1)                                      t =   1.2179
H0: diff = 0                                     Degrees of freedom =       63

    Ha: diff < 0                 Ha: diff != 0                 Ha: diff > 0
 Pr(T < t) = 0.8861         Pr(|T| > |t|) = 0.2278          Pr(T > t) = 0.1139

. 
. file open myfile using "$output/attrition_v2.tex", write append

. file write myfile "\midrule "

. file write myfile "\multicolumn{7}{l}{Panel C: Baseline Guesses} \\"

. file write myfile "\midrule "

. file close myfile

. 
. label var guesses_rename_schools "Rename Schools"

. label var guesses_affirmative_action "Affirmative Action"

. label var guesses_death_penalty "Death Penalty"

. label var guesses_immunizations "Immunizations"

. label var guesses_dst "DST"

. 
. foreach x of varlist guesses_rename_schools guesses_affirmative_action guesses_death_penalty guesses
> _immunizations guesses_dst{
  2.    sum `x' 
  3.    scalar mean_a = r(mean)
  4.    scalar sd_a = r(sd)
  5.    sum `x' if treat == 0 
  6.    scalar mean_g = r(mean)  
  7.    scalar sd_g = r(sd)
  8.    sum `x' if treat == 1
  9.    scalar mean_n = r(mean)  
 10.    scalar sd_n = r(sd)
 11.    ttest `x', by(treat)
 12.    scalar p = r(p)
 13.    
.    cap file close _all
 14.    file open myfile using "$output/attrition_v2.tex", write append
 15.    file write myfile "`: var label `x''" "&" %8.2f (mean_a) "&" %8.2f (sd_a) "&" %8.2f (mean_g) /
> //
>    "&" %8.2f (sd_g) "&" %8.2f (mean_n) "&" %8.2f (sd_n) "&" %8.2f (p) "\\" 
 16.    
.    file close myfile
 17. }

    Variable |        Obs        Mean    Std. dev.       Min        Max
-------------+---------------------------------------------------------
guesses_re~s |         71    57.38028    21.76653         15        100

    Variable |        Obs        Mean    Std. dev.       Min        Max
-------------+---------------------------------------------------------
guesses_re~s |         33    52.90909    20.72041         20         95

    Variable |        Obs        Mean    Std. dev.       Min        Max
-------------+---------------------------------------------------------
guesses_re~s |         32     60.5625    21.84541         15        100

Two-sample t test with equal variances
------------------------------------------------------------------------------
   Group |     Obs        Mean    Std. err.   Std. dev.   [95% conf. interval]
---------+--------------------------------------------------------------------
       0 |      33    52.90909     3.60696    20.72041    45.56195    60.25623
       1 |      32     60.5625    3.861759    21.84541    52.68639    68.43861
---------+--------------------------------------------------------------------
Combined |      65    56.67692    2.662246    21.46371    51.35848    61.99537
---------+--------------------------------------------------------------------
    diff |           -7.653409    5.279893               -18.20443    2.897616
------------------------------------------------------------------------------
    diff = mean(0) - mean(1)                                      t =  -1.4495
H0: diff = 0                                     Degrees of freedom =       63

    Ha: diff < 0                 Ha: diff != 0                 Ha: diff > 0
 Pr(T < t) = 0.0761         Pr(|T| > |t|) = 0.1521          Pr(T > t) = 0.9239

    Variable |        Obs        Mean    Std. dev.       Min        Max
-------------+---------------------------------------------------------
guesses_af~n |         71    54.74648    19.82547          0        100

    Variable |        Obs        Mean    Std. dev.       Min        Max
-------------+---------------------------------------------------------
guesses_af~n |         33     52.0303    14.10781         30         90

    Variable |        Obs        Mean    Std. dev.       Min        Max
-------------+---------------------------------------------------------
guesses_af~n |         32    59.21875    22.69252          0        100

Two-sample t test with equal variances
------------------------------------------------------------------------------
   Group |     Obs        Mean    Std. err.   Std. dev.   [95% conf. interval]
---------+--------------------------------------------------------------------
       0 |      33     52.0303    2.455854    14.10781    47.02789    57.03271
       1 |      32    59.21875    4.011509    22.69252    51.03722    67.40028
---------+--------------------------------------------------------------------
Combined |      65    55.56923    2.360122    19.02791    50.85434    60.28412
---------+--------------------------------------------------------------------
    diff |           -7.188447    4.671136               -16.52297    2.146074
------------------------------------------------------------------------------
    diff = mean(0) - mean(1)                                      t =  -1.5389
H0: diff = 0                                     Degrees of freedom =       63

    Ha: diff < 0                 Ha: diff != 0                 Ha: diff > 0
 Pr(T < t) = 0.0644         Pr(|T| > |t|) = 0.1288          Pr(T > t) = 0.9356

    Variable |        Obs        Mean    Std. dev.       Min        Max
-------------+---------------------------------------------------------
guesses_de~y |         71    68.84507    16.52587         30         99

    Variable |        Obs        Mean    Std. dev.       Min        Max
-------------+---------------------------------------------------------
guesses_de~y |         33          68     14.7754         30         95

    Variable |        Obs        Mean    Std. dev.       Min        Max
-------------+---------------------------------------------------------
guesses_de~y |         32    69.65625    17.79382         35         99

Two-sample t test with equal variances
------------------------------------------------------------------------------
   Group |     Obs        Mean    Std. err.   Std. dev.   [95% conf. interval]
---------+--------------------------------------------------------------------
       0 |      33          68    2.572067     14.7754    62.76087    73.23913
       1 |      32    69.65625    3.145532    17.79382    63.24089    76.07161
---------+--------------------------------------------------------------------
Combined |      65    68.81538    2.012329    16.22391     64.7953    72.83547
---------+--------------------------------------------------------------------
    diff |            -1.65625    4.051584               -9.752694    6.440194
------------------------------------------------------------------------------
    diff = mean(0) - mean(1)                                      t =  -0.4088
H0: diff = 0                                     Degrees of freedom =       63

    Ha: diff < 0                 Ha: diff != 0                 Ha: diff > 0
 Pr(T < t) = 0.3420         Pr(|T| > |t|) = 0.6841          Pr(T > t) = 0.6580

    Variable |        Obs        Mean    Std. dev.       Min        Max
-------------+---------------------------------------------------------
guesses_im~s |         71    73.26761    18.36453         23        100

    Variable |        Obs        Mean    Std. dev.       Min        Max
-------------+---------------------------------------------------------
guesses_im~s |         33    73.42424    17.23012         30         95

    Variable |        Obs        Mean    Std. dev.       Min        Max
-------------+---------------------------------------------------------
guesses_im~s |         32     73.5625    19.46699         23        100

Two-sample t test with equal variances
------------------------------------------------------------------------------
   Group |     Obs        Mean    Std. err.   Std. dev.   [95% conf. interval]
---------+--------------------------------------------------------------------
       0 |      33    73.42424    2.999378    17.23012    67.31471    79.53378
       1 |      32     73.5625     3.44131    19.46699     66.5439     80.5811
---------+--------------------------------------------------------------------
Combined |      65    73.49231    2.260034    18.22097    68.97737    78.00724
---------+--------------------------------------------------------------------
    diff |           -.1382576    4.556305               -9.243307    8.966792
------------------------------------------------------------------------------
    diff = mean(0) - mean(1)                                      t =  -0.0303
H0: diff = 0                                     Degrees of freedom =       63

    Ha: diff < 0                 Ha: diff != 0                 Ha: diff > 0
 Pr(T < t) = 0.4879         Pr(|T| > |t|) = 0.9759          Pr(T > t) = 0.5121

    Variable |        Obs        Mean    Std. dev.       Min        Max
-------------+---------------------------------------------------------
 guesses_dst |         71    69.04225    21.91571          5        100

    Variable |        Obs        Mean    Std. dev.       Min        Max
-------------+---------------------------------------------------------
 guesses_dst |         33    67.90909    23.75443         15        100

    Variable |        Obs        Mean    Std. dev.       Min        Max
-------------+---------------------------------------------------------
 guesses_dst |         32    69.65625    21.02013          5        100

Two-sample t test with equal variances
------------------------------------------------------------------------------
   Group |     Obs        Mean    Std. err.   Std. dev.   [95% conf. interval]
---------+--------------------------------------------------------------------
       0 |      33    67.90909    4.135115    23.75443    59.48614    76.33204
       1 |      32    69.65625    3.715869    21.02013    62.07769    77.23481
---------+--------------------------------------------------------------------
Combined |      65    68.76923    2.764974    22.29193    63.24556     74.2929
---------+--------------------------------------------------------------------
    diff |           -1.747159    5.569976               -12.87787    9.383549
------------------------------------------------------------------------------
    diff = mean(0) - mean(1)                                      t =  -0.3137
H0: diff = 0                                     Degrees of freedom =       63

    Ha: diff < 0                 Ha: diff != 0                 Ha: diff > 0
 Pr(T < t) = 0.3774         Pr(|T| > |t|) = 0.7548          Pr(T > t) = 0.6226

. file open myfile using "$output/attrition_v2.tex", write append

. file write myfile "\bottomrule "

. file write myfile "\end{tabular} "

. 
. file close myfile

. 
. 
end of do-file

. do "$code/Table C5.do"

. *** Table C.5: Summary Statistics of First Movers Used in Information Interventions
. *
. use "$data/first_movers_analysis.dta", clear
(first_movers_analysis -- de-identified 22 Aug 2026)

. 
. foreach var in rename_schools affirmative_action death_penalty immunizations {
  2.         qui replace e_`var' = 9 if e_`var' == .
  3. }

. 
. local var1 rename_schools

. local var2 affirmative_action

. local var3 death_penalty

. local var4 immunizations

. 
. local lab1 "Renaming Schools"

. local lab2 "Affirmative Action"

. local lab3 "Death Penalty"

. local lab4 "Immunizations"

. 
. local agr1 1

. local agr2 0

. local agr3 1

. local agr4 0

. 
. cap file close c5

. file open c5 using "$output/summary_first_movers.tex", write replace
(file /Users/yihong/Desktop/Silence Replicate Final/Output/summary_first_movers.tex not found)

. file write c5 "\begin{tabular}{l*{6}c}\toprule " _n

. file write c5 "& Agree & Disagree & Silent & Total \\" _n

. file write c5 "\midrule" _n

. 
. forval i = 1/4 {
  2. 
.         local v = "`var`i''"
  3.         local a = `agr`i''
  4.         local d = 1 - `a'
  5. 
.         qui count if e_`v' == `a' & (zoom_id == 2 | zoom_id == 6)
  6.         local nA = r(N)
  7.         qui count if e_`v' == `d' & (zoom_id == 2 | zoom_id == 6)
  8.         local nD = r(N)
  9.         qui count if e_`v' == 9 & (zoom_id == 2 | zoom_id == 6)
 10.         local nS = r(N)
 11.         local nT = `nA' + `nD' + `nS'
 12. 
.         file write c5 "`lab`i''" " & " %2.0f (`nA') " & " %2.0f (`nD') " & " %2.0f (`nS') " & " %2.0
> f (`nT') " \\" _n
 13. 
.         di _n as txt "{bf:`lab`i''}  (sessions 2 and 6)"
 14.         tab e_`v' private_`v' if zoom_id == 2 | zoom_id == 6
 15. }

Renaming Schools  (sessions 2 and 6)

e_rename_s |         Q3.1
    chools |         0          1 |     Total
-----------+----------------------+----------
         0 |         5          0 |         5 
         1 |         1          6 |         7 
         9 |         9          4 |        13 
-----------+----------------------+----------
     Total |        15         10 |        25 

Affirmative Action  (sessions 2 and 6)

e_affirmat |         Q15.1
ive_action |         0          1 |     Total
-----------+----------------------+----------
         0 |         6          1 |         7 
         1 |         0          5 |         5 
         9 |         6          7 |        13 
-----------+----------------------+----------
     Total |        12         13 |        25 

Death Penalty  (sessions 2 and 6)

e_death_pe |         Q14.1
     nalty |         0          1 |     Total
-----------+----------------------+----------
         0 |         4          0 |         4 
         1 |         0          9 |         9 
         9 |         7          5 |        12 
-----------+----------------------+----------
     Total |        11         14 |        25 

Immunizations  (sessions 2 and 6)

e_immuniza |         Q18.1
     tions |         0          1 |     Total
-----------+----------------------+----------
         0 |        11          0 |        11 
         1 |         0          1 |         1 
         9 |        10          3 |        13 
-----------+----------------------+----------
     Total |        21          4 |        25 

. 
. file write c5 "\bottomrule" _n

. file write c5 "\end{tabular}" _n

. file close c5

. 
end of do-file

. do "$code/Table C6.do"

. *** Table C.6: Summary Statistics of All First Movers
. use "$data/first_movers_analysis.dta", clear
(first_movers_analysis -- de-identified 22 Aug 2026)

. 
. foreach var in rename_schools affirmative_action death_penalty immunizations {
  2.         qui replace e_`var' = 9 if e_`var' == .
  3. }

. 
. local var1 rename_schools

. local var2 affirmative_action

. local var3 death_penalty

. local var4 immunizations

. 
. local lab1 "Renaming Schools"

. local lab2 "Affirmative Action"

. local lab3 "Death Penalty"

. local lab4 "Immunizations"

. 
. local agr1 1

. local agr2 0

. local agr3 1

. local agr4 0

. 
. cap file close c6

. file open c6 using "$output/summary_first_movers_r.tex", write replace
(file /Users/yihong/Desktop/Silence Replicate Final/Output/summary_first_movers_r.tex not found)

. file write c6 "\begin{tabular}{l*{6}c}\toprule " _n

. file write c6 "& Agree & Disagree & Silent & Total \\" _n

. file write c6 "\midrule" _n

. 
. forval i = 1/4 {
  2. 
.         local v = "`var`i''"
  3.         local a = `agr`i''
  4.         local d = 1 - `a'
  5. 
.         qui count if e_`v' == `a'
  6.         local nA = r(N)
  7.         qui count if e_`v' == `d'
  8.         local nD = r(N)
  9.         qui count if e_`v' == 9
 10.         local nS = r(N)
 11.         local nT = `nA' + `nD' + `nS'
 12. 
.         file write c6 "`lab`i''" " & " %2.0f (`nA') " & " %2.0f (`nD') " & " %2.0f (`nS') " & " %2.0
> f (`nT') " \\" _n
 13. 
.         * also display, so the log carries the underlying cross-tab
.         di _n as txt "{bf:`lab`i''}"
 14.         tab e_`v' private_`v'
 15. }

Renaming Schools

e_rename_s |         Q3.1
    chools |         0          1 |     Total
-----------+----------------------+----------
         0 |         9          0 |         9 
         1 |         2          9 |        11 
         9 |        21          9 |        30 
-----------+----------------------+----------
     Total |        32         18 |        50 

Affirmative Action

e_affirmat |         Q15.1
ive_action |         0          1 |     Total
-----------+----------------------+----------
         0 |        12          1 |        13 
         1 |         0         10 |        10 
         9 |        14         13 |        27 
-----------+----------------------+----------
     Total |        26         24 |        50 

Death Penalty

e_death_pe |         Q14.1
     nalty |         0          1 |     Total
-----------+----------------------+----------
         0 |         8          0 |         8 
         1 |         0         16 |        16 
         9 |        12         14 |        26 
-----------+----------------------+----------
     Total |        20         30 |        50 

Immunizations

e_immuniza |         Q18.1
     tions |         0          1 |     Total
-----------+----------------------+----------
         0 |        22          1 |        23 
         1 |         0          2 |         2 
         9 |        20          5 |        25 
-----------+----------------------+----------
     Total |        42          8 |        50 

. 
. file write c6 "\bottomrule" _n

. file write c6 "\end{tabular}" _n

. file close c6

. 
end of do-file

. do "$code/Table C7.do"

. ******* Expression ********
. use "$data/TC_cleaned.dta", clear
(TC_cleaned -- de-identified 21 Aug 2026)

. 
. 
. foreach var in rename_schools affirmative_action death_penalty immunizations daylight_saving{
  2.         replace e_`var' = 9 if e_`var' == .
  3.         gen e_d_`var' = 0 
  4.         replace e_d_`var' = 1 if e_`var' != 9 & e_`var' == private_`var' 
  5.         }
(225 real changes made)
(96 real changes made)
(258 real changes made)
(66 real changes made)
(182 real changes made)
(143 real changes made)
(189 real changes made)
(139 real changes made)
(216 real changes made)
(112 real changes made)

. 
.          keep private_rename_schools private_immunizations private_death_penalty private_affirmative
> _action ///
>          guesses_rename_schools guesses_immunizations guesses_death_penalty guesses_affirmative_acti
> on ///
>          guesses_m_rename_schools guesses_m_immunizations guesses_m_death_penalty guesses_m_affirmat
> ive_action ///
>          e_d_rename_schools e_d_immunizations e_d_death_penalty e_d_affirmative_action ///
>          treat gender race year major ideology survey_id zoom_id group_size session_time moderator w
> eek

. 
. reshape long private_ guesses_ guesses_m_ e_d_, i(survey_id) j(topic) string
(j = affirmative_action death_penalty immunizations rename_schools)

Data                               Wide   ->   Long
-----------------------------------------------------------------------------
Number of observations              333   ->   1,332       
Number of variables                  28   ->   17          
j variable (4 values)                     ->   topic
xij variables:
private_affirmative_action private_death_penalty ... private_rename_schools->private_
guesses_affirmative_action guesses_death_penalty ... guesses_rename_schools->guesses_
guesses_m_affirmative_action guesses_m_death_penalty ... guesses_m_rename_schools->guesses_m_
e_d_affirmative_action e_d_death_penalty ... e_d_rename_schools->e_d_
-----------------------------------------------------------------------------

. 
. gen private_norm = 0 

. replace private_norm = 1 if private_ == 1
(769 real changes made)

. 
. gen guesses_norm = .  
(1,332 missing values generated)

. replace guesses_norm = guesses_ 
(1,332 real changes made)

. 
. rename e_d_ express_d 

. encode topic, generate(topic_id)

. 
. local ind_controls i.gender i.race year i.ideology i.major

. local session_controls group_size i.session_time i.moderator i.week

. 
. gen female = 0 

. replace female = 1 if gender == 2
(932 real changes made)

. 
. gen ideology_l = 0 

. replace ideology_l = 1 if ideology <= 3
(940 real changes made)

. 
. local ind_controls female i.race year ideology_l i.major

. 
. label var treat "Treat"

. 
. eststo clear

. 
. reg express_d treat guesses_norm `session_controls' `ind_controls' if private_ == 0 & topic_id == 1,
>  cluster(zoom_id)

Linear regression                               Number of obs     =        174
                                                F(24, 35)         =       5.63
                                                Prob > F          =     0.0000
                                                R-squared         =     0.2085
                                                Root MSE          =     .36787

                                 (Std. err. adjusted for 36 clusters in zoom_id)
--------------------------------------------------------------------------------
               |               Robust
     express_d | Coefficient  std. err.      t    P>|t|     [95% conf. interval]
---------------+----------------------------------------------------------------
         treat |   .1062832   .0403208     2.64   0.012     .0244275    .1881388
  guesses_norm |   .0026215   .0012047     2.18   0.036     .0001758    .0050671
    group_size |    .003904    .024903     0.16   0.876    -.0466517    .0544597
2.session_time |   .0992303   .0407244     2.44   0.020     .0165554    .1819052
               |
     moderator |
            2  |   .0058487   .0545187     0.11   0.915    -.1048301    .1165276
            3  |   .0875038    .056419     1.55   0.130    -.0270329    .2020406
               |
          week |
            1  |   .0778161   .1089027     0.71   0.480    -.1432682    .2989004
            2  |   -.221985   .0988706    -2.25   0.031     -.422703   -.0212669
            3  |  -.1041118   .0816269    -1.28   0.211    -.2698233    .0615997
            4  |  -.2149182   .0866296    -2.48   0.018    -.3907857   -.0390508
               |
        female |  -.1148869   .0524939    -2.19   0.035    -.2214551   -.0083187
               |
          race |
            3  |   .0976038   .1835228     0.53   0.598    -.2749672    .4701749
            4  |   .0237111   .0806047     0.29   0.770    -.1399251    .1873472
            6  |  -.0625173   .0640245    -0.98   0.336    -.1924939    .0674593
            7  |   .1747051   .1671564     1.05   0.303    -.1646405    .5140507
               |
          year |  -.0043108   .0232402    -0.19   0.854    -.0514908    .0428693
    ideology_l |   .0550261   .0803509     0.68   0.498    -.1080949    .2181471
               |
         major |
            2  |   .1431445   .1341211     1.07   0.293    -.1291357    .4154248
            7  |  -.2665658   .1468827    -1.81   0.078    -.5647535    .0316218
            9  |   .3874882   .2557102     1.52   0.139     -.131631    .9066074
           10  |   .2286969   .1358677     1.68   0.101    -.0471291     .504523
           11  |   .1364619   .1236564     1.10   0.277    -.1145739    .3874977
           13  |    .091818   .1089867     0.84   0.405    -.1294367    .3130727
           15  |   .1030525   .1344387     0.77   0.448    -.1698725    .3759776
               |
         _cons |   -.119588   .3255009    -0.37   0.716      -.78039     .541214
--------------------------------------------------------------------------------

. 
. 
. logit express_d treat guesses_norm `session_controls' `ind_controls' if private_ == 0 & topic_id == 
> 1, cluster(zoom_id)

note: 1.major != 0 predicts failure perfectly;
      1.major omitted and 3 obs not used.

note: 7.major != 0 predicts failure perfectly;
      7.major omitted and 4 obs not used.

note: 15.major omitted because of collinearity.
Iteration 0:  Log pseudolikelihood = -80.130299  
Iteration 1:  Log pseudolikelihood = -63.793767  
Iteration 2:  Log pseudolikelihood = -60.965243  
Iteration 3:  Log pseudolikelihood = -60.861189  
Iteration 4:  Log pseudolikelihood = -60.860929  
Iteration 5:  Log pseudolikelihood = -60.860929  

Logistic regression                                     Number of obs =    167
                                                        Wald chi2(22) = 141.99
                                                        Prob > chi2   = 0.0000
Log pseudolikelihood = -60.860929                       Pseudo R2     = 0.2405

                                 (Std. err. adjusted for 36 clusters in zoom_id)
--------------------------------------------------------------------------------
               |               Robust
     express_d | Coefficient  std. err.      z    P>|z|     [95% conf. interval]
---------------+----------------------------------------------------------------
         treat |   .9660856     .43732     2.21   0.027      .108954    1.823217
  guesses_norm |   .0196737   .0107672     1.83   0.068    -.0014297    .0407771
    group_size |   .0152468   .2140713     0.07   0.943    -.4043252    .4348188
2.session_time |   .6929245   .4147154     1.67   0.095    -.1199027    1.505752
               |
     moderator |
            2  |   .1877229   .4847956     0.39   0.699     -.762459    1.137905
            3  |   1.027328   .4743928     2.17   0.030     .0975355    1.957121
               |
          week |
            1  |   .5269354   .7104219     0.74   0.458    -.8654659    1.919337
            2  |  -2.439727   1.384764    -1.76   0.078    -5.153815    .2743607
            3  |   -.787444   .6627637    -1.19   0.235    -2.086437    .5115489
            4  |  -2.722248   1.150451    -2.37   0.018     -4.97709   -.4674061
               |
        female |  -.8658175    .470442    -1.84   0.066    -1.787867    .0562318
               |
          race |
            3  |   .9843397   1.099216     0.90   0.371    -1.170084    3.138763
            4  |   .1370518   .7986458     0.17   0.864    -1.428265    1.702369
            6  |  -.2833242   .5699131    -0.50   0.619    -1.400333    .8336849
            7  |   1.035368   .9387107     1.10   0.270    -.8044712    2.875207
               |
          year |  -.0083866   .1916822    -0.04   0.965    -.3840768    .3673036
    ideology_l |   .7255223    .808767     0.90   0.370    -.8596318    2.310676
               |
         major |
            1  |          0  (empty)
            2  |   .3584815   .7070108     0.51   0.612    -1.027234    1.744197
            7  |          0  (empty)
            9  |   2.641025   1.649502     1.60   0.109    -.5919406     5.87399
           10  |   1.360482   .9366296     1.45   0.146    -.4752781    3.196242
           11  |   .3524153   .7807812     0.45   0.652    -1.177888    1.882718
           13  |   .0977134    .862147     0.11   0.910    -1.592064    1.787491
           15  |          0  (omitted)
               |
         _cons |  -3.781592   3.063975    -1.23   0.217    -9.786873    2.223689
--------------------------------------------------------------------------------

. 
. margins, dydx(*) post

Average marginal effects                                   Number of obs = 167
Model VCE: Robust

Expression: Pr(express_d), predict()
dy/dx wrt:  treat guesses_norm group_size 2.session_time 2.moderator 3.moderator 1.week 2.week
            3.week 4.week female 3.race 4.race 6.race 7.race year ideology_l 2.major 7.major 9.major
            10.major 11.major 13.major 15.major

--------------------------------------------------------------------------------
               |            Delta-method
               |      dy/dx   std. err.      z    P>|z|     [95% conf. interval]
---------------+----------------------------------------------------------------
         treat |   .1108637   .0469965     2.36   0.018     .0187523    .2029752
  guesses_norm |   .0022577   .0011689     1.93   0.053    -.0000333    .0045487
    group_size |   .0017497   .0246141     0.07   0.943     -.046493    .0499923
2.session_time |   .0806941    .047631     1.69   0.090    -.0126611    .1740492
               |
     moderator |
            2  |   .0196043   .0518254     0.38   0.705    -.0819717    .1211803
            3  |   .1262584    .058365     2.16   0.031      .011865    .2406517
               |
          week |
            1  |   .0900864   .1186029     0.76   0.448     -.142371    .3225438
            2  |  -.2306156   .1101644    -2.09   0.036     -.446534   -.0146973
            3  |  -.1076695   .0958394    -1.12   0.261    -.2955114    .0801723
            4  |  -.2410062    .097573    -2.47   0.014    -.4322459   -.0497666
               |
        female |  -.0993574   .0529702    -1.88   0.061     -.203177    .0044622
               |
          race |
            3  |   .1359225   .1738375     0.78   0.434    -.2047927    .4766377
            4  |   .0163871   .0975564     0.17   0.867    -.1748198    .2075941
            6  |  -.0310008   .0603793    -0.51   0.608    -.1493421    .0873406
            7  |   .1439713   .1466889     0.98   0.326    -.1435337    .4314763
               |
          year |  -.0009624   .0219938    -0.04   0.965    -.0440694    .0421446
    ideology_l |   .0832578    .090544     0.92   0.358    -.0942052    .2607207
               |
         major |
            1  |          0  (empty)
            2  |          .  (not estimable)
            7  |          .  (not estimable)
            9  |          .  (not estimable)
           10  |          .  (not estimable)
           11  |          .  (not estimable)
           13  |          .  (not estimable)
           15  |          .  (not estimable)
--------------------------------------------------------------------------------
Note: dy/dx for factor levels is the discrete change from the base level.

.         eststo
(est1 stored)

.         qui sum express_d if treat == 0 & private_ == 0 & topic_id == 1

.         estadd scalar Cmean = r(mean)

added scalar:
              e(Cmean) =  .12087912

.         estadd scalar Csd = r(sd)

added scalar:
                e(Csd) =  .32779278

.         distinct(survey_id) if private_ == 0  & topic_id == 1

           |        Observations
           |      total   distinct
-----------+----------------------
 survey_id |        174        174

.         estadd scalar ids = round(r(ndistinct),1)

added scalar:
                e(ids) =  174

. 
. logit express_d treat guesses_norm `session_controls' `ind_controls' if private_ == 0 & topic_id == 
> 2, cluster(zoom_id)

note: 3.race != 0 predicts failure perfectly;
      3.race omitted and 2 obs not used.

note: 9.major != 0 predicts failure perfectly;
      9.major omitted and 5 obs not used.

Iteration 0:  Log pseudolikelihood = -70.667882  
Iteration 1:  Log pseudolikelihood = -55.682477  
Iteration 2:  Log pseudolikelihood = -54.696578  
Iteration 3:  Log pseudolikelihood = -54.684661  
Iteration 4:  Log pseudolikelihood = -54.684654  
Iteration 5:  Log pseudolikelihood = -54.684654  

Logistic regression                                     Number of obs =    115
                                                        Wald chi2(22) =  97.16
                                                        Prob > chi2   = 0.0000
Log pseudolikelihood = -54.684654                       Pseudo R2     = 0.2262

                                 (Std. err. adjusted for 35 clusters in zoom_id)
--------------------------------------------------------------------------------
               |               Robust
     express_d | Coefficient  std. err.      z    P>|z|     [95% conf. interval]
---------------+----------------------------------------------------------------
         treat |    1.69378   .6538345     2.59   0.010     .4122875    2.975272
  guesses_norm |   .0089132    .011613     0.77   0.443    -.0138479    .0316742
    group_size |  -.0493091   .2684812    -0.18   0.854    -.5755226    .4769044
2.session_time |   .3914601   .3528256     1.11   0.267    -.3000654    1.082986
               |
     moderator |
            2  |  -.2954637   .6113678    -0.48   0.629    -1.493723    .9027952
            3  |  -.8146093   .6251615    -1.30   0.193    -2.039903    .4106847
               |
          week |
            1  |   .6824708   .7848298     0.87   0.385    -.8557674    2.220709
            2  |  -.9949701   .6118197    -1.63   0.104    -2.194115    .2041744
            3  |  -.0136707   .8900746    -0.02   0.988    -1.758185    1.730843
            4  |  -.9684401   .6912817    -1.40   0.161    -2.323327    .3864472
               |
        female |  -1.401024   .6587425    -2.13   0.033    -2.692135   -.1099122
               |
          race |
            3  |          0  (empty)
            4  |   1.766591   .9585783     1.84   0.065    -.1121884    3.645369
            6  |   .3474644   .9426606     0.37   0.712    -1.500116    2.195045
            7  |   .0475848    1.03995     0.05   0.964     -1.99068     2.08585
               |
          year |  -.2379958   .2609459    -0.91   0.362    -.7494403    .2734487
    ideology_l |  -.7545245   .6048511    -1.25   0.212    -1.940011    .4309619
               |
         major |
            2  |  -1.538735   1.377396    -1.12   0.264    -4.238381     1.16091
            7  |  -2.892202   1.702998    -1.70   0.089    -6.230017    .4456135
            9  |          0  (empty)
           10  |  -1.999042   1.654955    -1.21   0.227    -5.242695     1.24461
           11  |  -1.239262   1.455152    -0.85   0.394    -4.091307    1.612784
           13  |  -2.640187   1.632422    -1.62   0.106    -5.839675    .5593008
           15  |  -.9637611   2.008419    -0.48   0.631     -4.90019    2.972667
               |
         _cons |   1.801295   3.025239     0.60   0.552    -4.128065    7.730655
--------------------------------------------------------------------------------

. margins, dydx(*) post

Average marginal effects                                   Number of obs = 115
Model VCE: Robust

Expression: Pr(express_d), predict()
dy/dx wrt:  treat guesses_norm group_size 2.session_time 2.moderator 3.moderator 1.week 2.week
            3.week 4.week female 3.race 4.race 6.race 7.race year ideology_l 2.major 7.major 9.major
            10.major 11.major 13.major 15.major

--------------------------------------------------------------------------------
               |            Delta-method
               |      dy/dx   std. err.      z    P>|z|     [95% conf. interval]
---------------+----------------------------------------------------------------
         treat |   .2651732   .0864022     3.07   0.002     .0958279    .4345184
  guesses_norm |   .0013954   .0018061     0.77   0.440    -.0021444    .0049353
    group_size |  -.0077197   .0422109    -0.18   0.855    -.0904515    .0750121
2.session_time |    .062478   .0568221     1.10   0.272    -.0488912    .1738472
               |
     moderator |
            2  |  -.0474317   .0957053    -0.50   0.620    -.2350106    .1401473
            3  |  -.1224961   .0889749    -1.38   0.169    -.2968837    .0518915
               |
          week |
            1  |   .1191329   .1342127     0.89   0.375    -.1439192     .382185
            2  |   -.141555   .0846915    -1.67   0.095    -.3075472    .0244372
            3  |  -.0022455   .1462341    -0.02   0.988     -.288859    .2843679
            4  |  -.1384192   .0984767    -1.41   0.160    -.3314301    .0545916
               |
        female |  -.2193402   .0971847    -2.26   0.024    -.4098187   -.0288616
               |
          race |
            3  |          .  (not estimable)
            4  |   .2966494   .1434402     2.07   0.039     .0155118    .5777871
            6  |   .0518032   .1438991     0.36   0.719    -.2302338    .3338401
            7  |   .0068046   .1498759     0.05   0.964    -.2869468     .300556
               |
          year |  -.0372599   .0391913    -0.95   0.342    -.1140734    .0395536
    ideology_l |  -.1181261   .0899593    -1.31   0.189    -.2944432    .0581909
               |
         major |
            2  |   -.274911   .2243023    -1.23   0.220    -.7145355    .1647134
            7  |  -.4647032   .2508669    -1.85   0.064    -.9563934    .0269869
            9  |          .  (not estimable)
           10  |   -.349129   .2703029    -1.29   0.196    -.8789129    .1806548
           11  |  -.2227876   .2391184    -0.93   0.351    -.6914511    .2458759
           13  |  -.4362793   .2429119    -1.80   0.072    -.9123778    .0398192
           15  |  -.1731815   .3492983    -0.50   0.620    -.8577935    .5114306
--------------------------------------------------------------------------------
Note: dy/dx for factor levels is the discrete change from the base level.

.         eststo
(est2 stored)

.         qui sum express_d if treat == 0 & private_ == 0 & topic_id == 2

.         estadd scalar Cmean = r(mean)

added scalar:
              e(Cmean) =  .18965517

.         estadd scalar Csd = r(sd)

added scalar:
                e(Csd) =  .39545206

.         distinct(survey_id) if private_ == 0  & topic_id == 2

           |        Observations
           |      total   distinct
-----------+----------------------
 survey_id |        122        122

.         estadd scalar ids = round(r(ndistinct),1)

added scalar:
                e(ids) =  122

.         
. logit express_d treat guesses_norm `session_controls' `ind_controls'  if private_ == 0 & topic_id ==
>  3, cluster(zoom_id)

note: 3.race != 0 predicts failure perfectly;
      3.race omitted and 1 obs not used.

note: 7.major != 0 predicts failure perfectly;
      7.major omitted and 2 obs not used.

note: 9.major != 0 predicts failure perfectly;
      9.major omitted and 2 obs not used.

Iteration 0:  Log pseudolikelihood = -34.772671  
Iteration 1:  Log pseudolikelihood = -22.588773  
Iteration 2:  Log pseudolikelihood = -21.142987  
Iteration 3:  Log pseudolikelihood = -21.066412  
Iteration 4:  Log pseudolikelihood = -21.066081  
Iteration 5:  Log pseudolikelihood = -21.066081  

Logistic regression                                     Number of obs =     55
                                                        Wald chi2(20) = 447.51
                                                        Prob > chi2   = 0.0000
Log pseudolikelihood = -21.066081                       Pseudo R2     = 0.3942

                                 (Std. err. adjusted for 30 clusters in zoom_id)
--------------------------------------------------------------------------------
               |               Robust
     express_d | Coefficient  std. err.      z    P>|z|     [95% conf. interval]
---------------+----------------------------------------------------------------
         treat |   .7186323   .9914287     0.72   0.469    -1.224532    2.661797
  guesses_norm |  -.0284061   .0237641    -1.20   0.232    -.0749828    .0181706
    group_size |  -1.083541   .6670873    -1.62   0.104    -2.391008     .223926
2.session_time |  -1.590689   .7529188    -2.11   0.035    -3.066382   -.1149949
               |
     moderator |
            2  |  -2.426518   1.891678    -1.28   0.200    -6.134139    1.281104
            3  |   .4298246   1.313293     0.33   0.743    -2.144181    3.003831
               |
          week |
            1  |   2.776519   1.427066     1.95   0.052    -.0204783    5.573516
            2  |  -4.566419   2.037611    -2.24   0.025    -8.560063   -.5727754
            3  |  -2.744674   1.870076    -1.47   0.142    -6.409955    .9206069
            4  |  -2.638869   1.681309    -1.57   0.117    -5.934174    .6564359
               |
        female |   .8795193     1.1201     0.79   0.432    -1.315837    3.074876
               |
          race |
            3  |          0  (empty)
            4  |   3.441675   1.318958     2.61   0.009     .8565652    6.026785
            6  |   1.621848   1.233145     1.32   0.188    -.7950721    4.038769
            7  |   2.494596   5.037252     0.50   0.620    -7.378238    12.36743
               |
          year |    .406755   .3627586     1.12   0.262    -.3042389    1.117749
    ideology_l |  -.2022814   .8444791    -0.24   0.811     -1.85743    1.452867
               |
         major |
            2  |   1.429375   1.912814     0.75   0.455    -2.319671    5.178421
            7  |          0  (empty)
            9  |          0  (empty)
           10  |  -1.066591   2.568814    -0.42   0.678    -6.101373    3.968191
           11  |  -.0556674    1.58022    -0.04   0.972    -3.152841    3.041506
           13  |  -1.275234   1.367831    -0.93   0.351    -3.956133    1.405666
               |
         _cons |   9.431756   5.656304     1.67   0.095    -1.654396    20.51791
--------------------------------------------------------------------------------

. margins, dydx(*) post

Average marginal effects                                    Number of obs = 55
Model VCE: Robust

Expression: Pr(express_d), predict()
dy/dx wrt:  treat guesses_norm group_size 2.session_time 2.moderator 3.moderator 1.week 2.week
            3.week 4.week female 3.race 4.race 6.race 7.race year ideology_l 2.major 7.major 9.major
            10.major 11.major 13.major

--------------------------------------------------------------------------------
               |            Delta-method
               |      dy/dx   std. err.      z    P>|z|     [95% conf. interval]
---------------+----------------------------------------------------------------
         treat |   .0882154   .1188357     0.74   0.458    -.1446983    .3211291
  guesses_norm |   -.003487   .0028413    -1.23   0.220    -.0090558    .0020818
    group_size |  -.1330096   .0705244    -1.89   0.059    -.2712349    .0052156
2.session_time |  -.1933244   .0900234    -2.15   0.032    -.3697669   -.0168818
               |
     moderator |
            2  |  -.2191602   .1150901    -1.90   0.057    -.4447327    .0064122
            3  |   .0531209   .1670543     0.32   0.750    -.2742995    .3805414
               |
          week |
            1  |    .298432    .159646     1.87   0.062    -.0144684    .6113324
            2  |  -.3879241   .1581057    -2.45   0.014    -.6978055   -.0780427
            3  |   -.283323   .1692954    -1.67   0.094    -.6151358    .0484899
            4  |  -.2747071   .1612971    -1.70   0.089    -.5908437    .0414294
               |
        female |    .107965   .1364863     0.79   0.429    -.1595432    .3754732
               |
          race |
            3  |          .  (not estimable)
            4  |   .4103607   .1110506     3.70   0.000     .1927055     .628016
            6  |   .1827786   .1342071     1.36   0.173    -.0802626    .4458197
            7  |   .2923192   .6176349     0.47   0.636    -.9182229    1.502861
               |
          year |    .049931   .0422846     1.18   0.238    -.0329452    .1328073
    ideology_l |   -.024831     .10338    -0.24   0.810    -.2274521    .1777901
               |
         major |
            2  |   .1764705   .2312136     0.76   0.445    -.2766999    .6296408
            7  |          .  (not estimable)
            9  |          .  (not estimable)
           10  |  -.1236204   .2892225    -0.43   0.669    -.6904861    .4432453
           11  |  -.0068881   .1957378    -0.04   0.972    -.3905271     .376751
           13  |  -.1447278   .1661303    -0.87   0.384    -.4703371    .1808816
--------------------------------------------------------------------------------
Note: dy/dx for factor levels is the discrete change from the base level.

.         eststo
(est3 stored)

.         qui sum express_d if treat == 0 & private_ == 0 & topic_id == 3

.         estadd scalar Cmean = r(mean)

added scalar:
              e(Cmean) =  .21428571

.         estadd scalar Csd = r(sd)

added scalar:
                e(Csd) =  .41785545

.         distinct(survey_id) if private_ == 0  & topic_id == 3

           |        Observations
           |      total   distinct
-----------+----------------------
 survey_id |         60         60

.         estadd scalar ids = round(r(ndistinct),1)

added scalar:
                e(ids) =  60

.         
. logit express_d treat guesses_norm `session_controls' `ind_controls' if private_ == 0 & topic_id == 
> 4, cluster(zoom_id)

note: 3.race != 0 predicts failure perfectly;
      3.race omitted and 2 obs not used.

Iteration 0:  Log pseudolikelihood = -115.02501  
Iteration 1:  Log pseudolikelihood = -101.88314  
Iteration 2:  Log pseudolikelihood = -101.15669  
Iteration 3:  Log pseudolikelihood = -101.15451  
Iteration 4:  Log pseudolikelihood = -101.15451  

Logistic regression                                     Number of obs =    198
                                                        Wald chi2(23) =  68.25
                                                        Prob > chi2   = 0.0000
Log pseudolikelihood = -101.15451                       Pseudo R2     = 0.1206

                                 (Std. err. adjusted for 36 clusters in zoom_id)
--------------------------------------------------------------------------------
               |               Robust
     express_d | Coefficient  std. err.      z    P>|z|     [95% conf. interval]
---------------+----------------------------------------------------------------
         treat |   1.244337   .3067567     4.06   0.000     .6431045    1.845569
  guesses_norm |   .0032471   .0085067     0.38   0.703    -.0134257    .0199198
    group_size |   .0940116   .1489861     0.63   0.528    -.1979958     .386019
2.session_time |   .2542107   .2826292     0.90   0.368    -.2997323    .8081537
               |
     moderator |
            2  |  -.1411024   .3652617    -0.39   0.699    -.8570022    .5747975
            3  |  -.3149347   .4785523    -0.66   0.510     -1.25288    .6230104
               |
          week |
            1  |   .9048015   .6634461     1.36   0.173     -.395529    2.205132
            2  |   .0163272   .7946589     0.02   0.984    -1.541176     1.57383
            3  |    .089031   .7447144     0.12   0.905    -1.370582    1.548644
            4  |   .5350125   .6983819     0.77   0.444    -.8337908    1.903816
               |
        female |  -.4390529   .4335605    -1.01   0.311    -1.288816    .4107102
               |
          race |
            3  |          0  (empty)
            4  |  -.4029515   .6477733    -0.62   0.534    -1.672564    .8666609
            6  |  -.2538183   .4067355    -0.62   0.533    -1.051005    .5433685
            7  |   .9919908   .6859349     1.45   0.148    -.3524169    2.336399
               |
          year |   .0460718   .1273628     0.36   0.718    -.2035547    .2956983
    ideology_l |  -.1392145   .3682282    -0.38   0.705    -.8609285    .5824996
               |
         major |
            2  |  -.6890173   1.226496    -0.56   0.574    -3.092906    1.714871
            7  |  -1.005591   1.535481    -0.65   0.513    -4.015079    2.003897
            9  |  -1.872021   1.784338    -1.05   0.294    -5.369259    1.625218
           10  |  -.2648383   1.244989    -0.21   0.832    -2.704973    2.175296
           11  |   -1.04201   1.321734    -0.79   0.430    -3.632561    1.548541
           13  |  -1.565809   1.332043    -1.18   0.240    -4.176566    1.044949
           15  |   -1.87604   1.736663    -1.08   0.280    -5.279837    1.527757
               |
         _cons |  -2.061312   1.714377    -1.20   0.229     -5.42143    1.298806
--------------------------------------------------------------------------------

. margins, dydx(*) post

Average marginal effects                                   Number of obs = 198
Model VCE: Robust

Expression: Pr(express_d), predict()
dy/dx wrt:  treat guesses_norm group_size 2.session_time 2.moderator 3.moderator 1.week 2.week
            3.week 4.week female 3.race 4.race 6.race 7.race year ideology_l 2.major 7.major 9.major
            10.major 11.major 13.major 15.major

--------------------------------------------------------------------------------
               |            Delta-method
               |      dy/dx   std. err.      z    P>|z|     [95% conf. interval]
---------------+----------------------------------------------------------------
         treat |   .2103321    .048043     4.38   0.000     .1161696    .3044946
  guesses_norm |   .0005489   .0014384     0.38   0.703    -.0022704    .0033681
    group_size |   .0158909   .0250041     0.64   0.525    -.0331162     .064898
2.session_time |    .042989   .0476684     0.90   0.367    -.0504393    .1364173
               |
     moderator |
            2  |  -.0241718   .0622175    -0.39   0.698    -.1461158    .0977721
            3  |  -.0522196   .0767241    -0.68   0.496    -.2025962    .0981569
               |
          week |
            1  |   .1561068    .101765     1.53   0.125     -.043349    .3555626
            2  |   .0023409   .1138087     0.02   0.984    -.2207199    .2254018
            3  |   .0129932   .1076528     0.12   0.904    -.1980024    .2239888
            4  |   .0862311   .1062526     0.81   0.417    -.1220201    .2944824
               |
        female |  -.0742138   .0726442    -1.02   0.307    -.2165937    .0681662
               |
          race |
            3  |          .  (not estimable)
            4  |    -.06488   .0977798    -0.66   0.507    -.2565248    .1267648
            6  |  -.0421787   .0654496    -0.64   0.519    -.1704575    .0861002
            7  |   .1975544   .1448083     1.36   0.172    -.0862647    .4813736
               |
          year |   .0077876   .0214705     0.36   0.717    -.0342938     .049869
    ideology_l |  -.0235316   .0619558    -0.38   0.704    -.1449627    .0978994
               |
         major |
            2  |  -.1377274   .2557034    -0.54   0.590    -.6388969    .3634422
            7  |   -.193477   .2970226    -0.65   0.515    -.7756307    .3886766
            9  |  -.3127865   .2868416    -1.09   0.276    -.8749858    .2494127
           10  |  -.0549288   .2610725    -0.21   0.833    -.5666215     .456764
           11  |  -.1994999   .2682054    -0.74   0.457    -.7251729    .3261731
           13  |  -.2764052   .2635604    -1.05   0.294    -.7929741    .2401636
           15  |  -.3132228   .2928316    -1.07   0.285    -.8871622    .2607165
--------------------------------------------------------------------------------
Note: dy/dx for factor levels is the discrete change from the base level.

.         eststo
(est4 stored)

.         qui sum express_d if treat == 0 & private_ == 0 & topic_id == 4

.         estadd scalar Cmean = r(mean)

added scalar:
              e(Cmean) =  .17346939

.         estadd scalar Csd = r(sd)

added scalar:
                e(Csd) =  .38059937

.         distinct(survey_id) if private_ == 0  & topic_id == 4

           |        Observations
           |      total   distinct
-----------+----------------------
 survey_id |        200        200

.         estadd scalar ids = round(r(ndistinct),1)

added scalar:
                e(ids) =  200

. 
. esttab using "$output/logit_expression_minority_tc_topic.tex", ///
> se lab stats(Cmean Csd ids,labels("Mean" "SD" "IDs")) keep(treat) star( * 0.1 ** 0.05 *** 0.01) ///
> varwidth(32) wrap compress nogap noconstant replace ///
> title("TC_expression") //indicate("Individual Controls =  gender")
(file /Users/yihong/Desktop/Silence Replicate Final/Output/logit_expression_minority_tc_topic.tex
    not found)
(output written to /Users/yihong/Desktop/Silence Replicate Final/Output/logit_expression_minority_tc_t
> opic.tex)

. 
. 
. eststo clear

. 
. logit express_d treat guesses_norm i.topic_id `session_controls' `ind_controls' if private_ == 1 & t
> opic_id == 1, cluster(zoom_id)

note: 1.topic_id omitted because of collinearity.
Iteration 0:  Log pseudolikelihood = -83.302842  
Iteration 1:  Log pseudolikelihood = -68.542547  
Iteration 2:  Log pseudolikelihood =  -67.07742  
Iteration 3:  Log pseudolikelihood = -67.046731  
Iteration 4:  Log pseudolikelihood = -67.046613  
Iteration 5:  Log pseudolikelihood = -67.046613  

Logistic regression                                     Number of obs =    157
                                                        Wald chi2(24) =  65.34
                                                        Prob > chi2   = 0.0000
Log pseudolikelihood = -67.046613                       Pseudo R2     = 0.1951

                                      (Std. err. adjusted for 36 clusters in zoom_id)
-------------------------------------------------------------------------------------
                    |               Robust
          express_d | Coefficient  std. err.      z    P>|z|     [95% conf. interval]
--------------------+----------------------------------------------------------------
              treat |  -.4988456   .4446749    -1.12   0.262    -1.370392    .3727012
       guesses_norm |   .0137627   .0109455     1.26   0.209    -.0076901    .0352154
                    |
           topic_id |
affirmative_action  |          0  (omitted)
         group_size |  -.0325598   .2543374    -0.13   0.898    -.5310519    .4659322
     2.session_time |   .0516073   .4041625     0.13   0.898    -.7405367    .8437512
                    |
          moderator |
                 2  |  -.9826596   .5591879    -1.76   0.079    -2.078648    .1133285
                 3  |    .069483   .7155724     0.10   0.923    -1.333013    1.471979
                    |
               week |
                 1  |  -.2293439   .6490352    -0.35   0.724    -1.501429    1.042742
                 2  |   .3249503   .4920359     0.66   0.509    -.6394223    1.289323
                 3  |  -1.243773   .7775935    -1.60   0.110    -2.767828    .2802823
                 4  |  -.1240388   .6946319    -0.18   0.858    -1.485492    1.237415
                    |
             female |  -.8663646   .5900397    -1.47   0.142    -2.022821     .290092
                    |
               race |
                 3  |   2.208824   1.172194     1.88   0.060     -.088633    4.506282
                 4  |  -.2901435   .5124774    -0.57   0.571    -1.294581    .7142938
                 6  |  -.7415429   .5955742    -1.25   0.213    -1.908847     .425761
                 7  |   1.086721   1.566779     0.69   0.488     -1.98411    4.157552
                    |
               year |  -.3264992   .1794445    -1.82   0.069     -.678204    .0252056
         ideology_l |   1.097779   .8457893     1.30   0.194    -.5599374    2.755496
                    |
              major |
                 2  |  -1.439873   1.358627    -1.06   0.289    -4.102733    1.222986
                 7  |  -.5085209   1.642843    -0.31   0.757    -3.728434    2.711392
                 9  |   .2955959   1.103552     0.27   0.789    -1.867327    2.458519
                10  |  -1.195958   1.370535    -0.87   0.383    -3.882157    1.490242
                11  |  -2.854412   1.483648    -1.92   0.054    -5.762309    .0534851
                13  |  -.7990141   1.153999    -0.69   0.489    -3.060811    1.462783
                15  |  -.8328818   1.341879    -0.62   0.535    -3.462916    1.797152
                    |
              _cons |   .7018329   3.260972     0.22   0.830    -5.689554     7.09322
-------------------------------------------------------------------------------------

. margins, dydx(*) post
note: option continuous implied because a factor with only one level was specified in option dydx().

Average marginal effects                                   Number of obs = 157
Model VCE: Robust

Expression: Pr(express_d), predict()
dy/dx wrt:  treat guesses_norm 1.topic_id group_size 2.session_time 2.moderator 3.moderator 1.week
            2.week 3.week 4.week female 3.race 4.race 6.race 7.race year ideology_l 2.major 7.major
            9.major 10.major 11.major 13.major 15.major

-------------------------------------------------------------------------------------
                    |            Delta-method
                    |      dy/dx   std. err.      z    P>|z|     [95% conf. interval]
--------------------+----------------------------------------------------------------
              treat |  -.0681289   .0589469    -1.16   0.248    -.1836627     .047405
       guesses_norm |   .0018796   .0014942     1.26   0.208    -.0010489    .0048081
                    |
           topic_id |
affirmative_action  |          0  (omitted)
         group_size |  -.0044468   .0347661    -0.13   0.898     -.072587    .0636934
     2.session_time |   .0070482   .0553269     0.13   0.899    -.1013907     .115487
                    |
          moderator |
                 2  |  -.1342048   .0766195    -1.75   0.080    -.2843762    .0159666
                 3  |   .0094895   .0977377     0.10   0.923    -.1820728    .2010519
                    |
               week |
                 1  |  -.0313222   .0881103    -0.36   0.722    -.2040151    .1413707
                 2  |   .0443794    .066694     0.67   0.506    -.0863385    .1750974
                 3  |  -.1698659   .1031684    -1.65   0.100    -.3720722    .0323405
                 4  |  -.0169404   .0950268    -0.18   0.859    -.2031894    .1693087
                    |
             female |   -.118322   .0773206    -1.53   0.126    -.2698676    .0332235
                    |
               race |
                 3  |   .3016658   .1545314     1.95   0.051    -.0012101    .6045418
                 4  |  -.0396258   .0699468    -0.57   0.571    -.1767189    .0974674
                 6  |  -.1012748   .0831434    -1.22   0.223    -.2642329    .0616834
                 7  |   .1484168   .2148248     0.69   0.490    -.2726321    .5694656
                    |
               year |   -.044591   .0235472    -1.89   0.058    -.0907427    .0015607
         ideology_l |    .149927   .1176037     1.27   0.202     -.080572    .3804261
                    |
              major |
                 2  |  -.1966479   .1824385    -1.08   0.281    -.5542207    .1609249
                 7  |  -.0694502   .2245802    -0.31   0.757    -.5096194     .370719
                 9  |   .0403704   .1512061     0.27   0.789     -.255988    .3367289
                10  |  -.1633356   .1844364    -0.89   0.376    -.5248243    .1981532
                11  |  -.3898357   .1953475    -2.00   0.046    -.7727098   -.0069616
                13  |  -.1091238   .1556829    -0.70   0.483    -.4142567    .1960092
                15  |  -.1137492   .1811918    -0.63   0.530    -.4688786    .2413802
-------------------------------------------------------------------------------------

.         eststo
(est1 stored)

.         qui sum express_d if treat == 0 & private_ == 1 & topic_id == 1

.         estadd scalar Cmean = r(mean)

added scalar:
              e(Cmean) =  .25675676

.         estadd scalar Csd = r(sd)

added scalar:
                e(Csd) =  .43982596

.         distinct(survey_id) if private_ == 1  & topic_id == 1

           |        Observations
           |      total   distinct
-----------+----------------------
 survey_id |        157        157

.         estadd scalar ids = round(r(ndistinct),1)

added scalar:
                e(ids) =  157

. 
. logit express_d treat guesses_norm i.topic_id `session_controls' `ind_controls' if private_ == 1 & t
> opic_id == 2, cluster(zoom_id)

note: 2.topic_id omitted because of collinearity.
Iteration 0:  Log pseudolikelihood = -145.47518  
Iteration 1:  Log pseudolikelihood = -130.79326  
Iteration 2:  Log pseudolikelihood = -130.76215  
Iteration 3:  Log pseudolikelihood = -130.76211  
Iteration 4:  Log pseudolikelihood = -130.76211  

Logistic regression                                     Number of obs =    210
                                                        Wald chi2(24) =  66.03
                                                        Prob > chi2   = 0.0000
Log pseudolikelihood = -130.76211                       Pseudo R2     = 0.1011

                                 (Std. err. adjusted for 36 clusters in zoom_id)
--------------------------------------------------------------------------------
               |               Robust
     express_d | Coefficient  std. err.      z    P>|z|     [95% conf. interval]
---------------+----------------------------------------------------------------
         treat |   .1683801   .2801083     0.60   0.548    -.3806221    .7173824
  guesses_norm |  -.0039912   .0089488    -0.45   0.656    -.0215306    .0135481
               |
      topic_id |
death_penalty  |          0  (omitted)
    group_size |   .0104773   .1339619     0.08   0.938    -.2520832    .2730378
2.session_time |   .6102946   .3082179     1.98   0.048     .0061986    1.214391
               |
     moderator |
            2  |  -.1606618   .4127569    -0.39   0.697    -.9696504    .6483267
            3  |   .3665564   .3368049     1.09   0.276     -.293569    1.026682
               |
          week |
            1  |   1.387036   .5296031     2.62   0.009     .3490325    2.425039
            2  |   .0973621   .6973507     0.14   0.889     -1.26942    1.464144
            3  |   .2173724    .635668     0.34   0.732    -1.028514    1.463259
            4  |   1.072289   .5749547     1.86   0.062    -.0546019    2.199179
               |
        female |   -.185868   .3033345    -0.61   0.540    -.7803927    .4086567
               |
          race |
            3  |   .4535062   .8928643     0.51   0.612    -1.296476    2.203488
            4  |   .1713956   .3920236     0.44   0.662    -.5969565    .9397477
            6  |  -.6249753   .3301453    -1.89   0.058    -1.272048    .0220976
            7  |   .0290332   .8735498     0.03   0.973    -1.683093    1.741159
               |
          year |   .1828777   .1043857     1.75   0.080    -.0217145    .3874699
    ideology_l |   .1572121   .3140954     0.50   0.617    -.4584035    .7728277
               |
         major |
            2  |    1.81118   1.073617     1.69   0.092    -.2930713    3.915431
            7  |   1.378829   1.645822     0.84   0.402    -1.846923     4.60458
            9  |   1.937877   1.179244     1.64   0.100    -.3733988    4.249152
           10  |   1.627047   .9600677     1.69   0.090    -.2546514    3.508745
           11  |   .7480675   .9959357     0.75   0.453    -1.203931    2.700066
           13  |    1.77243   .9479336     1.87   0.062    -.0854861    3.630345
           15  |    1.67036   1.171246     1.43   0.154    -.6252394    3.965959
               |
         _cons |  -2.853998   1.891286    -1.51   0.131    -6.560851    .8528549
--------------------------------------------------------------------------------

. margins, dydx(*) post
note: option continuous implied because a factor with only one level was specified in option dydx().

Average marginal effects                                   Number of obs = 210
Model VCE: Robust

Expression: Pr(express_d), predict()
dy/dx wrt:  treat guesses_norm 2.topic_id group_size 2.session_time 2.moderator 3.moderator 1.week
            2.week 3.week 4.week female 3.race 4.race 6.race 7.race year ideology_l 2.major 7.major
            9.major 10.major 11.major 13.major 15.major

--------------------------------------------------------------------------------
               |            Delta-method
               |      dy/dx   std. err.      z    P>|z|     [95% conf. interval]
---------------+----------------------------------------------------------------
         treat |   .0365034   .0604188     0.60   0.546    -.0819153    .1549222
  guesses_norm |  -.0008653   .0019462    -0.44   0.657    -.0046798    .0029493
               |
      topic_id |
death_penalty  |          0  (omitted)
    group_size |   .0022714   .0290191     0.08   0.938    -.0546051    .0591479
2.session_time |   .1323069   .0639215     2.07   0.038     .0070231    .2575907
               |
     moderator |
            2  |  -.0348302   .0892328    -0.39   0.696    -.2097232    .1400629
            3  |   .0794664   .0720326     1.10   0.270    -.0617149    .2206478
               |
          week |
            1  |    .300698   .1132968     2.65   0.008     .0786405    .5227556
            2  |   .0211073   .1514168     0.14   0.889    -.2756641    .3178787
            3  |   .0471246   .1383099     0.34   0.733    -.2239579    .3182071
            4  |   .2324634   .1250376     1.86   0.063    -.0126058    .4775326
               |
        female |  -.0402947    .065463    -0.62   0.538    -.1685998    .0880105
               |
          race |
            3  |   .0983165    .193215     0.51   0.611     -.280378     .477011
            4  |   .0371572    .084558     0.44   0.660    -.1285735    .2028879
            6  |  -.1354896    .069772    -1.94   0.052    -.2722401     .001261
            7  |   .0062942   .1893926     0.03   0.973    -.3649086    .3774969
               |
          year |   .0396464   .0223307     1.78   0.076     -.004121    .0834138
    ideology_l |   .0340823   .0677902     0.50   0.615     -.098784    .1669486
               |
         major |
            2  |    .392649   .2303167     1.70   0.088    -.0587635    .8440615
            7  |   .2989188   .3546344     0.84   0.399    -.3961519    .9939895
            9  |   .4201159   .2510732     1.67   0.094    -.0719786    .9122104
           10  |   .3527305   .2062193     1.71   0.087    -.0514519    .7569129
           11  |   .1621749    .215562     0.75   0.452    -.2603188    .5846687
           13  |   .3842483   .2008892     1.91   0.056    -.0094873     .777984
           15  |   .3621204   .2516849     1.44   0.150    -.1311729    .8554138
--------------------------------------------------------------------------------

.         eststo
(est2 stored)

.         qui sum express_d if treat == 0 & private_ == 1 & topic_id == 2

.         estadd scalar Cmean = r(mean)

added scalar:
              e(Cmean) =  .50925926

.         estadd scalar Csd = r(sd)

added scalar:
                e(Csd) =  .50224487

.         distinct(survey_id) if private_ == 1  & topic_id == 2

           |        Observations
           |      total   distinct
-----------+----------------------
 survey_id |        210        210

.         estadd scalar ids = round(r(ndistinct),1)

added scalar:
                e(ids) =  210

.         
. logit express_d treat guesses_norm i.topic_id `session_controls' `ind_controls' if private_ == 1 & t
> opic_id == 3, cluster(zoom_id)

note: 3.topic_id omitted because of collinearity.
Iteration 0:  Log pseudolikelihood = -186.87825  
Iteration 1:  Log pseudolikelihood = -175.21097  
Iteration 2:  Log pseudolikelihood = -175.17268  
Iteration 3:  Log pseudolikelihood = -175.17268  

Logistic regression                                     Number of obs =    272
                                                        Wald chi2(24) =  66.26
                                                        Prob > chi2   = 0.0000
Log pseudolikelihood = -175.17268                       Pseudo R2     = 0.0626

                                 (Std. err. adjusted for 36 clusters in zoom_id)
--------------------------------------------------------------------------------
               |               Robust
     express_d | Coefficient  std. err.      z    P>|z|     [95% conf. interval]
---------------+----------------------------------------------------------------
         treat |   .2464702   .2326342     1.06   0.289    -.2094844    .7024249
  guesses_norm |   .0165571   .0087384     1.89   0.058      -.00057    .0336841
               |
      topic_id |
immunizations  |          0  (omitted)
    group_size |  -.1865075   .1083756    -1.72   0.085    -.3989197    .0259048
2.session_time |   .0027902   .2328713     0.01   0.990    -.4536292    .4592097
               |
     moderator |
            2  |   .0680532   .2398517     0.28   0.777    -.4020475    .5381539
            3  |   .0471572   .3154155     0.15   0.881    -.5710458    .6653603
               |
          week |
            1  |    .578101   .4154312     1.39   0.164    -.2361291    1.392331
            2  |  -.3232266   .5277283    -0.61   0.540    -1.357555    .7111019
            3  |    .107339   .4589425     0.23   0.815    -.7921718     1.00685
            4  |   .6990989   .4694974     1.49   0.136    -.2210991    1.619297
               |
        female |   .3510077   .2791944     1.26   0.209    -.1962032    .8982186
               |
          race |
            3  |  -.4483856   .7914648    -0.57   0.571    -1.999628    1.102857
            4  |  -.2828416    .380626    -0.74   0.457    -1.028855    .4631717
            6  |  -.0406009   .3034952    -0.13   0.894    -.6354405    .5542388
            7  |   .1249231    .706249     0.18   0.860      -1.2593    1.509146
               |
          year |   .0152599   .0935727     0.16   0.870    -.1681392     .198659
    ideology_l |   .3554372   .2669102     1.33   0.183    -.1676972    .8785715
               |
         major |
            2  |   .2359415   .9298054     0.25   0.800    -1.586444    2.058327
            7  |  -.4263779   1.116688    -0.38   0.703    -2.615045    1.762289
            9  |   .0760642   1.109843     0.07   0.945    -2.099188    2.251317
           10  |   .4041246   1.026626     0.39   0.694    -1.608025    2.416274
           11  |  -.4657481   .9272544    -0.50   0.615    -2.283133    1.351637
           13  |   .2175355   .9602902     0.23   0.821    -1.664599     2.09967
           15  |  -.0747418   .9425804    -0.08   0.937    -1.922165    1.772682
               |
         _cons |  -.8242291   1.865339    -0.44   0.659    -4.480226    2.831768
--------------------------------------------------------------------------------

. margins, dydx(*) post
note: option continuous implied because a factor with only one level was specified in option dydx().

Average marginal effects                                   Number of obs = 272
Model VCE: Robust

Expression: Pr(express_d), predict()
dy/dx wrt:  treat guesses_norm 3.topic_id group_size 2.session_time 2.moderator 3.moderator 1.week
            2.week 3.week 4.week female 3.race 4.race 6.race 7.race year ideology_l 2.major 7.major
            9.major 10.major 11.major 13.major 15.major

--------------------------------------------------------------------------------
               |            Delta-method
               |      dy/dx   std. err.      z    P>|z|     [95% conf. interval]
---------------+----------------------------------------------------------------
         treat |   .0558168   .0526529     1.06   0.289     -.047381    .1590146
  guesses_norm |   .0037496    .001912     1.96   0.050     2.15e-06     .007497
               |
      topic_id |
immunizations  |          0  (omitted)
    group_size |  -.0422373   .0242622    -1.74   0.082    -.0897904    .0053157
2.session_time |   .0006319   .0527409     0.01   0.990    -.1027384    .1040022
               |
     moderator |
            2  |   .0154116   .0541368     0.28   0.776    -.0906945    .1215177
            3  |   .0106794   .0715363     0.15   0.881    -.1295291     .150888
               |
          week |
            1  |   .1309194   .0932286     1.40   0.160    -.0518052     .313644
            2  |  -.0731994    .119098    -0.61   0.539    -.3066271    .1602284
            3  |   .0243085   .1039304     0.23   0.815    -.1793914    .2280083
            4  |   .1583211   .1046393     1.51   0.130    -.0467682    .3634105
               |
        female |   .0794908   .0633643     1.25   0.210     -.044701    .2036825
               |
          race |
            3  |  -.1015434   .1796085    -0.57   0.572    -.4535697    .2504828
            4  |  -.0640536   .0854864    -0.75   0.454    -.2316039    .1034967
            6  |  -.0091947   .0687767    -0.13   0.894    -.1439945    .1256052
            7  |   .0282907   .1595913     0.18   0.859    -.2845025    .3410838
               |
          year |   .0034558   .0211433     0.16   0.870    -.0379842    .0448959
    ideology_l |   .0804939    .059603     1.35   0.177    -.0363259    .1973137
               |
         major |
            2  |   .0534324   .2104754     0.25   0.800    -.3590919    .4659566
            7  |  -.0965595   .2526623    -0.38   0.702    -.5917685    .3986495
            9  |   .0172259   .2513909     0.07   0.945    -.4754913     .509943
           10  |   .0915199   .2320523     0.39   0.693    -.3632943    .5463341
           11  |  -.1054754   .2097349    -0.50   0.615    -.5165483    .3055974
           13  |   .0492641   .2174755     0.23   0.821      -.37698    .4755082
           15  |  -.0169264   .2134816    -0.08   0.937    -.4353426    .4014898
--------------------------------------------------------------------------------

.         eststo
(est3 stored)

.         qui sum express_d if treat == 0 & private_ == 1 & topic_id == 3

.         estadd scalar Cmean = r(mean)

added scalar:
              e(Cmean) =  .42335766

.         estadd scalar Csd = r(sd)

added scalar:
                e(Csd) =  .49590422

.         distinct(survey_id) if private_ == 1  & topic_id == 3

           |        Observations
           |      total   distinct
-----------+----------------------
 survey_id |        272        272

.         estadd scalar ids = round(r(ndistinct),1)

added scalar:
                e(ids) =  272

.         
. logit express_d treat guesses_norm i.topic_id `session_controls' `ind_controls' if private_ == 1 & t
> opic_id == 4, cluster(zoom_id)

note: 1.major != 0 predicts failure perfectly;
      1.major omitted and 5 obs not used.

note: 7.major != 0 predicts failure perfectly;
      7.major omitted and 4 obs not used.

note: 4.topic_id omitted because of collinearity.
note: 15.major omitted because of collinearity.
Iteration 0:  Log pseudolikelihood = -78.735763  
Iteration 1:  Log pseudolikelihood =   -67.4256  
Iteration 2:  Log pseudolikelihood = -67.217337  
Iteration 3:  Log pseudolikelihood = -67.216836  
Iteration 4:  Log pseudolikelihood = -67.216836  

Logistic regression                                     Number of obs =    121
                                                        Wald chi2(22) =  29.89
                                                        Prob > chi2   = 0.1210
Log pseudolikelihood = -67.216836                       Pseudo R2     = 0.1463

                                  (Std. err. adjusted for 36 clusters in zoom_id)
---------------------------------------------------------------------------------
                |               Robust
      express_d | Coefficient  std. err.      z    P>|z|     [95% conf. interval]
----------------+----------------------------------------------------------------
          treat |   -.370126   .3879816    -0.95   0.340    -1.130556    .3903039
   guesses_norm |  -.0011081   .0114533    -0.10   0.923    -.0235563      .02134
                |
       topic_id |
rename_schools  |          0  (omitted)
     group_size |   .0782794   .1181513     0.66   0.508    -.1532928    .3098516
 2.session_time |   .3796185   .4247727     0.89   0.371    -.4529207    1.212158
                |
      moderator |
             2  |   -.856916   .4365865    -1.96   0.050     -1.71261   -.0012222
             3  |   .5565226   .5950628     0.94   0.350     -.609779    1.722824
                |
           week |
             1  |   1.925552   .6922487     2.78   0.005     .5687697    3.282335
             2  |  -.0022237   1.051347    -0.00   0.998    -2.062825    2.058378
             3  |    .357243   .7218838     0.49   0.621    -1.057623    1.772109
             4  |   .7010877   .6650629     1.05   0.292    -.6024116    2.004587
                |
         female |   .2397239   .5189308     0.46   0.644    -.7773618     1.25681
                |
           race |
             3  |   .5639991   1.379163     0.41   0.683    -2.139111     3.26711
             4  |  -.5645034   .5778616    -0.98   0.329    -1.697091    .5680846
             6  |  -.6085534   .7031015    -0.87   0.387    -1.986607    .7695002
             7  |  -.7115597   1.069459    -0.67   0.506     -2.80766    1.384541
                |
           year |  -.0469282   .1294251    -0.36   0.717    -.3005967    .2067403
     ideology_l |   .6467652   .6497403     1.00   0.320    -.6267024    1.920233
                |
          major |
             1  |          0  (empty)
             2  |  -.3119978   .8418468    -0.37   0.711    -1.961987    1.337992
             7  |          0  (empty)
             9  |   1.172277    .982112     1.19   0.233    -.7526274    3.097181
            10  |    .086431   1.024729     0.08   0.933    -1.922001    2.094863
            11  |  -.2654603   1.036102    -0.26   0.798    -2.296182    1.765262
            13  |   .1826861   .8652091     0.21   0.833    -1.513093    1.878465
            15  |          0  (omitted)
                |
          _cons |  -2.371836   2.080701    -1.14   0.254    -6.449936    1.706264
---------------------------------------------------------------------------------

. margins, dydx(*) post
note: option continuous implied because a factor with only one level was specified in option dydx().

Average marginal effects                                   Number of obs = 121
Model VCE: Robust

Expression: Pr(express_d), predict()
dy/dx wrt:  treat guesses_norm 4.topic_id group_size 2.session_time 2.moderator 3.moderator 1.week
            2.week 3.week 4.week female 3.race 4.race 6.race 7.race year ideology_l 2.major 7.major
            9.major 10.major 11.major 13.major 15.major

---------------------------------------------------------------------------------
                |            Delta-method
                |      dy/dx   std. err.      z    P>|z|     [95% conf. interval]
----------------+----------------------------------------------------------------
          treat |  -.0693163   .0712544    -0.97   0.331    -.2089724    .0703398
   guesses_norm |  -.0002075   .0021451    -0.10   0.923    -.0044118    .0039968
                |
       topic_id |
rename_schools  |          0  (omitted)
     group_size |     .01466   .0221503     0.66   0.508    -.0287538    .0580737
 2.session_time |    .071094   .0774128     0.92   0.358    -.0806324    .2228204
                |
      moderator |
             2  |  -.1604811   .0798658    -2.01   0.044    -.3170152   -.0039471
             3  |   .1042242   .1103519     0.94   0.345    -.1120615    .3205099
                |
           week |
             1  |   .3606127   .1177488     3.06   0.002     .1298293    .5913962
             2  |  -.0004164   .1968864    -0.00   0.998    -.3863068    .3854739
             3  |   .0669036   .1353003     0.49   0.621    -.1982802    .3320873
             4  |    .131298   .1245828     1.05   0.292    -.1128798    .3754758
                |
         female |   .0448949   .0963814     0.47   0.641    -.1440091     .233799
                |
           race |
             3  |   .1056244   .2595317     0.41   0.684    -.4030484    .6142971
             4  |  -.1057188   .1053701    -1.00   0.316    -.3122404    .1008028
             6  |  -.1139684   .1260759    -0.90   0.366    -.3610726    .1331358
             7  |  -.1332592   .1996846    -0.67   0.505    -.5246338    .2581155
                |
           year |  -.0087886   .0239421    -0.37   0.714    -.0557142     .038137
     ideology_l |   .1211246   .1187374     1.02   0.308    -.1115964    .3538456
                |
          major |
             1  |          0  (empty)
             2  |  -.0584302   .1566881    -0.37   0.709    -.3655332    .2486729
             7  |          0  (empty)
             9  |   .2195411   .1821709     1.21   0.228    -.1375072    .5765895
            10  |   .0161866   .1919194     0.08   0.933    -.3599686    .3923418
            11  |  -.0497148   .1930877    -0.26   0.797    -.4281597    .3287302
            13  |    .034213   .1619849     0.21   0.833    -.2832715    .3516975
            15  |          0  (omitted)
---------------------------------------------------------------------------------

.         eststo
(est4 stored)

.         qui sum express_d if treat == 0 & private_ == 1 & topic_id == 4

.         estadd scalar Cmean = r(mean)

added scalar:
              e(Cmean) =  .37313433

.         estadd scalar Csd = r(sd)

added scalar:
                e(Csd) =  .48728751

.         distinct(survey_id) if private_ == 1  & topic_id == 4

           |        Observations
           |      total   distinct
-----------+----------------------
 survey_id |        130        130

.         estadd scalar ids = round(r(ndistinct),1)

added scalar:
                e(ids) =  130

. 
. esttab using "$output/logit_expression_majority_tc_topic.tex", ///
> se lab stats(Cmean Csd ids,labels("Mean" "SD" "IDs")) keep(treat) star( * 0.1 ** 0.05 *** 0.01) ///
> varwidth(32) wrap compress nogap noconstant replace ///
> title("TC_expression") //indicate("Individual Controls =  gender")
(file /Users/yihong/Desktop/Silence Replicate Final/Output/logit_expression_majority_tc_topic.tex
    not found)
(output written to /Users/yihong/Desktop/Silence Replicate Final/Output/logit_expression_majority_tc_t
> opic.tex)

. 
end of do-file

. do "$code/Table C8.do"

. use "$data/TC_cleaned.dta", clear
(TC_cleaned -- de-identified 21 Aug 2026)

. 
. 
. foreach var in rename_schools affirmative_action death_penalty immunizations daylight_saving{
  2.         replace e_`var' = 9 if e_`var' == .
  3.         gen e_d_`var' = 0 
  4.         replace e_d_`var' = 1 if e_`var' != 9 & e_`var' == private_`var' 
  5.         }
(225 real changes made)
(96 real changes made)
(258 real changes made)
(66 real changes made)
(182 real changes made)
(143 real changes made)
(189 real changes made)
(139 real changes made)
(216 real changes made)
(112 real changes made)

. 
. 
.          keep private_rename_schools private_immunizations private_death_penalty private_affirmative
> _action ///
>          guesses_rename_schools guesses_immunizations guesses_death_penalty guesses_affirmative_acti
> on ///
>          guesses_m_rename_schools guesses_m_immunizations guesses_m_death_penalty guesses_m_affirmat
> ive_action ///
>          e_d_rename_schools e_d_immunizations e_d_death_penalty e_d_affirmative_action ///
>          treat gender race year major ideology survey_id zoom_id group_size session_time moderator w
> eek

. 
. reshape long private_ guesses_ guesses_m_ e_d_, i(survey_id) j(topic) string
(j = affirmative_action death_penalty immunizations rename_schools)

Data                               Wide   ->   Long
-----------------------------------------------------------------------------
Number of observations              333   ->   1,332       
Number of variables                  28   ->   17          
j variable (4 values)                     ->   topic
xij variables:
private_affirmative_action private_death_penalty ... private_rename_schools->private_
guesses_affirmative_action guesses_death_penalty ... guesses_rename_schools->guesses_
guesses_m_affirmative_action guesses_m_death_penalty ... guesses_m_rename_schools->guesses_m_
e_d_affirmative_action e_d_death_penalty ... e_d_rename_schools->e_d_
-----------------------------------------------------------------------------

. 
. gen private_norm = 0 

. replace private_norm = 1 if private_ == 1
(769 real changes made)

. 
. gen guesses_norm = .  
(1,332 missing values generated)

. replace guesses_norm = guesses_ 
(1,332 real changes made)

. 
. rename e_d_ express_d 

. encode topic, generate(topic_id)

. 
. local ind_controls i.gender i.race year i.ideology i.major

. local session_controls group_size i.session_time i.moderator i.week

. 
. eststo clear

. 
. reg guesses_m_ treat i.topic_id if private_ == 0 

      Source |       SS           df       MS      Number of obs   =       556
-------------+----------------------------------   F(4, 551)       =     61.33
       Model |  44482.9465         4  11120.7366   Prob > F        =    0.0000
    Residual |  99904.0247       551  181.314019   R-squared       =    0.3081
-------------+----------------------------------   Adj R-squared   =    0.3031
       Total |  144386.971       555  260.156705   Root MSE        =    13.465

---------------------------------------------------------------------------------
     guesses_m_ | Coefficient  Std. err.      t    P>|t|     [95% conf. interval]
----------------+----------------------------------------------------------------
          treat |  -7.098778   1.143149    -6.21   0.000    -9.344242   -4.853314
                |
       topic_id |
 death_penalty  |   10.82635   1.590966     6.80   0.000     7.701249    13.95145
 immunizations  |   23.57913   2.016948    11.69   0.000     19.61728    27.54098
rename_schools  |  -1.889845   1.396434    -1.35   0.177     -4.63283    .8531398
                |
          _cons |   55.84022   1.157317    48.25   0.000     53.56693    58.11351
---------------------------------------------------------------------------------

.         quietly test treat

.     estadd scalar Fstat = r(F)

added scalar:
              e(Fstat) =  38.562154

.         eststo fs1

.         qui sum guesses_m_ if private_ == 0 

.         estadd scalar Cmean = r(mean)

added scalar:
              e(Cmean) =  56.492806

.         estadd scalar Csd = r(sd)

added scalar:
                e(Csd) =  16.129374

. 
. reg guesses_m_ treat guesses_norm i.topic_id if private_ == 0, cluster(zoom_id)

Linear regression                               Number of obs     =        556
                                                F(5, 35)          =      65.65
                                                Prob > F          =     0.0000
                                                R-squared         =     0.3237
                                                Root MSE          =     13.324

                                  (Std. err. adjusted for 36 clusters in zoom_id)
---------------------------------------------------------------------------------
                |               Robust
     guesses_m_ | Coefficient  std. err.      t    P>|t|     [95% conf. interval]
----------------+----------------------------------------------------------------
          treat |  -6.977427   1.104688    -6.32   0.000    -9.220062   -4.734791
   guesses_norm |   .0971221   .0411001     2.36   0.024     .0136845    .1805597
                |
       topic_id |
 death_penalty  |   9.757559   1.795961     5.43   0.000     6.111564    13.40355
 immunizations  |   22.24964   2.332723     9.54   0.000     17.51397    26.98532
rename_schools  |  -2.182468   .9834779    -2.22   0.033    -4.179034   -.1859021
                |
          _cons |   51.07694    2.34744    21.76   0.000     46.31138    55.84249
---------------------------------------------------------------------------------

.     quietly test treat

.     estadd scalar Fstat = r(F)

added scalar:
              e(Fstat) =  39.894353

.     eststo fs2

.         qui sum guesses_m_ if private_ == 0 

.         estadd scalar Cmean = r(mean)

added scalar:
              e(Cmean) =  56.492806

.         estadd scalar Csd = r(sd)

added scalar:
                e(Csd) =  16.129374

. 
. reg guesses_m_ treat guesses_norm i.topic_id `session_controls' if private_ == 0, cluster(zoom_id)

Linear regression                               Number of obs     =        556
                                                F(13, 35)         =      43.41
                                                Prob > F          =     0.0000
                                                R-squared         =     0.3321
                                                Root MSE          =     13.339

                                  (Std. err. adjusted for 36 clusters in zoom_id)
---------------------------------------------------------------------------------
                |               Robust
     guesses_m_ | Coefficient  std. err.      t    P>|t|     [95% conf. interval]
----------------+----------------------------------------------------------------
          treat |  -7.076583   1.022767    -6.92   0.000     -9.15291   -5.000256
   guesses_norm |   .0950469   .0401317     2.37   0.024     .0135752    .1765186
                |
       topic_id |
 death_penalty  |   9.868773   1.734705     5.69   0.000     6.347134    13.39041
 immunizations  |   22.26965   2.313359     9.63   0.000     17.57328    26.96602
rename_schools  |  -2.037353   .9955204    -2.05   0.048    -4.058367   -.0163393
                |
     group_size |  -.2745618   .4607386    -0.60   0.555    -1.209911    .6607873
 2.session_time |   1.257417   1.196457     1.05   0.300     -1.17152    3.686353
                |
      moderator |
             2  |  -.0632517    1.28637    -0.05   0.961    -2.674721    2.548218
             3  |   2.637898   1.511709     1.74   0.090    -.4310338    5.706829
                |
           week |
             1  |  -1.386949    2.43124    -0.57   0.572     -6.32263    3.548731
             2  |  -2.008367    2.41671    -0.83   0.412    -6.914549    2.897815
             3  |  -.5932678    2.13306    -0.28   0.783    -4.923611    3.737075
             4  |  -2.383893   2.398683    -0.99   0.327    -7.253478    2.485691
                |
          _cons |   53.82047   5.698446     9.44   0.000     42.25201    65.38893
---------------------------------------------------------------------------------

.     quietly test treat

.     estadd scalar Fstat = r(F)

added scalar:
              e(Fstat) =  47.873383

.     eststo fs3

.         qui sum guesses_m_ if private_ == 0 

.         estadd scalar Cmean = r(mean)

added scalar:
              e(Cmean) =  56.492806

.         estadd scalar Csd = r(sd)

added scalar:
                e(Csd) =  16.129374

. 
. reg guesses_m_ treat guesses_norm i.topic_id `session_controls' `ind_controls' if private_ == 0, clu
> ster(zoom_id)

Linear regression                               Number of obs     =        556
                                                F(34, 35)         =          .
                                                Prob > F          =          .
                                                R-squared         =     0.3557
                                                Root MSE          =     13.375

                                  (Std. err. adjusted for 36 clusters in zoom_id)
---------------------------------------------------------------------------------
                |               Robust
     guesses_m_ | Coefficient  std. err.      t    P>|t|     [95% conf. interval]
----------------+----------------------------------------------------------------
          treat |  -7.230798   1.053793    -6.86   0.000    -9.370111   -5.091484
   guesses_norm |   .1023157   .0421793     2.43   0.021     .0166872    .1879443
                |
       topic_id |
 death_penalty  |   9.912856   1.757013     5.64   0.000      6.34593    13.47978
 immunizations  |    22.3888    2.34873     9.53   0.000     17.62063    27.15698
rename_schools  |  -2.093367   1.057606    -1.98   0.056    -4.240421    .0536868
                |
     group_size |  -.2884984   .5548856    -0.52   0.606    -1.414976    .8379792
 2.session_time |   1.920964    1.24232     1.55   0.131    -.6010785    4.443007
                |
      moderator |
             2  |  -.7238951   1.430794    -0.51   0.616    -3.628561    2.180771
             3  |   2.824317   1.444293     1.96   0.059     -.107753    5.756387
                |
           week |
             1  |  -.7694169   2.271331    -0.34   0.737    -5.380465    3.841631
             2  |  -1.023593    2.26123    -0.45   0.654    -5.614135    3.566949
             3  |   .2791469   2.011815     0.14   0.890    -3.805054    4.363348
             4  |  -1.932732   2.244304    -0.86   0.395    -6.488912    2.623448
                |
         gender |
             2  |   1.094948   1.597812     0.69   0.498    -2.148782    4.338677
             4  |  -21.98645   4.318021    -5.09   0.000     -30.7525    -13.2204
             5  |    .438917    4.76948     0.09   0.927    -9.243642    10.12148
             6  |  -7.830012   6.315811    -1.24   0.223    -20.65179    4.991766
                |
           race |
             3  |   1.347174    4.48804     0.30   0.766    -7.764032    10.45838
             4  |  -.8402851   2.494905    -0.34   0.738    -5.905211    4.224641
             6  |  -1.832628   2.152722    -0.85   0.400    -6.202886    2.537629
             7  |  -3.077857   3.319403    -0.93   0.360    -9.816603    3.660889
                |
           year |   .3039707   .4404734     0.69   0.495    -.5902378    1.198179
                |
       ideology |
             2  |   -.220596   2.160989    -0.10   0.919    -4.607636    4.166444
             3  |  -1.548222   2.509467    -0.62   0.541     -6.64271    3.546266
             4  |  -1.773971   2.626448    -0.68   0.504    -7.105945    3.558003
             5  |  -.6531284   3.663448    -0.18   0.860    -8.090322    6.784065
             6  |   .6580287    4.83229     0.14   0.892    -9.152042     10.4681
             9  |   5.782764   3.496749     1.65   0.107    -1.316013    12.88154
                |
          major |
             2  |  -.8265581   5.839975    -0.14   0.888    -12.68234    11.02922
             7  |   2.231247   6.296269     0.35   0.725    -10.55086    15.01335
             9  |   .1664529   5.983775     0.03   0.978    -11.98126    12.31416
            10  |  -1.494535   5.548794    -0.27   0.789    -12.75919    9.770116
            11  |   1.759054   5.905002     0.30   0.768    -10.22874    13.74684
            13  |  -.5522086   5.286218    -0.10   0.917     -11.2838    10.17939
            15  |   3.318305   5.842946     0.57   0.574    -8.543506    15.18012
                |
          _cons |   52.62295    7.74752     6.79   0.000     36.89465    68.35126
---------------------------------------------------------------------------------

.     quietly test treat

.     estadd scalar Fstat = r(F)

added scalar:
              e(Fstat) =  47.082758

.     eststo fs4

.         qui sum guesses_m_ if private_ == 0 

.         estadd scalar Cmean = r(mean)

added scalar:
              e(Cmean) =  56.492806

.         estadd scalar Csd = r(sd)

added scalar:
                e(Csd) =  16.129374

. 
. reg express_d treat i.topic_id if private_ == 0, cluster(zoom_id)

Linear regression                               Number of obs     =        556
                                                F(4, 35)          =       9.71
                                                Prob > F          =     0.0000
                                                R-squared         =     0.0466
                                                Root MSE          =     .42266

                                  (Std. err. adjusted for 36 clusters in zoom_id)
---------------------------------------------------------------------------------
                |               Robust
      express_d | Coefficient  std. err.      t    P>|t|     [95% conf. interval]
----------------+----------------------------------------------------------------
          treat |   .1601612    .032024     5.00   0.000      .095149    .2251735
                |
       topic_id |
 death_penalty  |   .1011041   .0284323     3.56   0.001     .0433834    .1588247
 immunizations  |   .1128185   .0661519     1.71   0.097    -.0214771    .2471141
rename_schools  |   .0815556   .0302316     2.70   0.011     .0201822     .142929
                |
          _cons |   .1017622   .0258687     3.93   0.000      .049246    .1542784
---------------------------------------------------------------------------------

.         eststo rf1

.         qui sum express_d if private_ == 0 

.         estadd scalar Cmean = r(mean)

added scalar:
              e(Cmean) =  .24640288

.         estadd scalar Csd = r(sd)

added scalar:
                e(Csd) =  .43130392

. 
. reg express_d treat guesses_norm i.topic_id if private_ == 0, cluster(zoom_id)

Linear regression                               Number of obs     =        556
                                                F(5, 35)          =       8.02
                                                Prob > F          =     0.0000
                                                R-squared         =     0.0479
                                                Root MSE          =     .42276

                                  (Std. err. adjusted for 36 clusters in zoom_id)
---------------------------------------------------------------------------------
                |               Robust
      express_d | Coefficient  std. err.      t    P>|t|     [95% conf. interval]
----------------+----------------------------------------------------------------
          treat |   .1610889   .0319619     5.04   0.000     .0962028     .225975
   guesses_norm |   .0007425    .000833     0.89   0.379    -.0009487    .0024336
                |
       topic_id |
 death_penalty  |   .0929337   .0272568     3.41   0.002     .0375995    .1482679
 immunizations  |   .1026553   .0684449     1.50   0.143    -.0362952    .2416058
rename_schools  |   .0793186   .0295943     2.68   0.011      .019239    .1393983
                |
          _cons |   .0653492   .0545597     1.20   0.239    -.0454128    .1761113
---------------------------------------------------------------------------------

.         eststo rf2

.         qui sum express_d if private_ == 0 

.         estadd scalar Cmean = r(mean)

added scalar:
              e(Cmean) =  .24640288

.         estadd scalar Csd = r(sd)

added scalar:
                e(Csd) =  .43130392

. 
. reg express_d treat guesses_norm i.topic_id `session_controls' if private_ == 0, cluster(zoom_id)

Linear regression                               Number of obs     =        556
                                                F(13, 35)         =       6.72
                                                Prob > F          =     0.0000
                                                R-squared         =     0.0921
                                                Root MSE          =     .41587

                                  (Std. err. adjusted for 36 clusters in zoom_id)
---------------------------------------------------------------------------------
                |               Robust
      express_d | Coefficient  std. err.      t    P>|t|     [95% conf. interval]
----------------+----------------------------------------------------------------
          treat |   .1675031   .0266396     6.29   0.000     .1134219    .2215843
   guesses_norm |   .0003073   .0008134     0.38   0.708     -.001344    .0019586
                |
       topic_id |
 death_penalty  |   .0980723   .0298015     3.29   0.002     .0375721    .1585725
 immunizations  |   .1042906   .0669473     1.56   0.128    -.0316196    .2402009
rename_schools  |   .0839786   .0314526     2.67   0.011     .0201265    .1478307
                |
     group_size |  -.0094586   .0174503    -0.54   0.591    -.0448846    .0259674
 2.session_time |   .0587583   .0262162     2.24   0.031     .0055365    .1119801
                |
      moderator |
             2  |  -.0438496   .0342213    -1.28   0.208    -.1133225    .0256233
             3  |   .0095598   .0287697     0.33   0.742    -.0488458    .0679653
                |
           week |
             1  |   .1396931   .0780017     1.79   0.082    -.0186587    .2980448
             2  |  -.0938629   .0690456    -1.36   0.183    -.2340329    .0463071
             3  |  -.0246826   .0621662    -0.40   0.694    -.1508867    .1015216
             4  |  -.0683277   .0679315    -1.01   0.321     -.206236    .0695807
                |
          _cons |   .1400466   .1886041     0.74   0.463    -.2428402    .5229333
---------------------------------------------------------------------------------

.         eststo rf3

.         qui sum express_d if private_ == 0 

.         estadd scalar Cmean = r(mean)

added scalar:
              e(Cmean) =  .24640288

.         estadd scalar Csd = r(sd)

added scalar:
                e(Csd) =  .43130392

. 
. reg express_d treat guesses_norm i.topic_id `session_controls' `ind_controls' if private_ == 0, clus
> ter(zoom_id)

Linear regression                               Number of obs     =        556
                                                F(34, 35)         =          .
                                                Prob > F          =          .
                                                R-squared         =     0.1396
                                                Root MSE          =     .41331

                                  (Std. err. adjusted for 36 clusters in zoom_id)
---------------------------------------------------------------------------------
                |               Robust
      express_d | Coefficient  std. err.      t    P>|t|     [95% conf. interval]
----------------+----------------------------------------------------------------
          treat |   .1808544   .0309372     5.85   0.000     .1180484    .2436603
   guesses_norm |   .0006749   .0009596     0.70   0.487    -.0012733    .0026231
                |
       topic_id |
 death_penalty  |   .0956806   .0333765     2.87   0.007     .0279228    .1634384
 immunizations  |   .1088109   .0691377     1.57   0.125     -.031546    .2491678
rename_schools  |   .0875986   .0328584     2.67   0.012     .0208926    .1543047
                |
     group_size |  -.0135454   .0166614    -0.81   0.422    -.0473699     .020279
 2.session_time |   .0621794   .0283586     2.19   0.035     .0046083    .1197505
                |
      moderator |
             2  |   .0201342   .0350318     0.57   0.569    -.0509842    .0912526
             3  |  -.0024334   .0348157    -0.07   0.945    -.0731129    .0682462
                |
           week |
             1  |   .1511257   .0781141     1.93   0.061    -.0074544    .3097058
             2  |  -.1180108   .0660275    -1.79   0.083    -.2520537    .0160321
             3  |  -.0133649   .0641982    -0.21   0.836    -.1436942    .1169645
             4  |  -.0525294   .0660966    -0.79   0.432    -.1867126    .0816538
                |
         gender |
             2  |  -.0655635   .0422761    -1.55   0.130    -.1513885    .0202616
             4  |   -.224351   .0875249    -2.56   0.015     -.402036   -.0466659
             5  |   .1579966   .1230225     1.28   0.207    -.0917523    .4077456
             6  |  -.1593013   .1880596    -0.85   0.403    -.5410826      .22248
                |
           race |
             3  |   .0168628   .0828041     0.20   0.840    -.1512385    .1849641
             4  |   .0738063   .0685622     1.08   0.289    -.0653823     .212995
             6  |  -.0337781   .0410471    -0.82   0.416    -.1171082     .049552
             7  |   .1623025   .1001442     1.62   0.114    -.0410011    .3656061
                |
           year |  -.0040617   .0119553    -0.34   0.736    -.0283321    .0202088
                |
       ideology |
             2  |   .0201801   .0706428     0.29   0.777    -.1232325    .1635926
             3  |  -.0118763   .0702071    -0.17   0.867    -.1544044    .1306517
             4  |    .065656   .0890758     0.74   0.466    -.1151775    .2464895
             5  |  -.1157537   .1146594    -1.01   0.320    -.3485246    .1170173
             6  |  -.1092534   .1369356    -0.80   0.430    -.3872475    .1687406
             9  |   .0563351   .1037981     0.54   0.591    -.1543863    .2670565
                |
          major |
             2  |  -.0513956   .1057718    -0.49   0.630    -.2661237    .1633326
             7  |  -.2353744   .1444124    -1.63   0.112    -.5285472    .0577983
             9  |  -.1284743   .1278862    -1.00   0.322    -.3880972    .1311485
            10  |  -.0047273   .1142795    -0.04   0.967    -.2367269    .2272723
            11  |  -.0349202    .106606    -0.33   0.745    -.2513419    .1815014
            13  |  -.1342691     .11185    -1.20   0.238    -.3613367    .0927984
            15  |  -.1028204   .1195981    -0.86   0.396    -.3456175    .1399767
                |
          _cons |   .2357376   .2007294     1.17   0.248    -.1717648      .64324
---------------------------------------------------------------------------------

.         eststo rf4      

.         qui sum express_d if private_ == 0 

.         estadd scalar Cmean = r(mean)

added scalar:
              e(Cmean) =  .24640288

.         estadd scalar Csd = r(sd)

added scalar:
                e(Csd) =  .43130392

. 
.         esttab fs1 fs2 fs3 fs4 rf1 rf2 rf3 rf4 using "$output/first_reduced_minority_tc.tex", ///
>     se star(* 0.1 ** 0.05 *** 0.01) keep(treat) label noconstant ///
>     stats(Cmean Csd Fstat N, labels("Mean" "SD" "First-stage F" "Observations")) ///
>     mtitles("FS (1)" "FS (2)" "FS (3)" "FS (4)" "RF (1)" "RF (2)" "RF (3)" "RF (4)") ///
>     varwidth(22) wrap compress nogap replace ///
>     title("First Stage and Reduced Form, Privately Disagree")
(file /Users/yihong/Desktop/Silence Replicate Final/Output/first_reduced_minority_tc.tex not found)
(output written to /Users/yihong/Desktop/Silence Replicate Final/Output/first_reduced_minority_tc.tex)

. 
. 
. eststo clear

. 
. reg guesses_m_ treat i.topic_id if private_ == 1 

      Source |       SS           df       MS      Number of obs   =       769
-------------+----------------------------------   F(4, 764)       =    114.03
       Model |  86655.5264         4  21663.8816   Prob > F        =    0.0000
    Residual |  145152.557       764  189.990258   R-squared       =    0.3738
-------------+----------------------------------   Adj R-squared   =    0.3705
       Total |  231808.083       768  301.833442   Root MSE        =    13.784

---------------------------------------------------------------------------------
     guesses_m_ | Coefficient  Std. err.      t    P>|t|     [95% conf. interval]
----------------+----------------------------------------------------------------
          treat |  -6.038965   .9946393    -6.07   0.000    -7.991516   -4.086415
                |
       topic_id |
 death_penalty  |   12.31819   1.454878     8.47   0.000      9.46216    15.17423
 immunizations  |   24.23097   1.381903    17.53   0.000     21.51819    26.94375
rename_schools  |   .9793224   1.635088     0.60   0.549    -2.230476     4.18912
                |
          _cons |   59.26264   1.219272    48.60   0.000     56.86912    61.65616
---------------------------------------------------------------------------------

.         quietly test treat

.     estadd scalar Fstat = r(F)

added scalar:
              e(Fstat) =  36.863268

.         eststo fs1

.         qui sum guesses_m_ if private_ == 1

.         estadd scalar Cmean = r(mean)

added scalar:
              e(Cmean) =  68.355007

.         estadd scalar Csd = r(sd)

added scalar:
                e(Csd) =  17.373354

. 
. reg guesses_m_ treat guesses_norm i.topic_id if private_ == 1, cluster(zoom_id)

Linear regression                               Number of obs     =        769
                                                F(5, 35)          =      52.12
                                                Prob > F          =     0.0000
                                                R-squared         =     0.3917
                                                Root MSE          =     13.594

                                  (Std. err. adjusted for 36 clusters in zoom_id)
---------------------------------------------------------------------------------
                |               Robust
     guesses_m_ | Coefficient  std. err.      t    P>|t|     [95% conf. interval]
----------------+----------------------------------------------------------------
          treat |   -6.19171   1.148563    -5.39   0.000    -8.523418   -3.860003
   guesses_norm |   .1332167   .0299014     4.46   0.000     .0725135    .1939198
                |
       topic_id |
 death_penalty  |   10.24392    1.17046     8.75   0.000     7.867763    12.62008
 immunizations  |   21.39596   1.557373    13.74   0.000     18.23432    24.55759
rename_schools  |   .3149571   1.052626     0.30   0.767    -1.821987    2.451901
                |
          _cons |   51.68216   2.221144    23.27   0.000       47.173    56.19132
---------------------------------------------------------------------------------

.     quietly test treat

.     estadd scalar Fstat = r(F)

added scalar:
              e(Fstat) =  29.061053

.     eststo fs2

.         qui sum guesses_m_ if private_ == 1 

.         estadd scalar Cmean = r(mean)

added scalar:
              e(Cmean) =  68.355007

.         estadd scalar Csd = r(sd)

added scalar:
                e(Csd) =  17.373354

. 
. reg guesses_m_ treat guesses_norm i.topic_id `session_controls' if private_ == 1, cluster(zoom_id)

Linear regression                               Number of obs     =        769
                                                F(13, 35)         =      63.36
                                                Prob > F          =     0.0000
                                                R-squared         =     0.4013
                                                Root MSE          =     13.559

                                  (Std. err. adjusted for 36 clusters in zoom_id)
---------------------------------------------------------------------------------
                |               Robust
     guesses_m_ | Coefficient  std. err.      t    P>|t|     [95% conf. interval]
----------------+----------------------------------------------------------------
          treat |  -6.213491   1.090304    -5.70   0.000    -8.426927   -4.000056
   guesses_norm |   .1226665   .0310942     3.94   0.000      .059542     .185791
                |
       topic_id |
 death_penalty  |   10.25618   1.166449     8.79   0.000     7.888165     12.6242
 immunizations  |    21.5309    1.58437    13.59   0.000     18.31446    24.74734
rename_schools  |   .3677893   1.078229     0.34   0.735    -1.821132    2.556711
                |
     group_size |   .7208503   .3876037     1.86   0.071     -.066027    1.507728
 2.session_time |   .4186237   1.100972     0.38   0.706    -1.816468    2.653715
                |
      moderator |
             2  |   1.812952   1.079188     1.68   0.102    -.3779173     4.00382
             3  |   1.869662   1.536973     1.22   0.232    -1.250558    4.989882
                |
           week |
             1  |   1.107918   1.503741     0.74   0.466    -1.944838    4.160675
             2  |   .2460665   1.911708     0.13   0.898    -3.634907     4.12704
             3  |   3.783015   1.323857     2.86   0.007     1.095442    6.470588
             4  |   1.845207   1.409397     1.31   0.199    -1.016022    4.706436
                |
          _cons |   42.92546   4.449346     9.65   0.000     33.89281    51.95811
---------------------------------------------------------------------------------

.     quietly test treat

.     estadd scalar Fstat = r(F)

added scalar:
              e(Fstat) =  32.477004

.     eststo fs3

.         qui sum guesses_m_ if private_ == 1 

.         estadd scalar Cmean = r(mean)

added scalar:
              e(Cmean) =  68.355007

.         estadd scalar Csd = r(sd)

added scalar:
                e(Csd) =  17.373354

. 
. reg guesses_m_ treat guesses_norm i.topic_id `session_controls' `ind_controls' if private_ == 1, clu
> ster(zoom_id)

Linear regression                               Number of obs     =        769
                                                F(34, 35)         =          .
                                                Prob > F          =          .
                                                R-squared         =     0.4272
                                                Root MSE          =     13.459

                                  (Std. err. adjusted for 36 clusters in zoom_id)
---------------------------------------------------------------------------------
                |               Robust
     guesses_m_ | Coefficient  std. err.      t    P>|t|     [95% conf. interval]
----------------+----------------------------------------------------------------
          treat |   -5.90398   .9996332    -5.91   0.000    -7.933343   -3.874616
   guesses_norm |   .1212526    .031565     3.84   0.000     .0571723     .185333
                |
       topic_id |
 death_penalty  |   10.33437   1.286992     8.03   0.000     7.721641    12.94711
 immunizations  |   22.02157   1.624569    13.56   0.000     18.72352    25.31962
rename_schools  |   .4655301   1.108325     0.42   0.677    -1.784489    2.715549
                |
     group_size |   .5721047   .4063233     1.41   0.168    -.2527755    1.396985
 2.session_time |   .3357268   1.070567     0.31   0.756     -1.83764    2.509094
                |
      moderator |
             2  |   1.018025   1.063722     0.96   0.345    -1.141446    3.177496
             3  |   1.791602   1.577063     1.14   0.264    -1.410007    4.993211
                |
           week |
             1  |   1.275188   1.893568     0.67   0.505     -2.56896    5.119337
             2  |   .0436502   1.913694     0.02   0.982    -3.841355    3.928655
             3  |   3.620309   1.501219     2.41   0.021     .5726716    6.667946
             4  |   2.071908   1.386536     1.49   0.144    -.7429097    4.886726
                |
         gender |
             2  |  -.7859452    1.68484    -0.47   0.644    -4.206351    2.634461
             4  |  -19.72905   2.484462    -7.94   0.000    -24.77278   -14.68533
             5  |   .7191327   2.326265     0.31   0.759    -4.003436    5.441701
             6  |  -7.711892   6.524105    -1.18   0.245    -20.95653    5.532745
                |
           race |
             3  |   3.881099     2.3381     1.66   0.106    -.8654966    8.627694
             4  |  -2.097116    2.18378    -0.96   0.343    -6.530426    2.336194
             6  |   1.111511   1.604125     0.69   0.493    -2.145037    4.368059
             7  |  -3.038235   3.354348    -0.91   0.371    -9.847923    3.771454
                |
           year |   .4176305   .4890282     0.85   0.399    -.5751496    1.410411
                |
       ideology |
             2  |   .9806759   1.294369     0.76   0.454    -1.647034    3.608386
             3  |  -1.994229   1.353001    -1.47   0.149    -4.740967    .7525094
             4  |  -3.804396   2.645827    -1.44   0.159    -9.175711    1.566919
             5  |  -1.544628   3.347251    -0.46   0.647    -8.339908    5.250652
             6  |  -5.184383    5.38302    -0.96   0.342    -16.11249    5.743728
             9  |    1.37198   2.575129     0.53   0.598    -3.855809    6.599769
                |
          major |
             2  |  -.4899597   2.882493    -0.17   0.866    -6.341733    5.361813
             7  |  -2.355675   3.326077    -0.71   0.483     -9.10797     4.39662
             9  |  -2.263173   3.048254    -0.74   0.463    -8.451458    3.925112
            10  |  -1.619589   2.765512    -0.59   0.562    -7.233878      3.9947
            11  |  -.2573786   3.113758    -0.08   0.935    -6.578643    6.063885
            13  |   .0675812   2.773754     0.02   0.981    -5.563439    5.698601
            15  |   1.061473   3.232049     0.33   0.745    -5.499935    7.622882
                |
          _cons |   44.81016   5.823784     7.69   0.000     32.98725    56.63307
---------------------------------------------------------------------------------

.     quietly test treat

.     estadd scalar Fstat = r(F)

added scalar:
              e(Fstat) =  34.882564

.     eststo fs4

.         qui sum guesses_m_ if private_ == 1 

.         estadd scalar Cmean = r(mean)

added scalar:
              e(Cmean) =  68.355007

.         estadd scalar Csd = r(sd)

added scalar:
                e(Csd) =  17.373354

. 
. reg express_d treat i.topic_id if private_ == 1, cluster(zoom_id)

Linear regression                               Number of obs     =        769
                                                F(4, 35)          =      12.83
                                                Prob > F          =     0.0000
                                                R-squared         =     0.0480
                                                Root MSE          =      .4794

                                  (Std. err. adjusted for 36 clusters in zoom_id)
---------------------------------------------------------------------------------
                |               Robust
      express_d | Coefficient  std. err.      t    P>|t|     [95% conf. interval]
----------------+----------------------------------------------------------------
          treat |  -.0096537     .04157    -0.23   0.818    -.0940453    .0747378
                |
       topic_id |
 death_penalty  |   .2909412   .0445382     6.53   0.000     .2005239    .3813585
 immunizations  |   .2216108   .0394698     5.61   0.000     .1414828    .3017388
rename_schools  |   .1074141   .0487502     2.20   0.034     .0084459    .2063823
                |
          _cons |   .2280335   .0388215     5.87   0.000     .1492217    .3068453
---------------------------------------------------------------------------------

.         eststo rf1

.         qui sum express_d if private_ == 1

.         estadd scalar Cmean = r(mean)

added scalar:
              e(Cmean) =  .39921977

.         estadd scalar Csd = r(sd)

added scalar:
                e(Csd) =  .49005677

. 
. reg express_d treat guesses_norm i.topic_id if private_ == 1, cluster(zoom_id)

Linear regression                               Number of obs     =        769
                                                F(5, 35)          =      10.65
                                                Prob > F          =     0.0000
                                                R-squared         =     0.0509
                                                Root MSE          =     .47899

                                  (Std. err. adjusted for 36 clusters in zoom_id)
---------------------------------------------------------------------------------
                |               Robust
      express_d | Coefficient  std. err.      t    P>|t|     [95% conf. interval]
----------------+----------------------------------------------------------------
          treat |  -.0113747   .0415045    -0.27   0.786    -.0956333    .0728839
   guesses_norm |    .001501   .0012432     1.21   0.235    -.0010229    .0040248
                |
       topic_id |
 death_penalty  |   .2675703   .0504535     5.30   0.000     .1651443    .3699963
 immunizations  |   .1896686   .0458562     4.14   0.000     .0965755    .2827617
rename_schools  |   .0999286    .047344     2.11   0.042     .0038152    .1960421
                |
          _cons |   .1426238   .0796411     1.79   0.082    -.0190563    .3043039
---------------------------------------------------------------------------------

.         eststo rf2

.         qui sum express_d if private_ == 1 

.         estadd scalar Cmean = r(mean)

added scalar:
              e(Cmean) =  .39921977

.         estadd scalar Csd = r(sd)

added scalar:
                e(Csd) =  .49005677

. 
. reg express_d treat guesses_norm i.topic_id `session_controls' if private_ == 1, cluster(zoom_id)

Linear regression                               Number of obs     =        769
                                                F(13, 35)         =       8.16
                                                Prob > F          =     0.0000
                                                R-squared         =     0.0825
                                                Root MSE          =     .47343

                                  (Std. err. adjusted for 36 clusters in zoom_id)
---------------------------------------------------------------------------------
                |               Robust
      express_d | Coefficient  std. err.      t    P>|t|     [95% conf. interval]
----------------+----------------------------------------------------------------
          treat |  -.0105394   .0402618    -0.26   0.795    -.0922753    .0711965
   guesses_norm |   .0011495   .0012764     0.90   0.374    -.0014417    .0037407
                |
       topic_id |
 death_penalty  |   .2688533    .051508     5.22   0.000     .1642865    .3734201
 immunizations  |   .1940404   .0465974     4.16   0.000     .0994426    .2886383
rename_schools  |   .1070193   .0514262     2.08   0.045     .0026186      .21142
                |
     group_size |  -.0032062   .0201827    -0.16   0.875    -.0441794    .0377669
 2.session_time |     .04347   .0389646     1.12   0.272    -.0356323    .1225723
                |
      moderator |
             2  |  -.0467765   .0467722    -1.00   0.324    -.1417292    .0481762
             3  |   .0497385   .0551462     0.90   0.373    -.0622142    .1616911
                |
           week |
             1  |   .1850133   .0669459     2.76   0.009     .0491058    .3209208
             2  |   .0202611    .086205     0.24   0.816    -.1547444    .1952666
             3  |   .0127491   .0806212     0.16   0.875    -.1509206    .1764187
             4  |   .1569173   .0786504     2.00   0.054    -.0027515    .3165861
                |
          _cons |   .0828677   .2301121     0.36   0.721    -.3842846    .5500201
---------------------------------------------------------------------------------

.         eststo rf3

.         qui sum express_d if private_ == 1 

.         estadd scalar Cmean = r(mean)

added scalar:
              e(Cmean) =  .39921977

.         estadd scalar Csd = r(sd)

added scalar:
                e(Csd) =  .49005677

. 
. reg express_d treat guesses_norm i.topic_id `session_controls' `ind_controls' if private_ == 1, clus
> ter(zoom_id)

Linear regression                               Number of obs     =        769
                                                F(34, 35)         =          .
                                                Prob > F          =          .
                                                R-squared         =     0.1241
                                                Root MSE          =     .46945

                                  (Std. err. adjusted for 36 clusters in zoom_id)
---------------------------------------------------------------------------------
                |               Robust
      express_d | Coefficient  std. err.      t    P>|t|     [95% conf. interval]
----------------+----------------------------------------------------------------
          treat |  -.0012208   .0381736    -0.03   0.975    -.0787174    .0762757
   guesses_norm |   .0011715   .0012823     0.91   0.367    -.0014316    .0037746
                |
       topic_id |
 death_penalty  |   .2905419   .0529944     5.48   0.000     .1829575    .3981262
 immunizations  |   .2155991   .0463058     4.66   0.000     .1215933     .309605
rename_schools  |   .1003908    .050817     1.98   0.056    -.0027732    .2035548
                |
     group_size |  -.0075527   .0195402    -0.39   0.701    -.0472215     .032116
 2.session_time |   .0501873   .0346686     1.45   0.157    -.0201937    .1205682
                |
      moderator |
             2  |  -.0525888   .0465292    -1.13   0.266    -.1470481    .0418704
             3  |    .052949   .0491513     1.08   0.289    -.0468334    .1527315
                |
           week |
             1  |   .1874028   .0562417     3.33   0.002     .0732262    .3015795
             2  |   .0018591   .0733504     0.03   0.980    -.1470501    .1507684
             3  |   .0046372   .0766618     0.06   0.952    -.1509946     .160269
             4  |   .1598994   .0709791     2.25   0.031     .0158041    .3039947
                |
         gender |
             2  |   .0045453   .0530725     0.09   0.932    -.1031975    .1122881
             4  |   .2971454   .1159988     2.56   0.015     .0616554    .5326354
             5  |    .111648    .114873     0.97   0.338    -.1215566    .3448525
             6  |  -.0714446   .2442186    -0.29   0.772    -.5672349    .4243456
                |
           race |
             3  |   .0371352   .1516559     0.24   0.808    -.2707428    .3450131
             4  |  -.0177412   .0409026    -0.43   0.667    -.1007779    .0652954
             6  |  -.0899421   .0474458    -1.90   0.066    -.1862621    .0063779
             7  |   .0154598   .1432791     0.11   0.915    -.2754122    .3063317
                |
           year |   .0030354   .0144423     0.21   0.835    -.0262841    .0323548
                |
       ideology |
             2  |   .0431336   .0574409     0.75   0.458    -.0734776    .1597448
             3  |  -.0865776   .0719941    -1.20   0.237    -.2327334    .0595782
             4  |  -.1142386   .0799187    -1.43   0.162    -.2764823     .048005
             5  |   .0055273   .1036242     0.05   0.958    -.2048409    .2158955
             6  |  -.1671632   .1515017    -1.10   0.277     -.474728    .1404017
             9  |  -.1379789   .0999827    -1.38   0.176    -.3409546    .0649968
                |
          major |
             2  |   .1042327   .1063118     0.98   0.334    -.1115917     .320057
             7  |    .025827   .1634085     0.16   0.875      -.30591     .357564
             9  |   .1986148   .1288411     1.54   0.132    -.0629465    .4601762
            10  |   .1521686    .114659     1.33   0.193    -.0806016    .3849388
            11  |  -.0335526   .0784373    -0.43   0.671    -.1927888    .1256836
            13  |   .1133142   .1078769     1.05   0.301    -.1056876     .332316
            15  |   .1078514   .1186743     0.91   0.370    -.1330702     .348773
                |
          _cons |   .0365359   .2514932     0.15   0.885    -.4740225    .5470944
---------------------------------------------------------------------------------

.         eststo rf4      

.         qui sum express_d if private_ == 1

.         estadd scalar Cmean = r(mean)

added scalar:
              e(Cmean) =  .39921977

.         estadd scalar Csd = r(sd)

added scalar:
                e(Csd) =  .49005677

. 
.         esttab fs1 fs2 fs3 fs4 rf1 rf2 rf3 rf4 using "$output/first_reduced_majority_tc.tex", ///
>     se star(* 0.1 ** 0.05 *** 0.01) keep(treat) label noconstant ///
>     stats(Cmean Csd Fstat N, labels("Mean" "SD" "First-stage F" "Observations")) ///
>     mtitles("FS (1)" "FS (2)" "FS (3)" "FS (4)" "RF (1)" "RF (2)" "RF (3)" "RF (4)") ///
>     varwidth(22) wrap compress nogap replace ///
>     title("First Stage and Reduced Form, Privately Disagree")
(file /Users/yihong/Desktop/Silence Replicate Final/Output/first_reduced_majority_tc.tex not found)
(output written to /Users/yihong/Desktop/Silence Replicate Final/Output/first_reduced_majority_tc.tex)

.         
. 
end of do-file

. do "$code/Table C9.do"

. use "$data/TC_cleaned.dta", clear
(TC_cleaned -- de-identified 21 Aug 2026)

. 
. 
. foreach var in rename_schools affirmative_action death_penalty immunizations daylight_saving{
  2.         replace e_`var' = 9 if e_`var' == .
  3.         gen e_d_`var' = 0 
  4.         replace e_d_`var' = 1 if e_`var' != 9 & e_`var' == private_`var' 
  5.         }
(225 real changes made)
(96 real changes made)
(258 real changes made)
(66 real changes made)
(182 real changes made)
(143 real changes made)
(189 real changes made)
(139 real changes made)
(216 real changes made)
(112 real changes made)

. 
. 
.          keep private_rename_schools private_immunizations private_death_penalty private_affirmative
> _action ///
>          guesses_rename_schools guesses_immunizations guesses_death_penalty guesses_affirmative_acti
> on ///
>          guesses_m_rename_schools guesses_m_immunizations guesses_m_death_penalty guesses_m_affirmat
> ive_action ///
>          e_d_rename_schools e_d_immunizations e_d_death_penalty e_d_affirmative_action ///
>          treat gender race year major ideology survey_id zoom_id group_size session_time moderator w
> eek

. 
. reshape long private_ guesses_ guesses_m_ e_d_, i(survey_id) j(topic) string
(j = affirmative_action death_penalty immunizations rename_schools)

Data                               Wide   ->   Long
-----------------------------------------------------------------------------
Number of observations              333   ->   1,332       
Number of variables                  28   ->   17          
j variable (4 values)                     ->   topic
xij variables:
private_affirmative_action private_death_penalty ... private_rename_schools->private_
guesses_affirmative_action guesses_death_penalty ... guesses_rename_schools->guesses_
guesses_m_affirmative_action guesses_m_death_penalty ... guesses_m_rename_schools->guesses_m_
e_d_affirmative_action e_d_death_penalty ... e_d_rename_schools->e_d_
-----------------------------------------------------------------------------

. 
. gen private_norm = 0 

. replace private_norm = 1 if private_ == 1
(769 real changes made)

. 
. gen guesses_norm = .  
(1,332 missing values generated)

. replace guesses_norm = guesses_ 
(1,332 real changes made)

. 
. rename e_d_ express_d 

. encode topic, generate(topic_id)

. 
. local ind_controls i.gender i.race year i.ideology i.major

. local session_controls group_size i.session_time i.moderator i.week

. 
. eststo clear

. 
. ivregress 2sls express_d (guesses_m_ = treat i.topic_id) i.topic_id if private_ == 0, cluster(zoom_i
> d)
note: 1b.topic_id omitted because of collinearity.
note: 2.topic_id omitted because of collinearity.
note: 3.topic_id omitted because of collinearity.
note: 4.topic_id omitted because of collinearity.

Instrumental variables 2SLS regression            Number of obs   =        556
                                                  Wald chi2(4)    =      20.03
                                                  Prob > chi2     =     0.0005
                                                  R-squared       =          .
                                                  Root MSE        =     .50923

                                  (Std. err. adjusted for 36 clusters in zoom_id)
---------------------------------------------------------------------------------
                |               Robust
      express_d | Coefficient  std. err.      z    P>|z|     [95% conf. interval]
----------------+----------------------------------------------------------------
     guesses_m_ |  -.0225618   .0054876    -4.11   0.000    -.0333173   -.0118063
                |
       topic_id |
 death_penalty  |   .3453661   .0865339     3.99   0.000     .1757626    .5149695
 immunizations  |   .6448061   .1516212     4.25   0.000     .3476341    .9419781
rename_schools  |   .0389173   .0332013     1.17   0.241    -.0261561    .1039907
                |
          _cons |   1.361618    .289326     4.71   0.000     .7945497    1.928687
---------------------------------------------------------------------------------
Endogenous: guesses_m_
Exogenous:  2.topic_id 3.topic_id 4.topic_id treat

.         eststo
(est1 stored)

.         qui sum express_d if treat == 0 & private_ == 0

.         estadd scalar Cmean = r(mean)

added scalar:
              e(Cmean) =  .16363636

.         estadd scalar Csd = r(sd)

added scalar:
                e(Csd) =  .37061974

.         distinct(survey_id) if private_ == 0 

           |        Observations
           |      total   distinct
-----------+----------------------
 survey_id |        556        278

.         estadd scalar ids = round(r(ndistinct),1)

added scalar:
                e(ids) =  278

. 
. ivregress 2sls express_d (guesses_m_ = treat guesses_norm i.topic_id) guesses_norm i.topic_id if pri
> vate_ == 0, cluster(zoom_id)
note: 1b.topic_id omitted because of collinearity.
note: 2.topic_id omitted because of collinearity.
note: 3.topic_id omitted because of collinearity.
note: 4.topic_id omitted because of collinearity.

Instrumental variables 2SLS regression            Number of obs   =        556
                                                  Wald chi2(5)    =      21.32
                                                  Prob > chi2     =     0.0007
                                                  R-squared       =          .
                                                  Root MSE        =     .50948

                                  (Std. err. adjusted for 36 clusters in zoom_id)
---------------------------------------------------------------------------------
                |               Robust
      express_d | Coefficient  std. err.      z    P>|z|     [95% conf. interval]
----------------+----------------------------------------------------------------
     guesses_m_ |  -.0230871   .0052917    -4.36   0.000    -.0334587   -.0127156
   guesses_norm |   .0029847   .0013161     2.27   0.023     .0004052    .0055642
                |
       topic_id |
 death_penalty  |   .3182079    .079819     3.99   0.000     .1617655    .4746503
 immunizations  |   .6163362   .1451569     4.25   0.000      .331834    .9008384
rename_schools  |   .0289317   .0326918     0.88   0.376     -.035143    .0930064
                |
          _cons |    1.24457   .2552962     4.88   0.000     .7441987    1.744942
---------------------------------------------------------------------------------
Endogenous: guesses_m_
Exogenous:  guesses_norm 2.topic_id 3.topic_id 4.topic_id treat

.         eststo
(est2 stored)

.         qui sum express_d if treat == 0 & private_ == 0

.         estadd scalar Cmean = r(mean)

added scalar:
              e(Cmean) =  .16363636

.         estadd scalar Csd = r(sd)

added scalar:
                e(Csd) =  .37061974

.         distinct(survey_id) if private_ == 0 

           |        Observations
           |      total   distinct
-----------+----------------------
 survey_id |        556        278

.         estadd scalar ids = round(r(ndistinct),1)

added scalar:
                e(ids) =  278

.         
. ivregress 2sls express_d (guesses_m_ = treat guesses_norm i.topic_id `session_controls') guesses_nor
> m i.topic_id `session_controls' if private_ == 0, cluster(zoom_id)
note: 1b.topic_id omitted because of collinearity.
note: 2.topic_id omitted because of collinearity.
note: 3.topic_id omitted because of collinearity.
note: 4.topic_id omitted because of collinearity.
note: 1b.session_time omitted because of collinearity.
note: 2.session_time omitted because of collinearity.
note: 1b.moderator omitted because of collinearity.
note: 2.moderator omitted because of collinearity.
note: 3.moderator omitted because of collinearity.
note: 0b.week omitted because of collinearity.
note: 1.week omitted because of collinearity.
note: 2.week omitted because of collinearity.
note: 3.week omitted because of collinearity.
note: 4.week omitted because of collinearity.

Instrumental variables 2SLS regression            Number of obs   =        556
                                                  Wald chi2(13)   =      46.39
                                                  Prob > chi2     =     0.0000
                                                  R-squared       =          .
                                                  Root MSE        =     .50427

                                  (Std. err. adjusted for 36 clusters in zoom_id)
---------------------------------------------------------------------------------
                |               Robust
      express_d | Coefficient  std. err.      z    P>|z|     [95% conf. interval]
----------------+----------------------------------------------------------------
     guesses_m_ |    -.02367   .0048659    -4.86   0.000    -.0332071    -.014133
   guesses_norm |   .0025571   .0013442     1.90   0.057    -.0000776    .0051917
                |
       topic_id |
 death_penalty  |   .3316666   .0727527     4.56   0.000      .189074    .4742593
 immunizations  |   .6314143   .1417444     4.45   0.000     .3536005    .9092282
rename_schools  |   .0357544    .035423     1.01   0.313    -.0336735    .1051822
                |
     group_size |  -.0159575   .0177855    -0.90   0.370    -.0508164    .0189013
 2.session_time |   .0885214   .0351654     2.52   0.012     .0195984    .1574443
                |
      moderator |
             2  |  -.0453468     .03985    -1.14   0.255    -.1234513    .0327578
             3  |   .0719989   .0480473     1.50   0.134    -.0221721      .16617
                |
           week |
             1  |   .1068639   .0715646     1.49   0.135    -.0334002     .247128
             2  |   -.141401   .0627749    -2.25   0.024    -.2644375   -.0183646
             3  |  -.0387253   .0618299    -0.63   0.531    -.1599097    .0824592
             4  |  -.1247545   .0647984    -1.93   0.054     -.251757     .002248
                |
          _cons |    1.41398   .3301048     4.28   0.000     .7669864    2.060973
---------------------------------------------------------------------------------
Endogenous: guesses_m_
Exogenous:  guesses_norm 2.topic_id 3.topic_id 4.topic_id group_size
            2.session_time 2.moderator 3.moderator 1.week 2.week 3.week 4.week
            treat

.         eststo
(est3 stored)

.         qui sum express_d if treat == 0 & private_ == 0

.         estadd scalar Cmean = r(mean)

added scalar:
              e(Cmean) =  .16363636

.         estadd scalar Csd = r(sd)

added scalar:
                e(Csd) =  .37061974

.         distinct(survey_id) if private_ == 0 

           |        Observations
           |      total   distinct
-----------+----------------------
 survey_id |        556        278

.         estadd scalar ids = round(r(ndistinct),1)

added scalar:
                e(ids) =  278

.         
. ivregress 2sls express_d (guesses_m_ = treat guesses_norm i.topic_id `session_controls' `ind_control
> s') guesses_norm i.topic_id `session_controls' `ind_controls' if private_ == 0, cluster(zoom_id)
note: 1b.topic_id omitted because of collinearity.
note: 2.topic_id omitted because of collinearity.
note: 3.topic_id omitted because of collinearity.
note: 4.topic_id omitted because of collinearity.
note: 1b.session_time omitted because of collinearity.
note: 2.session_time omitted because of collinearity.
note: 1b.moderator omitted because of collinearity.
note: 2.moderator omitted because of collinearity.
note: 3.moderator omitted because of collinearity.
note: 0b.week omitted because of collinearity.
note: 1.week omitted because of collinearity.
note: 2.week omitted because of collinearity.
note: 3.week omitted because of collinearity.
note: 4.week omitted because of collinearity.
note: 1b.gender omitted because of collinearity.
note: 2.gender omitted because of collinearity.
note: 4.gender omitted because of collinearity.
note: 5.gender omitted because of collinearity.
note: 6.gender omitted because of collinearity.
note: 2b.race omitted because of collinearity.
note: 3.race omitted because of collinearity.
note: 4.race omitted because of collinearity.
note: 6.race omitted because of collinearity.
note: 7.race omitted because of collinearity.
note: 1b.ideology omitted because of collinearity.
note: 2.ideology omitted because of collinearity.
note: 3.ideology omitted because of collinearity.
note: 4.ideology omitted because of collinearity.
note: 5.ideology omitted because of collinearity.
note: 6.ideology omitted because of collinearity.
note: 9.ideology omitted because of collinearity.
note: 1b.major omitted because of collinearity.
note: 2.major omitted because of collinearity.
note: 7.major omitted because of collinearity.
note: 9.major omitted because of collinearity.
note: 10.major omitted because of collinearity.
note: 11.major omitted because of collinearity.
note: 13.major omitted because of collinearity.
note: 15.major omitted because of collinearity.

Instrumental variables 2SLS regression            Number of obs   =        556
                                                  Wald chi2(35)   =   78124.54
                                                  Prob > chi2     =     0.0000
                                                  R-squared       =          .
                                                  Root MSE        =     .50389

                                  (Std. err. adjusted for 36 clusters in zoom_id)
---------------------------------------------------------------------------------
                |               Robust
      express_d | Coefficient  std. err.      z    P>|z|     [95% conf. interval]
----------------+----------------------------------------------------------------
     guesses_m_ |  -.0250117   .0054218    -4.61   0.000    -.0356382   -.0143851
   guesses_norm |    .003234   .0015248     2.12   0.034     .0002454    .0062225
                |
       topic_id |
 death_penalty  |   .3436177    .071967     4.77   0.000     .2025651    .4846703
 immunizations  |   .6687924   .1488914     4.49   0.000     .3769707    .9606141
rename_schools  |     .03524   .0414834     0.85   0.396     -.046066     .116546
                |
     group_size |  -.0207613    .017897    -1.16   0.246    -.0558387    .0143162
 2.session_time |   .1102259   .0432835     2.55   0.011     .0253917    .1950601
                |
      moderator |
             2  |   .0020284   .0431213     0.05   0.962    -.0824879    .0865446
             3  |   .0682075    .046603     1.46   0.143    -.0231327    .1595477
                |
           week |
             1  |   .1318813   .0730593     1.81   0.071    -.0113123    .2750748
             2  |  -.1436126   .0611097    -2.35   0.019    -.2633853   -.0238398
             3  |  -.0063829   .0582971    -0.11   0.913    -.1206432    .1078773
             4  |  -.1008702     .06023    -1.67   0.094    -.2189189    .0171785
                |
         gender |
             2  |   -.038177   .0521795    -0.73   0.464    -.1404469    .0640929
             4  |  -.7742689   .2267307    -3.41   0.001    -1.218653   -.3298849
             5  |   .1689747    .174977     0.97   0.334     -.173974    .5119234
             6  |   -.355143   .2732872    -1.30   0.194    -.8907762    .1804901
                |
           race |
             3  |   .0505579    .137854     0.37   0.714     -.219631    .3207467
             4  |   .0527894   .0900031     0.59   0.558    -.1236135    .2291922
             6  |  -.0796152   .0664208    -1.20   0.231    -.2097977    .0505672
             7  |   .0853202   .1303665     0.65   0.513    -.1701935    .3408338
                |
           year |   .0035411   .0169783     0.21   0.835    -.0297358    .0368181
                |
       ideology |
             2  |   .0146626   .0832671     0.18   0.860    -.1485379     .177863
             3  |     -.0506   .0901748    -0.56   0.575    -.2273394    .1261395
             4  |    .021286   .1050333     0.20   0.839    -.1845755    .2271476
             5  |  -.1320895   .1581807    -0.84   0.404     -.442118     .177939
             6  |   -.092795   .1924436    -0.48   0.630    -.4699776    .2843876
             9  |   .2009717    .130221     1.54   0.123    -.0542568    .4562002
                |
          major |
             2  |  -.0720692   .1048195    -0.69   0.492    -.2775116    .1333733
             7  |  -.1795672   .1644859    -1.09   0.275    -.5019536    .1428192
             9  |  -.1243111   .1342309    -0.93   0.354    -.3873987    .1387766
            10  |  -.0421081   .0987453    -0.43   0.670    -.2356454    .1514291
            11  |   .0090766   .1184074     0.08   0.939    -.2229975    .2411508
            13  |  -.1480808   .1006947    -1.47   0.141    -.3454388    .0492772
            15  |   -.019824   .1226331    -0.16   0.872    -.2601805    .2205325
                |
          _cons |   1.551926   .3768664     4.12   0.000     .8132812     2.29057
---------------------------------------------------------------------------------
Endogenous: guesses_m_
Exogenous:  guesses_norm 2.topic_id 3.topic_id 4.topic_id group_size
            2.session_time 2.moderator 3.moderator 1.week 2.week 3.week 4.week
            2.gender 4.gender 5.gender 6.gender 3.race 4.race 6.race 7.race
            year 2.ideology 3.ideology 4.ideology 5.ideology 6.ideology
            9.ideology 2.major 7.major 9.major 10.major 11.major 13.major
            15.major treat

.         eststo
(est4 stored)

.         qui sum express_d if treat == 0 & private_ == 0

.         estadd scalar Cmean = r(mean)

added scalar:
              e(Cmean) =  .16363636

.         estadd scalar Csd = r(sd)

added scalar:
                e(Csd) =  .37061974

.         distinct(survey_id) if private_ == 0 

           |        Observations
           |      total   distinct
-----------+----------------------
 survey_id |        556        278

.         estadd scalar ids = round(r(ndistinct),1)

added scalar:
                e(ids) =  278

. 
. 
. esttab using "$output/2sls_expression_minority_tc.tex", ///
> se lab stats(Cmean Csd ids N,labels("Mean" "SD" "IDs" "Obs")) keep(guesses_m_) star( * 0.1 ** 0.05 *
> ** 0.01) ///
> varwidth(32) wrap compress nogap noconstant replace ///
> title("TC_expression") 
(file /Users/yihong/Desktop/Silence Replicate Final/Output/2sls_expression_minority_tc.tex not
    found)
(output written to /Users/yihong/Desktop/Silence Replicate Final/Output/2sls_expression_minority_tc.te
> x)

. 
. eststo clear

. 
. ivregress 2sls express_d (guesses_m_ = treat i.topic_id) i.topic_id  if private_ == 1, cluster(zoom_
> id)
note: 1b.topic_id omitted because of collinearity.
note: 2.topic_id omitted because of collinearity.
note: 3.topic_id omitted because of collinearity.
note: 4.topic_id omitted because of collinearity.

Instrumental variables 2SLS regression            Number of obs   =        769
                                                  Wald chi2(4)    =      54.24
                                                  Prob > chi2     =     0.0000
                                                  R-squared       =     0.0520
                                                  Root MSE        =     .47684

                                  (Std. err. adjusted for 36 clusters in zoom_id)
---------------------------------------------------------------------------------
                |               Robust
      express_d | Coefficient  std. err.      z    P>|z|     [95% conf. interval]
----------------+----------------------------------------------------------------
     guesses_m_ |   .0015986   .0067949     0.24   0.814    -.0117192    .0149163
                |
       topic_id |
 death_penalty  |   .2712497    .085932     3.16   0.002      .102826    .4396733
 immunizations  |   .1828759   .1706358     1.07   0.284    -.1515642    .5173159
rename_schools  |   .1058486   .0453248     2.34   0.020     .0170136    .1946835
                |
          _cons |   .1332979   .3829442     0.35   0.728    -.6172589    .8838547
---------------------------------------------------------------------------------
Endogenous: guesses_m_
Exogenous:  2.topic_id 3.topic_id 4.topic_id treat

.         eststo
(est1 stored)

.         qui sum express_d if treat == 0 & private_ == 1

.         estadd scalar Cmean = r(mean)

added scalar:
              e(Cmean) =  .40673575

.         estadd scalar Csd = r(sd)

added scalar:
                e(Csd) =  .49186232

.         distinct(survey_id) if private_ == 1 

           |        Observations
           |      total   distinct
-----------+----------------------
 survey_id |        769        315

.         estadd scalar ids = round(r(ndistinct),1)

added scalar:
                e(ids) =  315

. 
. ivregress 2sls express_d (guesses_m_ = treat guesses_norm i.topic_id) guesses_norm i.topic_id if pri
> vate_ == 1, cluster(zoom_id)
note: 1b.topic_id omitted because of collinearity.
note: 2.topic_id omitted because of collinearity.
note: 3.topic_id omitted because of collinearity.
note: 4.topic_id omitted because of collinearity.

Instrumental variables 2SLS regression            Number of obs   =        769
                                                  Wald chi2(5)    =      56.54
                                                  Prob > chi2     =     0.0000
                                                  R-squared       =     0.0542
                                                  Root MSE        =     .47628

                                  (Std. err. adjusted for 36 clusters in zoom_id)
---------------------------------------------------------------------------------
                |               Robust
      express_d | Coefficient  std. err.      z    P>|z|     [95% conf. interval]
----------------+----------------------------------------------------------------
     guesses_m_ |   .0018371   .0066294     0.28   0.782    -.0111563    .0148305
   guesses_norm |   .0012562   .0014454     0.87   0.385    -.0015767    .0040892
                |
       topic_id |
 death_penalty  |   .2487513   .0773024     3.22   0.001     .0972415    .4002611
 immunizations  |   .1503624   .1524056     0.99   0.324    -.1483472    .4490719
rename_schools  |     .09935   .0453931     2.19   0.029     .0103813    .1883188
                |
          _cons |   .0476792   .3363494     0.14   0.887    -.6115535    .7069119
---------------------------------------------------------------------------------
Endogenous: guesses_m_
Exogenous:  guesses_norm 2.topic_id 3.topic_id 4.topic_id treat

.         eststo
(est2 stored)

.         qui sum express_d if treat == 0 & private_ == 1

.         estadd scalar Cmean = r(mean)

added scalar:
              e(Cmean) =  .40673575

.         estadd scalar Csd = r(sd)

added scalar:
                e(Csd) =  .49186232

.         distinct(survey_id) if private_ == 1 

           |        Observations
           |      total   distinct
-----------+----------------------
 survey_id |        769        315

.         estadd scalar ids = round(r(ndistinct),1)

added scalar:
                e(ids) =  315

. 
. ivregress 2sls express_d (guesses_m_ = treat guesses_norm i.topic_id `session_controls') guesses_nor
> m i.topic_id `session_controls' if private_ == 1, cluster(zoom_id)
note: 1b.topic_id omitted because of collinearity.
note: 2.topic_id omitted because of collinearity.
note: 3.topic_id omitted because of collinearity.
note: 4.topic_id omitted because of collinearity.
note: 1b.session_time omitted because of collinearity.
note: 2.session_time omitted because of collinearity.
note: 1b.moderator omitted because of collinearity.
note: 2.moderator omitted because of collinearity.
note: 3.moderator omitted because of collinearity.
note: 0b.week omitted because of collinearity.
note: 1.week omitted because of collinearity.
note: 2.week omitted because of collinearity.
note: 3.week omitted because of collinearity.
note: 4.week omitted because of collinearity.

Instrumental variables 2SLS regression            Number of obs   =        769
                                                  Wald chi2(13)   =     109.42
                                                  Prob > chi2     =     0.0000
                                                  R-squared       =     0.0859
                                                  Root MSE        =     .46822

                                  (Std. err. adjusted for 36 clusters in zoom_id)
---------------------------------------------------------------------------------
                |               Robust
      express_d | Coefficient  std. err.      z    P>|z|     [95% conf. interval]
----------------+----------------------------------------------------------------
     guesses_m_ |   .0016962   .0063402     0.27   0.789    -.0107303    .0141227
   guesses_norm |   .0009414   .0014395     0.65   0.513      -.00188    .0037629
                |
       topic_id |
 death_penalty  |   .2514566    .078835     3.19   0.001     .0969429    .4059703
 immunizations  |   .1575194   .1473986     1.07   0.285    -.1313765    .4464153
rename_schools  |   .1063955   .0494729     2.15   0.032     .0094304    .2033606
                |
     group_size |  -.0044289   .0212156    -0.21   0.835    -.0460107    .0371528
 2.session_time |   .0427599   .0386007     1.11   0.268     -.032896    .1184159
                |
      moderator |
             2  |  -.0498517   .0437784    -1.14   0.255    -.1356559    .0359525
             3  |   .0465671   .0551392     0.84   0.398    -.0615036    .1546379
                |
           week |
             1  |    .183134   .0662227     2.77   0.006     .0533398    .3129282
             2  |   .0198437   .0831749     0.24   0.811    -.1431761    .1828635
             3  |   .0063323    .080092     0.08   0.937    -.1506453    .1633098
             4  |   .1537874   .0773468     1.99   0.047     .0021906    .3053843
                |
          _cons |    .010057   .3137026     0.03   0.974    -.6047888    .6249028
---------------------------------------------------------------------------------
Endogenous: guesses_m_
Exogenous:  guesses_norm 2.topic_id 3.topic_id 4.topic_id group_size
            2.session_time 2.moderator 3.moderator 1.week 2.week 3.week 4.week
            treat

.         eststo
(est3 stored)

.         qui sum express_d if treat == 0 & private_ == 1

.         estadd scalar Cmean = r(mean)

added scalar:
              e(Cmean) =  .40673575

.         estadd scalar Csd = r(sd)

added scalar:
                e(Csd) =  .49186232

.         distinct(survey_id) if private_ == 1 

           |        Observations
           |      total   distinct
-----------+----------------------
 survey_id |        769        315

.         estadd scalar ids = round(r(ndistinct),1)

added scalar:
                e(ids) =  315

. 
. ivregress 2sls express_d (guesses_m_ = treat guesses_norm i.topic_id `session_controls' `ind_control
> s' ) guesses_norm i.topic_id `session_controls' `ind_controls' if private_ == 1, cluster(zoom_id)
note: 1b.topic_id omitted because of collinearity.
note: 2.topic_id omitted because of collinearity.
note: 3.topic_id omitted because of collinearity.
note: 4.topic_id omitted because of collinearity.
note: 1b.session_time omitted because of collinearity.
note: 2.session_time omitted because of collinearity.
note: 1b.moderator omitted because of collinearity.
note: 2.moderator omitted because of collinearity.
note: 3.moderator omitted because of collinearity.
note: 0b.week omitted because of collinearity.
note: 1.week omitted because of collinearity.
note: 2.week omitted because of collinearity.
note: 3.week omitted because of collinearity.
note: 4.week omitted because of collinearity.
note: 1b.gender omitted because of collinearity.
note: 2.gender omitted because of collinearity.
note: 4.gender omitted because of collinearity.
note: 5.gender omitted because of collinearity.
note: 6.gender omitted because of collinearity.
note: 2b.race omitted because of collinearity.
note: 3.race omitted because of collinearity.
note: 4.race omitted because of collinearity.
note: 6.race omitted because of collinearity.
note: 7.race omitted because of collinearity.
note: 1b.ideology omitted because of collinearity.
note: 2.ideology omitted because of collinearity.
note: 3.ideology omitted because of collinearity.
note: 4.ideology omitted because of collinearity.
note: 5.ideology omitted because of collinearity.
note: 6.ideology omitted because of collinearity.
note: 9.ideology omitted because of collinearity.
note: 1b.major omitted because of collinearity.
note: 2.major omitted because of collinearity.
note: 7.major omitted because of collinearity.
note: 9.major omitted because of collinearity.
note: 10.major omitted because of collinearity.
note: 11.major omitted because of collinearity.
note: 13.major omitted because of collinearity.
note: 15.major omitted because of collinearity.

Instrumental variables 2SLS regression            Number of obs   =        769
                                                  Wald chi2(35)   =   65746.67
                                                  Prob > chi2     =     0.0000
                                                  R-squared       =     0.1247
                                                  Root MSE        =      .4582

                                  (Std. err. adjusted for 36 clusters in zoom_id)
---------------------------------------------------------------------------------
                |               Robust
      express_d | Coefficient  std. err.      z    P>|z|     [95% conf. interval]
----------------+----------------------------------------------------------------
     guesses_m_ |   .0002068   .0062261     0.03   0.974    -.0119961    .0124096
   guesses_norm |   .0011465   .0014884     0.77   0.441    -.0017707    .0040636
                |
       topic_id |
 death_penalty  |   .2884049   .0762648     3.78   0.000     .1389286    .4378813
 immunizations  |   .2110455   .1462996     1.44   0.149    -.0756963    .4977874
rename_schools  |   .1002945   .0483715     2.07   0.038      .005488     .195101
                |
     group_size |   -.007671   .0201221    -0.38   0.703    -.0471097    .0317677
 2.session_time |   .0501179   .0337112     1.49   0.137    -.0159549    .1161906
                |
      moderator |
             2  |  -.0527993   .0430895    -1.23   0.220    -.1372531    .0316545
             3  |   .0525786   .0483201     1.09   0.277    -.0421271    .1472843
                |
           week |
             1  |   .1871391   .0543939     3.44   0.001      .080529    .2937492
             2  |   .0018501   .0705933     0.03   0.979    -.1365102    .1402104
             3  |   .0038886   .0746813     0.05   0.958     -.142484    .1502613
             4  |    .159471   .0678665     2.35   0.019     .0264551    .2924869
                |
         gender |
             2  |   .0047078   .0520076     0.09   0.928    -.0972253    .1066409
             4  |   .3012249    .187122     1.61   0.107    -.0655275    .6679773
             5  |   .1114993   .1106929     1.01   0.314    -.1054549    .3284534
             6  |    -.06985   .2414606    -0.29   0.772    -.5431041    .4034041
                |
           race |
             3  |   .0363326   .1512385     0.24   0.810    -.2600894    .3327547
             4  |  -.0173076    .037812    -0.46   0.647    -.0914178    .0568026
             6  |  -.0901719   .0472315    -1.91   0.056     -.182744    .0024001
             7  |    .016088   .1409895     0.11   0.909    -.2602464    .2924224
                |
           year |    .002949   .0140134     0.21   0.833    -.0245168    .0304148
                |
       ideology |
             2  |   .0429309   .0549029     0.78   0.434    -.0646768    .1505385
             3  |  -.0861652   .0725905    -1.19   0.235    -.2284399    .0561095
             4  |   -.113452   .0868697    -1.31   0.192    -.2837134    .0568095
             5  |   .0058467   .1001887     0.06   0.953    -.1905196     .202213
             6  |  -.1660912    .157029    -1.06   0.290    -.4738624      .14168
             9  |  -.1382626    .097647    -1.42   0.157    -.3296473    .0531221
                |
          major |
             2  |    .104334   .1023643     1.02   0.308    -.0962963    .3049643
             7  |   .0263141   .1575111     0.17   0.867    -.2824019    .3350301
             9  |   .1990828   .1225773     1.62   0.104    -.0411643      .43933
            10  |   .1525035   .1093296     1.39   0.163    -.0617785    .3667855
            11  |  -.0334994   .0754394    -0.44   0.657    -.1813578     .114359
            13  |   .1133002   .1040858     1.09   0.276    -.0907043    .3173047
            15  |   .1076319   .1142262     0.94   0.346    -.1162473    .3315112
                |
          _cons |   .0272701   .3252858     0.08   0.933    -.6102784    .6648186
---------------------------------------------------------------------------------
Endogenous: guesses_m_
Exogenous:  guesses_norm 2.topic_id 3.topic_id 4.topic_id group_size
            2.session_time 2.moderator 3.moderator 1.week 2.week 3.week 4.week
            2.gender 4.gender 5.gender 6.gender 3.race 4.race 6.race 7.race
            year 2.ideology 3.ideology 4.ideology 5.ideology 6.ideology
            9.ideology 2.major 7.major 9.major 10.major 11.major 13.major
            15.major treat

.         eststo
(est4 stored)

.         qui sum express_d if treat == 0 & private_ == 1

.         estadd scalar Cmean = r(mean)

added scalar:
              e(Cmean) =  .40673575

.         estadd scalar Csd = r(sd)

added scalar:
                e(Csd) =  .49186232

.         distinct(survey_id) if private_ == 1 

           |        Observations
           |      total   distinct
-----------+----------------------
 survey_id |        769        315

.         estadd scalar ids = round(r(ndistinct),1)

added scalar:
                e(ids) =  315

. 
. esttab using "$output/2sls_expression_majority_tc.tex", ///
> se lab stats(Cmean Csd ids N,labels("Mean" "SD" "IDs" "Obs")) keep(guesses_m_) star( * 0.1 ** 0.05 *
> ** 0.01) ///
> varwidth(32) wrap compress nogap noconstant replace ///
> title("TC_expression") //indicate("Individual Controls =  gender")
(file /Users/yihong/Desktop/Silence Replicate Final/Output/2sls_expression_majority_tc.tex not
    found)
(output written to /Users/yihong/Desktop/Silence Replicate Final/Output/2sls_expression_majority_tc.te
> x)

. 
. 
end of do-file

. do "$code/Table C10.do"

. use "$data/TC_cleaned.dta", clear
(TC_cleaned -- de-identified 21 Aug 2026)

.         
. keep *rename_schools *affirmative_action *death_penalty *immunizations ///
>          treat e_* gender race year major ideology survey_id zoom_id moderator week group_size sessi
> on_time

.           
. foreach var in rename_schools affirmative_action death_penalty immunizations {
  2.         rename guesses_`var' guesses_b_`var'
  3. }

. 
. reshape long private_ guesses_b_ guesses_m_ guesses_e_ , i(survey_id) j(topic) string
(j = affirmative_action death_penalty immunizations rename_schools)

Data                               Wide   ->   Long
-----------------------------------------------------------------------------
Number of observations              333   ->   1,332       
Number of variables                  45   ->   34          
j variable (4 values)                     ->   topic
xij variables:
private_affirmative_action private_death_penalty ... private_rename_schools->private_
guesses_b_affirmative_action guesses_b_death_penalty ... guesses_b_rename_schools->guesses_b_
guesses_m_affirmative_action guesses_m_death_penalty ... guesses_m_rename_schools->guesses_m_
guesses_e_affirmative_action guesses_e_death_penalty ... guesses_e_rename_schools->guesses_e_
-----------------------------------------------------------------------------

. encode topic, generate(topic_id)

. replace topic_id = topic_id + 1 
(1,332 real changes made)

. replace topic_id = 1 if topic_id == 5 // adjust the order of topics
(333 real changes made)

. forval i = 1/4{
  2.         qui sum private_ if topic_id == `i'
  3.         local actual_`i' = round(r(mean)*100,0.01)
  4. }

. 
. 
. * Alternative to Table 2: Diff-in-Diff
. preserve

. rename guesses_b_ guesses0

. rename guesses_m_ guesses1

. rename guesses_e_ guesses2

. 
. reshape long guesses, i(survey_id topic_id) j(round)
(j = 0 1 2)

Data                               Wide   ->   Long
-----------------------------------------------------------------------------
Number of observations            1,332   ->   3,996       
Number of variables                  35   ->   34          
j variable (3 values)                     ->   round
xij variables:
             guesses0 guesses1 guesses2   ->   guesses
-----------------------------------------------------------------------------

. 
. gen midline = (round == 1)

. gen endline = (round == 2)

. gen post = (round == 1 | round == 2)

. gen treat_midline = treat*midline

. gen treat_endline = treat*endline

. gen treat_post = treat*post

. label var midline "Midline"

. label var endline "Endline"

. label var post "Post"

. label var treat_midline "Treat X Midline"

. label var treat_endline "Treat X Endline"

. label var treat_post "Treat X Post"

. 
. local controls i.gender i.race i.year i.ideology i.major

. eststo clear

. 
. reg guesses treat post treat_post private_ i.topic_id, cluster(zoom_id) 

Linear regression                               Number of obs     =      3,975
                                                F(7, 35)          =     138.07
                                                Prob > F          =     0.0000
                                                R-squared         =     0.3392
                                                Root MSE          =       16.3

                                  (Std. err. adjusted for 36 clusters in zoom_id)
---------------------------------------------------------------------------------
                |               Robust
        guesses | Coefficient  std. err.      t    P>|t|     [95% conf. interval]
----------------+----------------------------------------------------------------
          treat |   .0250766   1.159084     0.02   0.983    -2.327989    2.378143
           post |   5.435703   .8888941     6.12   0.000     3.631152    7.240255
     treat_post |   -8.48992   1.329132    -6.39   0.000     -11.1882   -5.791639
       private_ |   7.459843    .715385    10.43   0.000     6.007535    8.912152
                |
       topic_id |
 death_penalty  |  -1.038121    .997366    -1.04   0.305    -3.062882    .9866392
 immunizations  |   11.93476   1.043331    11.44   0.000     9.816682    14.05283
rename_schools  |   21.81314   1.179067    18.50   0.000     19.41951    24.20678
                |
          _cons |   50.54683   1.212459    41.69   0.000      48.0854    53.00825
---------------------------------------------------------------------------------

.         eststo
(est1 stored)

.         qui sum guesses if treat == 0 & round == 0

.         estadd scalar Cmean = r(mean)

added scalar:
              e(Cmean) =  63.087349

.         estadd scalar Csd = r(sd)

added scalar:
                e(Csd) =  22.245068

.         distinct(survey_id)

           |        Observations
           |      total   distinct
-----------+----------------------
 survey_id |       3996        333

.         estadd scalar ids = round(r(ndistinct),1)

added scalar:
                e(ids) =  333

. 
.         
. reg guesses treat post endline treat_post treat_endline private_ i.topic_id, cluster(zoom_id) 

Linear regression                               Number of obs     =      3,975
                                                F(9, 35)          =     109.90
                                                Prob > F          =     0.0000
                                                R-squared         =     0.3421
                                                Root MSE          =     16.268

                                  (Std. err. adjusted for 36 clusters in zoom_id)
---------------------------------------------------------------------------------
                |               Robust
        guesses | Coefficient  std. err.      t    P>|t|     [95% conf. interval]
----------------+----------------------------------------------------------------
          treat |   .0250766   1.159377     0.02   0.983    -2.328583    2.378736
           post |   3.555219   .7191279     4.94   0.000     2.095312    5.015127
        endline |   3.760968   1.169071     3.22   0.003     1.387628    6.134309
     treat_post |  -6.512298   1.100853    -5.92   0.000    -8.747149   -4.277446
  treat_endline |  -3.955245   1.503239    -2.63   0.013    -7.006982   -.9035087
       private_ |   7.459843   .7155654    10.43   0.000     6.007168    8.912518
                |
       topic_id |
 death_penalty  |  -1.038121   .9976175    -1.04   0.305    -3.063393    .9871498
 immunizations  |   11.93476   1.043594    11.44   0.000     9.816148    14.05337
rename_schools  |   21.81314   1.179365    18.50   0.000     19.41891    24.20738
                |
          _cons |   50.54683   1.212765    41.68   0.000     48.08478    53.00887
---------------------------------------------------------------------------------

.         eststo
(est2 stored)

.         qui sum guesses if treat == 0 & round == 0

.         estadd scalar Cmean = r(mean)

added scalar:
              e(Cmean) =  63.087349

.         estadd scalar Csd = r(sd)

added scalar:
                e(Csd) =  22.245068

.         distinct(survey_id)

           |        Observations
           |      total   distinct
-----------+----------------------
 survey_id |       3996        333

.         estadd scalar ids = round(r(ndistinct),1)

added scalar:
                e(ids) =  333

. 
. reg guesses treat post endline treat_post treat_endline private_ i.topic_id `controls', cluster(zoom
> _id) 

Linear regression                               Number of obs     =      3,975
                                                F(34, 35)         =          .
                                                Prob > F          =          .
                                                R-squared         =     0.3503
                                                Root MSE          =      16.22

                                  (Std. err. adjusted for 36 clusters in zoom_id)
---------------------------------------------------------------------------------
                |               Robust
        guesses | Coefficient  std. err.      t    P>|t|     [95% conf. interval]
----------------+----------------------------------------------------------------
          treat |  -.5116633   1.090427    -0.47   0.642    -2.725347    1.702021
           post |   3.555219   .7214974     4.93   0.000     2.090502    5.019937
        endline |   3.760968   1.172923     3.21   0.003     1.379808    6.142129
     treat_post |  -6.512298   1.104481    -5.90   0.000    -8.754513   -4.270083
  treat_endline |  -3.955245   1.508192    -2.62   0.013    -7.017037   -.8934535
       private_ |   7.476886   .7239067    10.33   0.000     6.007277    8.946495
                |
       topic_id |
 death_penalty  |   -1.03415   1.004937    -1.03   0.311    -3.074281    1.005981
 immunizations  |   11.93437   1.050229    11.36   0.000     9.802289    14.06644
rename_schools  |   21.81145   1.180153    18.48   0.000     19.41561    24.20729
                |
         gender |
             2  |   -.131901   .8408932    -0.16   0.876    -1.839005    1.575203
             4  |  -1.483091   2.156771    -0.69   0.496     -5.86157    2.895388
             5  |   .0964568   2.135596     0.05   0.964    -4.239034    4.431948
             6  |   -2.38109   2.365402    -1.01   0.321    -7.183112    2.420932
                |
           race |
             3  |  -1.635462   1.699672    -0.96   0.343    -5.085979    1.815054
             4  |  -1.368933   1.174174    -1.17   0.252    -3.752633    1.014767
             6  |   2.034199   .9114909     2.23   0.032     .1837737    3.884624
             7  |   1.537236   1.598126     0.96   0.343    -1.707133    4.781606
                |
           year |
             2  |  -.1396249   1.452701    -0.10   0.924    -3.088765    2.809515
             3  |   1.076379   1.266681     0.85   0.401     -1.49512    3.647878
             4  |   .0705786   1.152196     0.06   0.952    -2.268503     2.40966
             5  |   1.684325   1.506979     1.12   0.271    -1.375004    4.743655
             6  |  -1.174942   2.136384    -0.55   0.586    -5.512032    3.162149
                |
       ideology |
             2  |   1.429565   .7716382     1.85   0.072    -.1369435    2.996074
             3  |   .3701992   1.322533     0.28   0.781    -2.314685    3.055083
             4  |   .3025709   1.282955     0.24   0.815    -2.301967    2.907108
             5  |   1.302112   2.217946     0.59   0.561    -3.200557    5.804781
             6  |    4.06787   2.852157     1.43   0.163    -1.722317    9.858057
             9  |   .7983088   1.623591     0.49   0.626    -2.497756    4.094373
                |
          major |
             2  |   .2949954   2.038061     0.14   0.886    -3.842488    4.432479
             7  |  -1.839119   2.322606    -0.79   0.434    -6.554261    2.876022
             9  |  -.8328525    2.17651    -0.38   0.704    -5.251402    3.585697
            10  |  -1.575104    1.97653    -0.80   0.431    -5.587675    2.437466
            11  |  -.3262842   1.980816    -0.16   0.870    -4.347554    3.694986
            13  |   .9509064   1.775423     0.54   0.596    -2.653395    4.555207
            15  |  -.4364601   2.350222    -0.19   0.854    -5.207665    4.334744
                |
          _cons |   49.55219   2.950374    16.80   0.000     43.56261    55.54177
---------------------------------------------------------------------------------

.         eststo
(est3 stored)

.         qui sum guesses if treat == 0 & round == 0

.         estadd scalar Cmean = r(mean)

added scalar:
              e(Cmean) =  63.087349

.         estadd scalar Csd = r(sd)

added scalar:
                e(Csd) =  22.245068

.         distinct(survey_id)

           |        Observations
           |      total   distinct
-----------+----------------------
 survey_id |       3996        333

.         estadd scalar ids = round(r(ndistinct),1)

added scalar:
                e(ids) =  333

. 
. reg guesses treat post endline treat_post treat_endline private_ i.topic_id `controls' i.moderator i
> .week group_size i.session_time, cluster(zoom_id) 

Linear regression                               Number of obs     =      3,975
                                                F(34, 35)         =          .
                                                Prob > F          =          .
                                                R-squared         =     0.3578
                                                Root MSE          =     16.143

                                  (Std. err. adjusted for 36 clusters in zoom_id)
---------------------------------------------------------------------------------
                |               Robust
        guesses | Coefficient  std. err.      t    P>|t|     [95% conf. interval]
----------------+----------------------------------------------------------------
          treat |  -.4958205   1.113692    -0.45   0.659    -2.756736    1.765095
           post |   3.555219   .7222311     4.92   0.000     2.089012    5.021427
        endline |   3.760968   1.174116     3.20   0.003     1.377386     6.14455
     treat_post |  -6.512298   1.105604    -5.89   0.000    -8.756793   -4.267802
  treat_endline |  -3.955245   1.509726    -2.62   0.013    -7.020151   -.8903395
       private_ |    7.47597   .7345427    10.18   0.000     5.984769    8.967171
                |
       topic_id |
 death_penalty  |  -1.051726   1.003495    -1.05   0.302    -3.088928     .985476
 immunizations  |   11.93826   1.042117    11.46   0.000     9.822654    14.05387
rename_schools  |    21.8074   1.180893    18.47   0.000     19.41006    24.20474
                |
         gender |
             2  |   .2222996   .8302515     0.27   0.790    -1.463201      1.9078
             4  |  -.1080539   2.186966    -0.05   0.961    -4.547831    4.331723
             5  |   .0443138   2.135281     0.02   0.984    -4.290537    4.379164
             6  |  -3.717482   2.126662    -1.75   0.089    -8.034835    .5998709
                |
           race |
             3  |  -1.736133   1.500161    -1.16   0.255    -4.781622    1.309355
             4  |  -1.392178   1.008494    -1.38   0.176     -3.43953    .6551742
             6  |   1.602908   .8771465     1.83   0.076    -.1777943     3.38361
             7  |   1.382948   1.537619     0.90   0.375    -1.738584     4.50448
                |
           year |
             2  |  -.3613519   1.488574    -0.24   0.810    -3.383318    2.660615
             3  |   1.093031   1.328759     0.82   0.416    -1.604492    3.790555
             4  |    .550333   1.224623     0.45   0.656    -1.935784     3.03645
             5  |   1.596905   1.477425     1.08   0.287    -1.402427    4.596237
             6  |  -.5196058   2.047798    -0.25   0.801    -4.676857    3.637645
                |
       ideology |
             2  |   1.794033   .8397097     2.14   0.040     .0893316    3.498734
             3  |   .1096878   1.227947     0.09   0.929    -2.383178    2.602553
             4  |   .8113471   1.309303     0.62   0.539    -1.846679    3.469373
             5  |   .8477901   2.135416     0.40   0.694    -3.487336    5.182916
             6  |   4.388816   2.994073     1.47   0.152    -1.689474    10.46711
             9  |   1.646979   1.745756     0.94   0.352    -1.897093    5.191051
                |
          major |
             2  |  -.6489108     2.0932    -0.31   0.758    -4.898333    3.600511
             7  |  -2.685622   2.288392    -1.17   0.248    -7.331303     1.96006
             9  |  -2.011228   2.082794    -0.97   0.341    -6.239526    2.217069
            10  |  -2.011211   2.043999    -0.98   0.332     -6.16075    2.138328
            11  |  -1.302082    1.99494    -0.65   0.518    -5.352027    2.747862
            13  |  -.0765321   1.806586    -0.04   0.966    -3.744096    3.591032
            15  |  -2.082369   2.427253    -0.86   0.397    -7.009955    2.845217
                |
      moderator |
             2  |   1.859111   .9323157     1.99   0.054    -.0335907    3.751812
             3  |   2.845232   .8717506     3.26   0.002     1.075484     4.61498
                |
           week |
             1  |   3.868712   1.289058     3.00   0.005     1.251785    6.485639
             2  |   2.721406   1.678891     1.62   0.114    -.6869233    6.129735
             3  |   4.540796   1.313203     3.46   0.001     1.874852     7.20674
             4  |   3.261168    1.26709     2.57   0.014     .6888386    5.833497
                |
     group_size |   .3535348   .3215262     1.10   0.279    -.2991982    1.006268
 2.session_time |   .4545124   .6522498     0.70   0.491    -.8696251     1.77865
          _cons |   42.21588   4.362873     9.68   0.000     33.35878    51.07298
---------------------------------------------------------------------------------

.         eststo
(est4 stored)

.         qui sum guesses if treat == 0 & round == 0

.         estadd scalar Cmean = r(mean)

added scalar:
              e(Cmean) =  63.087349

.         estadd scalar Csd = r(sd)

added scalar:
                e(Csd) =  22.245068

.         distinct(survey_id)

           |        Observations
           |      total   distinct
-----------+----------------------
 survey_id |       3996        333

.         estadd scalar ids = round(r(ndistinct),1)

added scalar:
                e(ids) =  333

. 
. 
. esttab using "$output/ols_inference_tc_did.tex", ///
> se lab stats(Cmean Csd ids,labels("Mean" "SD" "IDs")) keep(post endline treat treat_post treat_endli
> ne ) star( * 0.1 ** 0.05 *** 0.01) ///
> varwidth(32) wrap compress nogap noconstant replace ///
> title("midline_inference") //indicate("Individual Controls =  gender")
(file /Users/yihong/Desktop/Silence Replicate Final/Output/ols_inference_tc_did.tex not found)
(output written to /Users/yihong/Desktop/Silence Replicate Final/Output/ols_inference_tc_did.tex)

. restore

. 
end of do-file

. do "$code/Table C11.do"       // requires Table 1.do above (uses first_movers_long.dta)

. *** Table C.11: Private Beliefs Among Silent vs. Expressive Participants
. 
. use "$data/TC_cleaned.dta", clear
(TC_cleaned -- de-identified 21 Aug 2026)

. 
. foreach var in rename_schools affirmative_action death_penalty immunizations daylight_saving{
  2.         replace e_`var' = 9 if e_`var' == .
  3.         gen e_d_`var' = 0
  4.         replace e_d_`var' = 1 if e_`var' != 9 & e_`var' == private_`var'
  5.         }
(225 real changes made)
(96 real changes made)
(258 real changes made)
(66 real changes made)
(182 real changes made)
(143 real changes made)
(189 real changes made)
(139 real changes made)
(216 real changes made)
(112 real changes made)

. 
.          keep private_rename_schools private_immunizations private_death_penalty private_affirmative
> _action ///
>          guesses_rename_schools guesses_immunizations guesses_death_penalty guesses_affirmative_acti
> on ///
>          guesses_m_rename_schools guesses_m_immunizations guesses_m_death_penalty guesses_m_affirmat
> ive_action ///
>          e_d_rename_schools e_d_immunizations e_d_death_penalty e_d_affirmative_action ///
>          treat gender race year major ideology survey_id zoom_id group_size session_time moderator w
> eek

. 
. reshape long private_ guesses_ guesses_m_ e_d_, i(survey_id) j(topic) string
(j = affirmative_action death_penalty immunizations rename_schools)

Data                               Wide   ->   Long
-----------------------------------------------------------------------------
Number of observations              333   ->   1,332       
Number of variables                  28   ->   17          
j variable (4 values)                     ->   topic
xij variables:
private_affirmative_action private_death_penalty ... private_rename_schools->private_
guesses_affirmative_action guesses_death_penalty ... guesses_rename_schools->guesses_
guesses_m_affirmative_action guesses_m_death_penalty ... guesses_m_rename_schools->guesses_m_
e_d_affirmative_action e_d_death_penalty ... e_d_rename_schools->e_d_
-----------------------------------------------------------------------------

. 
. 
. gen byte first_mover = 0

. append using "$tempfile/first_movers_long.dta"
(label zoom_id already defined)

. replace first_mover = 1 if missing(first_mover)
(200 real changes made)

. 
. replace private_ = 1 - private_ ///
>         if first_mover == 1 & inlist(topic, "immunizations", "affirmative_action")
(100 real changes made)

. 
. replace guesses_ = 100 - guesses_ ///
>         if first_mover == 1 & inlist(topic, "immunizations", "affirmative_action")
(88 real changes made)

.         
. * e_d_ == 0: stayed silent or did not express their private view
. * e_d_ == 1: publicly expressed their private view
. * prtest returns r(P1) for the first group (e_d_ == 0) and r(P2) for the second.
. * r(p_l) is the one-sided p-value for P1 < P2, which is what the paper reports.
. 
. local var1 rename_schools

. local var2 affirmative_action

. local var3 death_penalty

. local var4 immunizations

. 
. local lab1 "Renaming Schools"

. local lab2 "Affirmative Action"

. local lab3 "Death Penalty"

. local lab4 "Immunizations"

. 
. cap file close c11

. file open c11 using "$output/dist_private_silent.tex", write replace
(file /Users/yihong/Desktop/Silence Replicate Final/Output/dist_private_silent.tex not found)

. file write c11 "\begin{tabular}{l*{4}c}\toprule " _n

. file write c11 "& \%Agree Among Silence & \%Agree Among Expressed & p-value (one-sided) \\" _n

. file write c11 "\midrule" _n

. 
. forval i = 1/4 {
  2. 
.         local v = "`var`i''"
  3. 
.         di _n as txt "{bf:`lab`i''}"
  4.         prtest private_ if topic == "`v'", by(e_d_)
  5. 
.         local p1 = 100*r(P1)
  6.         local p2 = 100*r(P2)
  7.         local pv = r(p_l)
  8. 
.         file write c11 "`lab`i''" " & " %4.1f (`p1') "\% & " %4.1f (`p2') "\% & " %4.2f (`pv') " \\"
>  _n
  9. }

Renaming Schools

Two-sample test of proportions                     0: Number of obs =      266
                                                   1: Number of obs =      114
------------------------------------------------------------------------------
       Group |       Mean   Std. err.      z    P>|z|     [95% conf. interval]
-------------+----------------------------------------------------------------
           0 |   .3609023   .0294468                      .3031877    .4186169
           1 |   .4561404   .0466488                      .3647104    .5475703
-------------+----------------------------------------------------------------
        diff |  -.0952381   .0551654                     -.2033603    .0128841
             |  under H0:   .0545871    -1.74   0.081
------------------------------------------------------------------------------
        diff = prop(0) - prop(1)                                  z =  -1.7447
    H0: diff = 0

    Ha: diff < 0                 Ha: diff != 0                 Ha: diff > 0
 Pr(Z < z) = 0.0405         Pr(|Z| > |z|) = 0.0810          Pr(Z > z) = 0.9595

Affirmative Action

Two-sample test of proportions                     0: Number of obs =      293
                                                   1: Number of obs =       88
------------------------------------------------------------------------------
       Group |       Mean   Std. err.      z    P>|z|     [95% conf. interval]
-------------+----------------------------------------------------------------
           0 |   .4641638   .0291352                      .4070599    .5212677
           1 |   .5340909   .0531761                      .4298676    .6383142
-------------+----------------------------------------------------------------
        diff |  -.0699271   .0606347                     -.1887688    .0489147
             |  under H0:   .0607324    -1.15   0.250
------------------------------------------------------------------------------
        diff = prop(0) - prop(1)                                  z =  -1.1514
    H0: diff = 0

    Ha: diff < 0                 Ha: diff != 0                 Ha: diff > 0
 Pr(Z < z) = 0.1248         Pr(|Z| > |z|) = 0.2496          Pr(Z > z) = 0.8752

Death Penalty

Two-sample test of proportions                     0: Number of obs =      215
                                                   1: Number of obs =      167
------------------------------------------------------------------------------
       Group |       Mean   Std. err.      z    P>|z|     [95% conf. interval]
-------------+----------------------------------------------------------------
           0 |   .5395349    .033993                      .4729099    .6061598
           1 |    .742515   .0338353                      .6761989     .808831
-------------+----------------------------------------------------------------
        diff |  -.2029801    .047962                     -.2969838   -.1089764
             |  under H0:   .0498472    -4.07   0.000
------------------------------------------------------------------------------
        diff = prop(0) - prop(1)                                  z =  -4.0720
    H0: diff = 0

    Ha: diff < 0                 Ha: diff != 0                 Ha: diff > 0
 Pr(Z < z) = 0.0000         Pr(|Z| > |z|) = 0.0000          Pr(Z > z) = 1.0000

Immunizations

Two-sample test of proportions                     0: Number of obs =      219
                                                   1: Number of obs =      163
------------------------------------------------------------------------------
       Group |       Mean   Std. err.      z    P>|z|     [95% conf. interval]
-------------+----------------------------------------------------------------
           0 |   .7808219   .0279545                       .726032    .8356118
           1 |   .8773006   .0256981                      .8269332     .927668
-------------+----------------------------------------------------------------
        diff |  -.0964787   .0379717                     -.1709019   -.0220555
             |  under H0:   .0395705    -2.44   0.015
------------------------------------------------------------------------------
        diff = prop(0) - prop(1)                                  z =  -2.4381
    H0: diff = 0

    Ha: diff < 0                 Ha: diff != 0                 Ha: diff > 0
 Pr(Z < z) = 0.0074         Pr(|Z| > |z|) = 0.0148          Pr(Z > z) = 0.9926

. 
. file write c11 "\midrule" _n

. 
. di _n as txt "{bf:Total}"

Total

. prtest private_, by(e_d_)

Two-sample test of proportions                     0: Number of obs =      993
                                                   1: Number of obs =      532
------------------------------------------------------------------------------
       Group |       Mean   Std. err.      z    P>|z|     [95% conf. interval]
-------------+----------------------------------------------------------------
           0 |   .5226586   .0158507                      .4915918    .5537254
           1 |   .6879699   .0200876                       .648599    .7273408
-------------+----------------------------------------------------------------
        diff |  -.1653113   .0255882                     -.2154632   -.1151594
             |  under H0:   .0265153    -6.23   0.000
------------------------------------------------------------------------------
        diff = prop(0) - prop(1)                                  z =  -6.2346
    H0: diff = 0

    Ha: diff < 0                 Ha: diff != 0                 Ha: diff > 0
 Pr(Z < z) = 0.0000         Pr(|Z| > |z|) = 0.0000          Pr(Z > z) = 1.0000

. 
. local p1 = 100*r(P1)

. local p2 = 100*r(P2)

. local pv = r(p_l)

. 
. file write c11 "Total & " %4.1f (`p1') "\% & " %4.1f (`p2') "\% & " %4.2f (`pv') " \\" _n

. file write c11 "\bottomrule" _n

. file write c11 "\end{tabular}" _n

. file close c11

. 
. 
. 
end of do-file

. 
. do "$code/Figure D4.do"

. ******* Expression： DID ********
. use "$data/TC_cleaned.dta", clear
(TC_cleaned -- de-identified 21 Aug 2026)

. 
. foreach var in rename_schools affirmative_action death_penalty immunizations daylight_saving{
  2.         replace e_`var' = 9 if e_`var' == .
  3.         gen e_d_`var' = 0 
  4.         replace e_d_`var' = 1 if e_`var' != 9 & e_`var' == private_`var' 
  5.         }
(225 real changes made)
(96 real changes made)
(258 real changes made)
(66 real changes made)
(182 real changes made)
(143 real changes made)
(189 real changes made)
(139 real changes made)
(216 real changes made)
(112 real changes made)

. label define private_label 0 "Privately Disagree" 1 "Privately Agree" 

. label values private_daylight_saving private_label

. 
. label define treat_label 0 "Control (A+D)" 1 "Treat (A+D+S)" 

. label values treat treat_label

. splitvallabels treat, length(2)

. 
. distinct survey_id 

           |        Observations
           |      total   distinct
-----------+----------------------
 survey_id |        333        333

. local n_total = r(ndistinct)

. 
. cibar e_d_daylight_saving, over(treat private_daylight_saving) barlabel(on) blf(%9.3f) bargap(20) ga
> p(120)  blgap(-0.1) baropts(lcolor(none)) barcolor(cranberry%35 midblue%35) ciopts(lcolor(gs5)) ///
> graphopts(legend(position(6) rows(1)) ylabel(0(0.1)0.6, nogrid) xlab(, nogrid) ytitle("Pr(Express)")
>  title("Pr(Express|Agree), Pr(Express|Disagree) , Daylight Saving") subtitle("N = `n_total'"))

. graph export "$output/bar_express_dst.png", replace
file /Users/yihong/Desktop/Silence Replicate Final/Output/bar_express_dst.png saved as PNG format

. 
. 
end of do-file

. do "$code/Table D12.do"

. *** DID: Inference
. use "$data/TC_cleaned.dta", clear
(TC_cleaned -- de-identified 21 Aug 2026)

.         
. keep *rename_schools *affirmative_action *death_penalty *immunizations *daylight_saving ///
>          treat e_* gender race year major ideology survey_id zoom_id moderator week group_size sessi
> on_time

.           
. foreach var in rename_schools affirmative_action death_penalty immunizations daylight_saving{
  2.         rename guesses_`var' guesses_b_`var'
  3. }

. 
. reshape long private_ guesses_b_ guesses_m_ guesses_e_ , i(survey_id) j(topic) string
(j = affirmative_action daylight_saving death_penalty immunizations rename_schools)

Data                               Wide   ->   Long
-----------------------------------------------------------------------------
Number of observations              333   ->   1,665       
Number of variables                  52   ->   37          
j variable (5 values)                     ->   topic
xij variables:
private_affirmative_action private_daylight_saving ... private_rename_schools->private_
guesses_b_affirmative_action guesses_b_daylight_saving ... guesses_b_rename_schools->guesses_b_
guesses_m_affirmative_action guesses_m_daylight_saving ... guesses_m_rename_schools->guesses_m_
guesses_e_affirmative_action guesses_e_daylight_saving ... guesses_e_rename_schools->guesses_e_
-----------------------------------------------------------------------------

. encode topic, generate(topic_id)

. 
. gen topic_t = . 
(1,665 missing values generated)

. replace topic_t = 1 if topic_id != 2
(1,332 real changes made)

. replace topic_t = 0 if topic_id == 2 // Placebo topic: DST
(333 real changes made)

. 
. local controls i.gender i.race i.year i.ideology i.major

. label var treat "Treat"

. label var topic_t "Sensitive Topics"

. label var private_ "Private Agree"

. 
. eststo clear

. 
. reg guesses_m_ i.treat##i.topic_t, cluster(survey_id)

Linear regression                               Number of obs     =      1,612
                                                F(3, 332)         =      53.57
                                                Prob > F          =     0.0000
                                                R-squared         =     0.0784
                                                Root MSE          =     17.533

                             (Std. err. adjusted for 333 clusters in survey_id)
-------------------------------------------------------------------------------
              |               Robust
   guesses_m_ | Coefficient  std. err.      t    P>|t|     [95% conf. interval]
--------------+----------------------------------------------------------------
      1.treat |  -2.842105   2.089279    -1.36   0.175    -6.951998    1.267788
    1.topic_t |  -8.839501   1.562026    -5.66   0.000    -11.91222   -5.766786
              |
treat#topic_t |
         1 1  |   -3.76108   2.138711    -1.76   0.080    -7.968213    .4460535
              |
        _cons |   75.57143   1.444664    52.31   0.000     72.72958    78.41328
-------------------------------------------------------------------------------

.         eststo
(est1 stored)

.         qui sum guesses_m_ if treat == 0 & topic_t == 0 

.         estadd scalar Cmean = r(mean)

added scalar:
              e(Cmean) =  75.571429

.         estadd scalar Csd = r(sd)

added scalar:
                e(Csd) =  17.532748

.         distinct(survey_id)

           |        Observations
           |      total   distinct
-----------+----------------------
 survey_id |       1665        333

.         estadd scalar ids = round(r(ndistinct),1)

added scalar:
                e(ids) =  333

. 
. reg guesses_m_ i.treat##i.topic_t  private_ guesses_b_ i.topic_id, cluster(survey_id)
note: 2.topic_id omitted because of collinearity.

Linear regression                               Number of obs     =      1,605
                                                F(8, 332)         =     141.88
                                                Prob > F          =     0.0000
                                                R-squared         =     0.4099
                                                Root MSE          =     14.056

                                (Std. err. adjusted for 333 clusters in survey_id)
----------------------------------------------------------------------------------
                 |               Robust
      guesses_m_ | Coefficient  std. err.      t    P>|t|     [95% conf. interval]
-----------------+----------------------------------------------------------------
         1.treat |  -2.425924    1.98333    -1.22   0.222    -6.327402    1.475555
       1.topic_t |  -15.83184   1.507797   -10.50   0.000    -18.79788    -12.8658
                 |
   treat#topic_t |
            1 1  |  -4.084722   2.018754    -2.02   0.044    -8.055884   -.1135594
                 |
        private_ |   4.549882    .833921     5.46   0.000     2.909447    6.190317
      guesses_b_ |   .1200675   .0220838     5.44   0.000     .0766257    .1635093
                 |
        topic_id |
daylight_saving  |          0  (omitted)
  death_penalty  |   9.818515   .9155107    10.72   0.000     8.017582    11.61945
  immunizations  |   21.12799   1.166005    18.12   0.000      18.8343    23.42168
 rename_schools  |  -1.093771   .7951319    -1.38   0.170    -2.657903    .4703609
                 |
           _cons |   64.77497   2.104753    30.78   0.000     60.63463     68.9153
----------------------------------------------------------------------------------

.         eststo
(est2 stored)

.         qui sum guesses_m_ if treat == 0 & topic_t == 0 

.         estadd scalar Cmean = r(mean)

added scalar:
              e(Cmean) =  75.571429

.         estadd scalar Csd = r(sd)

added scalar:
                e(Csd) =  17.532748

.         distinct(survey_id)

           |        Observations
           |      total   distinct
-----------+----------------------
 survey_id |       1665        333

.         estadd scalar ids = round(r(ndistinct),1)

added scalar:
                e(ids) =  333

. 
. reg guesses_m_ i.treat##i.topic_t  private_ guesses_b_ i.topic_id `controls', cluster(survey_id)
note: 2.topic_id omitted because of collinearity.

Linear regression                               Number of obs     =      1,605
                                                F(33, 332)        =          .
                                                Prob > F          =          .
                                                R-squared         =     0.4258
                                                Root MSE          =     13.979

                                (Std. err. adjusted for 333 clusters in survey_id)
----------------------------------------------------------------------------------
                 |               Robust
      guesses_m_ | Coefficient  std. err.      t    P>|t|     [95% conf. interval]
-----------------+----------------------------------------------------------------
         1.treat |  -2.746227   2.026289    -1.36   0.176     -6.73221    1.239757
       1.topic_t |  -16.02869   1.522986   -10.52   0.000    -19.02461   -13.03277
                 |
   treat#topic_t |
            1 1  |  -4.004376   2.021137    -1.98   0.048    -7.980225   -.0285269
                 |
        private_ |   4.216595   .8476199     4.97   0.000     2.549212    5.883978
      guesses_b_ |   .1203601   .0224779     5.35   0.000     .0761431    .1645771
                 |
        topic_id |
daylight_saving  |          0  (omitted)
  death_penalty  |   9.895574   .9221524    10.73   0.000     8.081576    11.70957
  immunizations  |   21.24608   1.159884    18.32   0.000     18.96443    23.52773
 rename_schools  |   -1.11421   .8022289    -1.39   0.166    -2.692303    .4638824
                 |
          gender |
              2  |  -.5018775    1.11908    -0.45   0.654    -2.703258    1.699503
              4  |  -15.32771   2.163574    -7.08   0.000    -19.58375   -11.07166
              5  |   .8674388   1.932785     0.45   0.654    -2.934611    4.669488
              6  |  -4.951579   5.087826    -0.97   0.331    -14.96002    5.056863
                 |
            race |
              3  |  -1.128417   2.873193    -0.39   0.695    -6.780376    4.523542
              4  |  -1.744366   1.273602    -1.37   0.172    -4.249714    .7609821
              6  |   .5206875   1.213012     0.43   0.668     -1.86547    2.906846
              7  |  -3.360585    2.42728    -1.38   0.167    -8.135373    1.414202
                 |
            year |
              2  |  -1.927953   1.633573    -1.18   0.239     -5.14141    1.285505
              3  |   2.009496   1.406701     1.43   0.154    -.7576751    4.776667
              4  |    .880875   1.413609     0.62   0.534    -1.899885    3.661635
              5  |   2.184547   1.761744     1.24   0.216    -1.281041    5.650136
              6  |   .0722272   1.685623     0.04   0.966     -3.24362    3.388075
                 |
        ideology |
              2  |   .3154568   1.131821     0.28   0.781    -1.910987    2.541901
              3  |  -.7512476   1.552618    -0.48   0.629    -3.805456    2.302961
              4  |  -2.280064   1.511158    -1.51   0.132    -5.252717    .6925885
              5  |   .1551013   2.348022     0.07   0.947    -4.463774    4.773977
              6  |   .1548586   3.197932     0.05   0.961    -6.135906    6.445624
              9  |   1.279192   1.566775     0.82   0.415    -1.802866    4.361251
                 |
           major |
              2  |  -.7585443   3.384378    -0.22   0.823    -7.416073    5.898984
              7  |   .1967278   3.780396     0.05   0.959    -7.239822    7.633278
              9  |  -1.603653   3.315775    -0.48   0.629     -8.12623    4.918925
             10  |  -1.608838   3.565147    -0.45   0.652    -8.621963    5.404286
             11  |    .751781   3.400431     0.22   0.825    -5.937325    7.440888
             13  |   .2998021   3.324828     0.09   0.928    -6.240584    6.840188
             15  |   1.668261   3.568687     0.47   0.640    -5.351827     8.68835
                 |
           _cons |   65.94652    4.43355    14.87   0.000     57.22513    74.66791
----------------------------------------------------------------------------------

.         eststo
(est3 stored)

.         qui sum guesses_m_ if treat == 0 & topic_t == 0 

.         estadd scalar Cmean = r(mean)

added scalar:
              e(Cmean) =  75.571429

.         estadd scalar Csd = r(sd)

added scalar:
                e(Csd) =  17.532748

.         distinct(survey_id)

           |        Observations
           |      total   distinct
-----------+----------------------
 survey_id |       1665        333

.         estadd scalar ids = round(r(ndistinct),1)

added scalar:
                e(ids) =  333

.         
. reg guesses_e_ i.treat##i.topic_t i.topic_id, cluster(zoom_id)
note: 2.topic_id omitted because of collinearity.

Linear regression                               Number of obs     =      1,665
                                                F(6, 35)          =      95.82
                                                Prob > F          =     0.0000
                                                R-squared         =     0.3773
                                                Root MSE          =     16.085

                                   (Std. err. adjusted for 36 clusters in zoom_id)
----------------------------------------------------------------------------------
                 |               Robust
      guesses_e_ | Coefficient  std. err.      t    P>|t|     [95% conf. interval]
-----------------+----------------------------------------------------------------
         1.treat |  -.4334824   3.121813    -0.14   0.890    -6.771099    5.904134
       1.topic_t |  -17.37746    2.75224    -6.31   0.000    -22.96481   -11.79012
                 |
   treat#topic_t |
            1 1  |  -10.19943   3.090306    -3.30   0.002    -16.47308   -3.925772
                 |
        topic_id |
daylight_saving  |          0  (omitted)
  death_penalty  |   14.70871   1.537992     9.56   0.000     11.58642      17.831
  immunizations  |   27.73874   1.516182    18.30   0.000     24.66072    30.81675
 rename_schools  |  -.7207207   1.818336    -0.40   0.694    -4.412138    2.970697
                 |
           _cons |   77.39157   2.319801    33.36   0.000     72.68212    82.10101
----------------------------------------------------------------------------------

.         eststo
(est4 stored)

.         qui sum guesses_e_ if treat == 0 & topic_t == 0 

.         estadd scalar Cmean = r(mean)

added scalar:
              e(Cmean) =  77.391566

.         estadd scalar Csd = r(sd)

added scalar:
                e(Csd) =  18.473494

.         distinct(survey_id)

           |        Observations
           |      total   distinct
-----------+----------------------
 survey_id |       1665        333

.         estadd scalar ids = round(r(ndistinct),1)

added scalar:
                e(ids) =  333

. 
. reg guesses_e_ i.treat##i.topic_t private_ guesses_b_ i.topic_id, cluster(zoom_id)
note: 2.topic_id omitted because of collinearity.

Linear regression                               Number of obs     =      1,658
                                                F(8, 35)          =      87.29
                                                Prob > F          =     0.0000
                                                R-squared         =     0.4074
                                                Root MSE          =     15.689

                                   (Std. err. adjusted for 36 clusters in zoom_id)
----------------------------------------------------------------------------------
                 |               Robust
      guesses_e_ | Coefficient  std. err.      t    P>|t|     [95% conf. interval]
-----------------+----------------------------------------------------------------
         1.treat |  -.0010144   2.923225    -0.00   1.000    -5.935476    5.933448
       1.topic_t |   -15.2634   2.542422    -6.00   0.000    -20.42479   -10.10201
                 |
   treat#topic_t |
            1 1  |  -10.47132   2.860653    -3.66   0.001    -16.27876   -4.663888
                 |
        private_ |   3.856631    1.03326     3.73   0.001     1.759001    5.954261
      guesses_b_ |   .1215963   .0227891     5.34   0.000     .0753319    .1678607
                 |
        topic_id |
daylight_saving  |          0  (omitted)
  death_penalty  |    12.3463   1.512312     8.16   0.000     9.276143    15.41646
  immunizations  |   23.69802   1.539124    15.40   0.000     20.57343    26.82261
 rename_schools  |  -.6617586   1.787488    -0.37   0.713    -4.290553    2.967036
                 |
           _cons |    66.8917   2.345536    28.52   0.000     62.13001    71.65339
----------------------------------------------------------------------------------

.         eststo
(est5 stored)

.         qui sum guesses_e_ if treat == 0 & topic_t == 0 

.         estadd scalar Cmean = r(mean)

added scalar:
              e(Cmean) =  77.391566

.         estadd scalar Csd = r(sd)

added scalar:
                e(Csd) =  18.473494

.         distinct(survey_id)

           |        Observations
           |      total   distinct
-----------+----------------------
 survey_id |       1665        333

.         estadd scalar ids = round(r(ndistinct),1)

added scalar:
                e(ids) =  333

. 
. reg guesses_e_ i.treat##i.topic_t private_ guesses_b_ guesses_m_ i.topic_id `controls' i.moderator i
> .week group_size i.session_time, cluster(zoom_id)
note: 2.topic_id omitted because of collinearity.

Linear regression                               Number of obs     =      1,605
                                                F(34, 35)         =          .
                                                Prob > F          =          .
                                                R-squared         =     0.4566
                                                Root MSE          =     15.191

                                   (Std. err. adjusted for 36 clusters in zoom_id)
----------------------------------------------------------------------------------
                 |               Robust
      guesses_e_ | Coefficient  std. err.      t    P>|t|     [95% conf. interval]
-----------------+----------------------------------------------------------------
         1.treat |   1.156613   3.109049     0.37   0.712    -5.155093    7.468319
       1.topic_t |  -11.73543   2.980672    -3.94   0.000    -17.78652   -5.684342
                 |
   treat#topic_t |
            1 1  |  -9.887901   3.321476    -2.98   0.005    -16.63086   -3.144946
                 |
        private_ |   2.906681   .9638045     3.02   0.005     .9500538    4.863308
      guesses_b_ |   .0825576   .0208096     3.97   0.000     .0403118    .1248033
      guesses_m_ |   .2114987   .0390686     5.41   0.000     .1321852    .2908121
                 |
        topic_id |
daylight_saving  |          0  (omitted)
  death_penalty  |   10.49131   1.538379     6.82   0.000     7.368236    13.61439
  immunizations  |   19.55294   1.612645    12.12   0.000      16.2791    22.82678
 rename_schools  |  -.3709758    1.74596    -0.21   0.833    -3.915462    3.173511
                 |
          gender |
              2  |   1.345665   1.203592     1.12   0.271    -1.097756    3.789087
              4  |   19.04658   3.368504     5.65   0.000     12.20815      25.885
              5  |   3.268652   1.805537     1.81   0.079    -.3967815    6.934086
              6  |    1.59083   3.065769     0.52   0.607    -4.633012    7.814672
                 |
            race |
              3  |  -1.283376    3.05311    -0.42   0.677    -7.481518    4.914767
              4  |   .4624835   1.634136     0.28   0.779     -2.85499    3.779957
              6  |   .4332015    .857927     0.50   0.617    -1.308483    2.174886
              7  |    1.47587   2.293287     0.64   0.524    -3.179751    6.131491
                 |
            year |
              2  |  -.3322942   1.835387    -0.18   0.857    -4.058327    3.393739
              3  |  -1.465276   1.379547    -1.06   0.295    -4.265906    1.335354
              4  |   1.924693   1.299241     1.48   0.147    -.7129068    4.562293
              5  |    .999468   1.952992     0.51   0.612    -2.965316    4.964252
              6  |   .6037438   2.372617     0.25   0.801    -4.212925    5.420412
                 |
        ideology |
              2  |   .8907819   1.037196     0.86   0.396    -1.214837    2.996401
              3  |  -.1151194   1.519074    -0.08   0.940    -3.199004    2.968765
              4  |   .8199541    1.83511     0.45   0.658    -2.905517    4.545425
              5  |  -1.076328   2.421078    -0.44   0.659    -5.991377    3.838721
              6  |  -2.541878   2.872301    -0.88   0.382    -8.372958    3.289202
              9  |   2.015738   2.632976     0.77   0.449    -3.329487    7.360963
                 |
           major |
              2  |   4.123146   1.678799     2.46   0.019     .7150033    7.531289
              7  |  -3.721411   2.315711    -1.61   0.117    -8.422555    .9797331
              9  |   4.573971   1.844348     2.48   0.018     .8297456    8.318196
             10  |   1.931596   1.988765     0.97   0.338    -2.105812    5.969004
             11  |   3.061189   2.130663     1.44   0.160    -1.264287    7.386664
             13  |   2.885845   1.624355     1.78   0.084    -.4117709     6.18346
             15  |  -1.469781   2.375345    -0.62   0.540    -6.291989    3.352426
                 |
       moderator |
              2  |   2.144639   1.634871     1.31   0.198    -1.174326    5.463605
              3  |   2.901669   1.181478     2.46   0.019     .5031403    5.300198
                 |
            week |
              1  |   5.646849   1.279533     4.41   0.000     3.049259    8.244439
              2  |   5.970416   2.169772     2.75   0.009     1.565546    10.37529
              3  |   4.194857   1.632866     2.57   0.015     .8799617    7.509752
              4  |   4.354082   1.392374     3.13   0.004     1.527411    7.180752
                 |
      group_size |  -.1511674   .4679965    -0.32   0.749    -1.101251     .798916
  2.session_time |  -.5543654   .8785547    -0.63   0.532    -2.337926    1.229196
           _cons |   45.01052   4.663858     9.65   0.000     35.54238    54.47865
----------------------------------------------------------------------------------

.         eststo
(est6 stored)

.         qui sum guesses_e_ if treat == 0 & topic_t == 0 

.         estadd scalar Cmean = r(mean)

added scalar:
              e(Cmean) =  77.391566

.         estadd scalar Csd = r(sd)

added scalar:
                e(Csd) =  18.473494

.         distinct(survey_id)

           |        Observations
           |      total   distinct
-----------+----------------------
 survey_id |       1665        333

.         estadd scalar ids = round(r(ndistinct),1)

added scalar:
                e(ids) =  333

.         
. esttab using "$output/ols_inference_did.tex", ///
> se lab stats(Cmean Csd ids,labels("Mean" "SD" "IDs")) keep(1.treat 1.topic_t 1.treat#1.topic_t priva
> te_ guesses_b_) star( * 0.1 ** 0.05 *** 0.01) ///
> varwidth(32) wrap compress nogap noconstant replace ///
> title("inference_did") //indicate("Individual Controls =  gender")
(file /Users/yihong/Desktop/Silence Replicate Final/Output/ols_inference_did.tex not found)
(output written to /Users/yihong/Desktop/Silence Replicate Final/Output/ols_inference_did.tex)

. 
end of do-file

. do "$code/Table D13.do"

. ******* Expression： DID ********
. use "$data/TC_cleaned.dta", clear
(TC_cleaned -- de-identified 21 Aug 2026)

. 
. foreach var in rename_schools affirmative_action death_penalty immunizations daylight_saving{
  2.         replace e_`var' = 9 if e_`var' == .
  3.         gen e_d_`var' = 0 
  4.         replace e_d_`var' = 1 if e_`var' != 9 & e_`var' == private_`var' 
  5.         }
(225 real changes made)
(96 real changes made)
(258 real changes made)
(66 real changes made)
(182 real changes made)
(143 real changes made)
(189 real changes made)
(139 real changes made)
(216 real changes made)
(112 real changes made)

. 
. 
. keep private_rename_schools private_immunizations private_death_penalty private_affirmative_action p
> rivate_daylight_saving ///
>          guesses_rename_schools guesses_immunizations guesses_death_penalty guesses_affirmative_acti
> on guesses_daylight_saving ///
>          guesses_m_rename_schools guesses_m_immunizations guesses_m_death_penalty guesses_m_affirmat
> ive_action guesses_m_daylight_saving ///
>          e_d_rename_schools e_d_immunizations e_d_death_penalty e_d_affirmative_action e_d_daylight_
> saving ///
>          treat gender race year major ideology survey_id zoom_id group_size session_time moderator w
> eek

. 
. reshape long private_ guesses_ guesses_m_ e_d_, i(survey_id) j(topic) string
(j = affirmative_action daylight_saving death_penalty immunizations rename_schools)

Data                               Wide   ->   Long
-----------------------------------------------------------------------------
Number of observations              333   ->   1,665       
Number of variables                  32   ->   17          
j variable (5 values)                     ->   topic
xij variables:
private_affirmative_action private_daylight_saving ... private_rename_schools->private_
guesses_affirmative_action guesses_daylight_saving ... guesses_rename_schools->guesses_
guesses_m_affirmative_action guesses_m_daylight_saving ... guesses_m_rename_schools->guesses_m_
e_d_affirmative_action e_d_daylight_saving ... e_d_rename_schools->e_d_
-----------------------------------------------------------------------------

. 
. 
. * Panel A: Public Expression by Second Movers, Those who Privately Disagree
. 
. gen private_norm = 0 

. replace private_norm = 1 if private_ == 1
(989 real changes made)

. 
. gen guesses_norm = .  
(1,665 missing values generated)

. replace guesses_norm = guesses_ 
(1,665 real changes made)

. 
. rename e_d_ express_d 

. encode topic, generate(topic_id)

. gen topic_t = . 
(1,665 missing values generated)

. replace topic_t = 1 if topic_id != 2
(1,332 real changes made)

. replace topic_t = 0 if topic_id == 2 // Placebo topic: DST
(333 real changes made)

. 
. 
. local ind_controls i.gender i.race year i.ideology 

. local session_controls group_size i.session_time i.moderator i.week

. 
. 
. label var treat "Treat"

. label var topic_t "Sensitive Topics"

. 
. eststo clear

. 
. reg express_d i.treat##i.topic_t i.topic_id if private_ == 0, cluster(zoom_id)
note: 2.topic_id omitted because of collinearity.

Linear regression                               Number of obs     =        669
                                                F(6, 35)          =       7.11
                                                Prob > F          =     0.0001
                                                R-squared         =     0.0393
                                                Root MSE          =     .42729

                                   (Std. err. adjusted for 36 clusters in zoom_id)
----------------------------------------------------------------------------------
                 |               Robust
       express_d | Coefficient  std. err.      t    P>|t|     [95% conf. interval]
-----------------+----------------------------------------------------------------
         1.treat |  -.0460317   .0876663    -0.53   0.603    -.2240037    .1319402
       1.topic_t |  -.1982378   .0661066    -3.00   0.005    -.3324413   -.0640344
                 |
   treat#topic_t |
            1 1  |    .206193   .0954542     2.16   0.038     .0124106    .3999753
                 |
        topic_id |
daylight_saving  |          0  (omitted)
  death_penalty  |   .1011041   .0284578     3.55   0.001     .0433317    .1588764
  immunizations  |   .1128185   .0662111     1.70   0.097    -.0215973    .2472343
 rename_schools  |   .0815556   .0302587     2.70   0.011     .0201272     .142984
                 |
           _cons |         .3   .0616672     4.86   0.000     .1748089    .4251911
----------------------------------------------------------------------------------

.         eststo
(est1 stored)

.         qui sum express_d if treat == 0 & private_ == 0 & topic_t == 0 

.         estadd scalar Cmean = r(mean)

added scalar:
              e(Cmean) =  .3

.         estadd scalar Csd = r(sd)

added scalar:
                e(Csd) =  .46291005

.         distinct(survey_id) if private_ == 0 

           |        Observations
           |      total   distinct
-----------+----------------------
 survey_id |        669        298

.         estadd scalar ids = round(r(ndistinct),1)

added scalar:
                e(ids) =  298

. 
. reg express_d i.treat##i.topic_t guesses_norm i.topic_id if private_ == 0, cluster(zoom_id)
note: 2.topic_id omitted because of collinearity.

Linear regression                               Number of obs     =        669
                                                F(7, 35)          =       6.36
                                                Prob > F          =     0.0001
                                                R-squared         =     0.0403
                                                Root MSE          =      .4274

                                   (Std. err. adjusted for 36 clusters in zoom_id)
----------------------------------------------------------------------------------
                 |               Robust
       express_d | Coefficient  std. err.      t    P>|t|     [95% conf. interval]
-----------------+----------------------------------------------------------------
         1.treat |  -.0464976   .0878941    -0.53   0.600     -.224932    .1319368
       1.topic_t |  -.2009228   .0662243    -3.03   0.005    -.3353653   -.0664802
                 |
   treat#topic_t |
            1 1  |   .2074683   .0957109     2.17   0.037     .0131648    .4017718
                 |
    guesses_norm |   .0006479   .0008003     0.81   0.424    -.0009768    .0022725
                 |
        topic_id |
daylight_saving  |          0  (omitted)
  death_penalty  |   .0939746   .0268214     3.50   0.001     .0395243    .1484249
  immunizations  |   .1039501   .0676442     1.54   0.133     -.033375    .2412751
 rename_schools  |   .0796036   .0295815     2.69   0.011       .01955    .1396572
                 |
           _cons |    .270911   .0770045     3.52   0.001     .1145835    .4272384
----------------------------------------------------------------------------------

.         eststo
(est2 stored)

.         qui sum express_d if treat == 0 & private_ == 0 & topic_t == 0 

.         estadd scalar Cmean = r(mean)

added scalar:
              e(Cmean) =  .3

.         estadd scalar Csd = r(sd)

added scalar:
                e(Csd) =  .46291005

.         distinct(survey_id) if private_ == 0 

           |        Observations
           |      total   distinct
-----------+----------------------
 survey_id |        669        298

.         estadd scalar ids = round(r(ndistinct),1)

added scalar:
                e(ids) =  298

.         
. reg express_d i.treat##i.topic_t guesses_norm i.topic_id `session_controls' if private_ == 0, cluste
> r(zoom_id)
note: 2.topic_id omitted because of collinearity.

Linear regression                               Number of obs     =        669
                                                F(15, 35)         =       6.84
                                                Prob > F          =     0.0000
                                                R-squared         =     0.0767
                                                Root MSE          =     .42177

                                   (Std. err. adjusted for 36 clusters in zoom_id)
----------------------------------------------------------------------------------
                 |               Robust
       express_d | Coefficient  std. err.      t    P>|t|     [95% conf. interval]
-----------------+----------------------------------------------------------------
         1.treat |  -.0405973   .0866677    -0.47   0.642    -.2165421    .1353475
       1.topic_t |  -.2082645   .0668326    -3.12   0.004    -.3439419   -.0725872
                 |
   treat#topic_t |
            1 1  |   .2040804   .0955919     2.13   0.040     .0100186    .3981422
                 |
    guesses_norm |   .0003425   .0007848     0.44   0.665    -.0012507    .0019358
                 |
        topic_id |
daylight_saving  |          0  (omitted)
  death_penalty  |   .0985297   .0287905     3.42   0.002     .0400819    .1569774
  immunizations  |   .1061242   .0662163     1.60   0.118    -.0283019    .2405504
 rename_schools  |   .0819836   .0310327     2.64   0.012      .018984    .1449833
                 |
      group_size |   .0064883    .012767     0.51   0.614    -.0194301    .0324068
  2.session_time |   .0663584    .022893     2.90   0.006     .0198831    .1128336
                 |
       moderator |
              2  |   -.010892   .0297479    -0.37   0.716    -.0712834    .0494994
              3  |   .0389291   .0237686     1.64   0.110    -.0093237    .0871818
                 |
            week |
              1  |   .1289145   .0744958     1.73   0.092      -.02232     .280149
              2  |  -.0667967   .0707788    -0.94   0.352    -.2104854     .076892
              3  |  -.0100121   .0612244    -0.16   0.871    -.1343043    .1142801
              4  |  -.0288926   .0655301    -0.44   0.662    -.1619257    .1041405
                 |
           _cons |   .1689014   .1538929     1.10   0.280    -.1435178    .4813205
----------------------------------------------------------------------------------

.         eststo
(est3 stored)

.         qui sum express_d if treat == 0 & private_ == 0 & topic_t == 0 

.         estadd scalar Cmean = r(mean)

added scalar:
              e(Cmean) =  .3

.         estadd scalar Csd = r(sd)

added scalar:
                e(Csd) =  .46291005

.         distinct(survey_id) if private_ == 0 

           |        Observations
           |      total   distinct
-----------+----------------------
 survey_id |        669        298

.         estadd scalar ids = round(r(ndistinct),1)

added scalar:
                e(ids) =  298

.         
. reg express_d i.treat##i.topic_t guesses_norm i.topic_id `session_controls' `ind_controls' if privat
> e_ == 0, cluster(zoom_id)
note: 2.topic_id omitted because of collinearity.

Linear regression                               Number of obs     =        669
                                                F(29, 35)         =          .
                                                Prob > F          =          .
                                                R-squared         =     0.1117
                                                Root MSE          =     .41853

                                   (Std. err. adjusted for 36 clusters in zoom_id)
----------------------------------------------------------------------------------
                 |               Robust
       express_d | Coefficient  std. err.      t    P>|t|     [95% conf. interval]
-----------------+----------------------------------------------------------------
         1.treat |  -.0182579   .0902068    -0.20   0.841    -.2013874    .1648716
       1.topic_t |  -.2009631   .0650464    -3.09   0.004    -.3330142   -.0689119
                 |
   treat#topic_t |
            1 1  |   .1858532   .0957588     1.94   0.060    -.0085475    .3802539
                 |
    guesses_norm |   .0004707   .0008426     0.56   0.580    -.0012397    .0021812
                 |
        topic_id |
daylight_saving  |          0  (omitted)
  death_penalty  |   .0941155   .0324124     2.90   0.006     .0283149    .1599161
  immunizations  |   .1061368   .0656875     1.62   0.115     -.027216    .2394895
 rename_schools  |   .0789202   .0316274     2.50   0.017     .0147131    .1431272
                 |
      group_size |  -.0022436   .0122168    -0.18   0.855     -.027045    .0225579
  2.session_time |   .0824414   .0246722     3.34   0.002     .0323541    .1325287
                 |
       moderator |
              2  |   .0542708   .0315094     1.72   0.094    -.0096966    .1182383
              3  |   .0342781   .0294124     1.17   0.252    -.0254322    .0939884
                 |
            week |
              1  |   .1519472   .0793456     1.92   0.064    -.0091329    .3130273
              2  |  -.0779135   .0701699    -1.11   0.274     -.220366     .064539
              3  |   .0098272   .0674033     0.15   0.885    -.1270089    .1466632
              4  |  -.0022873   .0728172    -0.03   0.975     -.150114    .1455395
                 |
          gender |
              2  |  -.0568121   .0434652    -1.31   0.200    -.1450511    .0314269
              4  |  -.2466928   .0995626    -2.48   0.018    -.4488156     -.04457
              5  |   .0903597   .1060189     0.85   0.400    -.1248701    .3055895
              6  |  -.2977555    .175587    -1.70   0.099    -.6542161    .0587052
                 |
            race |
              3  |   .0050142    .078163     0.06   0.949    -.1536651    .1636936
              4  |   .0576208   .0597671     0.96   0.342    -.0637128    .1789545
              6  |   -.035771   .0406606    -0.88   0.385    -.1183163    .0467744
              7  |   .1331876   .1041952     1.28   0.210      -.07834    .3447152
                 |
            year |   .0047214   .0128165     0.37   0.715    -.0212976    .0307403
                 |
        ideology |
              2  |   .0816901   .0689651     1.18   0.244    -.0583164    .2216966
              3  |   .0391901   .0716511     0.55   0.588    -.1062694    .1846495
              4  |    .147239    .088089     1.67   0.104    -.0315912    .3260692
              5  |  -.0772891   .0794193    -0.97   0.337     -.238519    .0839407
              6  |  -.0794452    .130665    -0.61   0.547    -.3447092    .1858188
              9  |    .065206   .0969234     0.67   0.506    -.1315589    .2619709
                 |
           _cons |   .1530727   .1902534     0.80   0.426    -.2331622    .5393076
----------------------------------------------------------------------------------

.         eststo
(est4 stored)

.         qui sum express_d if treat == 0 & private_ == 0 & topic_t == 0 

.         estadd scalar Cmean = r(mean)

added scalar:
              e(Cmean) =  .3

.         estadd scalar Csd = r(sd)

added scalar:
                e(Csd) =  .46291005

.         distinct(survey_id) if private_ == 0 

           |        Observations
           |      total   distinct
-----------+----------------------
 survey_id |        669        298

.         estadd scalar ids = round(r(ndistinct),1)

added scalar:
                e(ids) =  298

. 
. logit express_d i.treat##i.topic_t guesses_norm i.topic_id `session_controls' `ind_controls' if priv
> ate_ == 0, cluster(zoom_id)

note: 4.gender != 0 predicts failure perfectly;
      4.gender omitted and 1 obs not used.

note: 2.topic_id omitted because of collinearity.
Iteration 0:  Log pseudolikelihood =  -376.7345  
Iteration 1:  Log pseudolikelihood = -340.23245  
Iteration 2:  Log pseudolikelihood =   -339.027  
Iteration 3:  Log pseudolikelihood = -339.02189  
Iteration 4:  Log pseudolikelihood = -339.02189  

Logistic regression                                     Number of obs =    668
                                                        Wald chi2(29) = 472.12
                                                        Prob > chi2   = 0.0000
Log pseudolikelihood = -339.02189                       Pseudo R2     = 0.1001

                                   (Std. err. adjusted for 36 clusters in zoom_id)
----------------------------------------------------------------------------------
                 |               Robust
       express_d | Coefficient  std. err.      z    P>|z|     [95% conf. interval]
-----------------+----------------------------------------------------------------
         1.treat |  -.0847997    .470218    -0.18   0.857     -1.00641    .8368108
       1.topic_t |  -1.266655   .3588399    -3.53   0.000    -1.969969   -.5633421
                 |
   treat#topic_t |
            1 1  |   1.080635   .5087287     2.12   0.034     .0835456    2.077725
                 |
    guesses_norm |   .0026621   .0048079     0.55   0.580    -.0067612    .0120854
                 |
        topic_id |
daylight_saving  |          0  (omitted)
  death_penalty  |   .6033939   .2061589     2.93   0.003     .1993299    1.007458
  immunizations  |   .6659944   .3754182     1.77   0.076    -.0698118    1.401801
 rename_schools  |   .5240192   .2083844     2.51   0.012     .1155934    .9324451
                 |
      group_size |  -.0260316   .0697087    -0.37   0.709    -.1626581    .1105949
  2.session_time |    .469957   .1477908     3.18   0.001     .1802924    .7596217
                 |
       moderator |
              2  |   .2807038   .1894989     1.48   0.139    -.0907071    .6521148
              3  |   .2120261   .1857877     1.14   0.254     -.152111    .5761633
                 |
            week |
              1  |   .8521801   .4554968     1.87   0.061    -.0405772    1.744937
              2  |  -.4484238   .4102092    -1.09   0.274    -1.252419    .3555714
              3  |   .0867024   .3862262     0.22   0.822    -.6702871    .8436918
              4  |  -.0171101   .4249965    -0.04   0.968    -.8500879    .8158677
                 |
          gender |
              2  |  -.3189084   .2347056    -1.36   0.174    -.7789229    .1411062
              4  |          0  (empty)
              5  |   .4120357   .5803151     0.71   0.478     -.725361    1.549432
              6  |  -1.603283    1.17339    -1.37   0.172    -3.903085    .6965197
                 |
            race |
              3  |   .0865961   .5721115     0.15   0.880    -1.034722    1.207914
              4  |   .3485699   .3340496     1.04   0.297    -.3061553    1.003295
              6  |  -.1733513   .2484725    -0.70   0.485    -.6603486    .3136459
              7  |   .6429805    .545062     1.18   0.238    -.4253214    1.711282
                 |
            year |   .0240692   .0719354     0.33   0.738    -.1169217      .16506
                 |
        ideology |
              2  |   .4702558   .4030351     1.17   0.243    -.3196784     1.26019
              3  |   .1976035     .43441     0.45   0.649    -.6538244    1.049031
              4  |   .8174195   .5139802     1.59   0.112    -.1899633    1.824802
              5  |  -.5374368    .597732    -0.90   0.369     -1.70897    .6340964
              6  |  -.4316666   .7835171    -0.55   0.582    -1.967332    1.103999
              9  |   .3808682   .6099415     0.62   0.532    -.8145951    1.576332
                 |
           _cons |   -1.60731   1.071202    -1.50   0.133    -3.706828    .4922074
----------------------------------------------------------------------------------

.         eststo
(est5 stored)

.         qui sum express_d if treat == 0 & private_ == 0 & topic_t == 0 

.         estadd scalar Cmean = r(mean)

added scalar:
              e(Cmean) =  .3

.         estadd scalar Csd = r(sd)

added scalar:
                e(Csd) =  .46291005

.         distinct(survey_id) if private_ == 0 

           |        Observations
           |      total   distinct
-----------+----------------------
 survey_id |        669        298

.         estadd scalar ids = round(r(ndistinct),1)

added scalar:
                e(ids) =  298

. 
. esttab using "$output/ols_expression_minority_did.tex", ///
> se lab stats(Cmean Csd ids N,labels("Mean" "SD" "IDs" "Obs")) keep(1.treat 1.topic_t 1.treat#1.topic
> _t) star( * 0.1 ** 0.05 *** 0.01) ///
> varwidth(32) wrap compress nogap noconstant replace ///
> title("TC_expression") //indicate("Individual Controls =  gender")
(file /Users/yihong/Desktop/Silence Replicate Final/Output/ols_expression_minority_did.tex not
    found)
(output written to /Users/yihong/Desktop/Silence Replicate Final/Output/ols_expression_minority_did.te
> x)

. 
. * Panel B: Public Expression by Second Movers, Those who Privately Disagree
. eststo clear

. 
. reg express_d i.treat##i.topic_t i.topic_id if private_ == 1, cluster(zoom_id)
note: 2.topic_id omitted because of collinearity.

Linear regression                               Number of obs     =        989
                                                F(6, 35)          =       8.72
                                                Prob > F          =     0.0000
                                                R-squared         =     0.0383
                                                Root MSE          =     .48054

                                   (Std. err. adjusted for 36 clusters in zoom_id)
----------------------------------------------------------------------------------
                 |               Robust
       express_d | Coefficient  std. err.      t    P>|t|     [95% conf. interval]
-----------------+----------------------------------------------------------------
         1.treat |   -.005305   .0509964    -0.10   0.918    -.1088332    .0982232
       1.topic_t |  -.1426562   .0480889    -2.97   0.005    -.2402818   -.0450305
                 |
   treat#topic_t |
            1 1  |  -.0043487   .0534079    -0.08   0.936    -.1127725    .1040751
                 |
        topic_id |
daylight_saving  |          0  (omitted)
  death_penalty  |   .2909412   .0445575     6.53   0.000     .2004845    .3813978
  immunizations  |   .2216108    .039487     5.61   0.000      .141448    .3017736
 rename_schools  |   .1074141   .0487714     2.20   0.034     .0084029    .2064253
                 |
           _cons |   .3706897   .0328188    11.30   0.000      .304064    .4373153
----------------------------------------------------------------------------------

.         eststo
(est1 stored)

.         qui sum express_d if treat == 0 & private_ == 1 & topic_t == 0 

.         estadd scalar Cmean = r(mean)

added scalar:
              e(Cmean) =  .37068966

.         estadd scalar Csd = r(sd)

added scalar:
                e(Csd) =  .48508489

.         distinct(survey_id) if private_ == 1 

           |        Observations
           |      total   distinct
-----------+----------------------
 survey_id |        989        330

.         estadd scalar ids = round(r(ndistinct),1)

added scalar:
                e(ids) =  330

. 
. reg express_d i.treat##i.topic_t guesses_norm i.topic_id if private_ == 1, cluster(zoom_id)
note: 2.topic_id omitted because of collinearity.

Linear regression                               Number of obs     =        989
                                                F(7, 35)          =       7.49
                                                Prob > F          =     0.0000
                                                R-squared         =     0.0396
                                                Root MSE          =     .48045

                                   (Std. err. adjusted for 36 clusters in zoom_id)
----------------------------------------------------------------------------------
                 |               Robust
       express_d | Coefficient  std. err.      t    P>|t|     [95% conf. interval]
-----------------+----------------------------------------------------------------
         1.treat |  -.0063812   .0510124    -0.13   0.901    -.1099419    .0971796
       1.topic_t |  -.1273447   .0548412    -2.32   0.026    -.2386781   -.0160112
                 |
   treat#topic_t |
            1 1  |  -.0043982   .0537729    -0.08   0.935     -.113563    .1047666
                 |
    guesses_norm |   .0009817    .001068     0.92   0.364    -.0011865    .0031499
                 |
        topic_id |
daylight_saving  |          0  (omitted)
  death_penalty  |   .2756552   .0495366     5.56   0.000     .1750904    .3762199
  immunizations  |   .2007186   .0430231     4.67   0.000      .113377    .2880602
 rename_schools  |   .1025181   .0485412     2.11   0.042     .0039743    .2010619
                 |
           _cons |   .2995149   .0947601     3.16   0.003     .1071418    .4918881
----------------------------------------------------------------------------------

.         eststo
(est2 stored)

.         qui sum express_d if treat == 0 & private_ == 1 & topic_t == 0 

.         estadd scalar Cmean = r(mean)

added scalar:
              e(Cmean) =  .37068966

.         estadd scalar Csd = r(sd)

added scalar:
                e(Csd) =  .48508489

.         distinct(survey_id) if private_ == 1 

           |        Observations
           |      total   distinct
-----------+----------------------
 survey_id |        989        330

.         estadd scalar ids = round(r(ndistinct),1)

added scalar:
                e(ids) =  330

. 
. reg express_d i.treat##i.topic_t guesses_norm i.topic_id `session_controls' if private_ == 1, cluste
> r(zoom_id)
note: 2.topic_id omitted because of collinearity.

Linear regression                               Number of obs     =        989
                                                F(15, 35)         =       6.67
                                                Prob > F          =     0.0000
                                                R-squared         =     0.0692
                                                Root MSE          =     .47492

                                   (Std. err. adjusted for 36 clusters in zoom_id)
----------------------------------------------------------------------------------
                 |               Robust
       express_d | Coefficient  std. err.      t    P>|t|     [95% conf. interval]
-----------------+----------------------------------------------------------------
         1.treat |  -.0032356    .048599    -0.07   0.947    -.1018968    .0954257
       1.topic_t |  -.1276299   .0545639    -2.34   0.025    -.2384006   -.0168592
                 |
   treat#topic_t |
            1 1  |  -.0052626    .051374    -0.10   0.919    -.1095573     .099032
                 |
    guesses_norm |   .0007451   .0010476     0.71   0.482    -.0013816    .0028717
                 |
        topic_id |
daylight_saving  |          0  (omitted)
  death_penalty  |   .2763085   .0503349     5.49   0.000     .1741231    .3784938
  immunizations  |    .203395   .0440338     4.62   0.000     .1140016    .2927884
 rename_schools  |   .1096848   .0517255     2.12   0.041     .0046765    .2146931
                 |
      group_size |  -.0074695   .0166964    -0.45   0.657     -.041365     .026426
  2.session_time |    .045838   .0352829     1.30   0.202    -.0257902    .1174661
                 |
       moderator |
              2  |  -.0370058   .0410896    -0.90   0.374    -.1204221    .0464106
              3  |   .0425379   .0521204     0.82   0.420    -.0632721    .1483479
                 |
            week |
              1  |   .1721216   .0646789     2.66   0.012     .0408165    .3034267
              2  |   .0298806   .0815704     0.37   0.716    -.1357162    .1954774
              3  |   .0008953   .0744595     0.01   0.990    -.1502654    .1520561
              4  |   .1560814    .079693     1.96   0.058     -.005704    .3178667
                 |
           _cons |   .2747116   .2211571     1.24   0.222    -.1742612    .7236844
----------------------------------------------------------------------------------

.         eststo
(est3 stored)

.         qui sum express_d if treat == 0 & private_ == 1 & topic_t == 0 

.         estadd scalar Cmean = r(mean)

added scalar:
              e(Cmean) =  .37068966

.         estadd scalar Csd = r(sd)

added scalar:
                e(Csd) =  .48508489

.         distinct(survey_id) if private_ == 1 

           |        Observations
           |      total   distinct
-----------+----------------------
 survey_id |        989        330

.         estadd scalar ids = round(r(ndistinct),1)

added scalar:
                e(ids) =  330

. 
. reg express_d i.treat##i.topic_t guesses_norm i.topic_id `session_controls' `ind_controls' if privat
> e_ == 1, cluster(zoom_id)
note: 2.topic_id omitted because of collinearity.

Linear regression                               Number of obs     =        989
                                                F(29, 35)         =          .
                                                Prob > F          =          .
                                                R-squared         =     0.0961
                                                Root MSE          =     .47167

                                   (Std. err. adjusted for 36 clusters in zoom_id)
----------------------------------------------------------------------------------
                 |               Robust
       express_d | Coefficient  std. err.      t    P>|t|     [95% conf. interval]
-----------------+----------------------------------------------------------------
         1.treat |   -.026771   .0505754    -0.53   0.600    -.1294445    .0759026
       1.topic_t |  -.1510096   .0506461    -2.98   0.005    -.2538267   -.0481924
                 |
   treat#topic_t |
            1 1  |   .0140817   .0510968     0.28   0.784    -.0896502    .1178137
                 |
    guesses_norm |    .000861   .0011214     0.77   0.448    -.0014155    .0031375
                 |
        topic_id |
daylight_saving  |          0  (omitted)
  death_penalty  |   .2915218   .0517316     5.64   0.000      .186501    .3965427
  immunizations  |    .220434   .0439868     5.01   0.000     .1311361    .3097319
 rename_schools  |    .103299   .0521183     1.98   0.055    -.0025068    .2091049
                 |
      group_size |  -.0085768   .0157885    -0.54   0.590    -.0406291    .0234755
  2.session_time |   .0518792   .0334358     1.55   0.130     -.015999    .1197574
                 |
       moderator |
              2  |  -.0400289   .0469741    -0.85   0.400    -.1353915    .0553337
              3  |   .0542717   .0460528     1.18   0.247    -.0392203    .1477638
                 |
            week |
              1  |   .1867395   .0594254     3.14   0.003     .0660994    .3073795
              2  |   .0361839   .0700959     0.52   0.609    -.1061184    .1784863
              3  |   .0048708   .0736865     0.07   0.948    -.1447207    .1544623
              4  |   .1787105   .0739738     2.42   0.021     .0285358    .3288852
                 |
          gender |
              2  |   .0259755   .0494822     0.52   0.603    -.0744788    .1264297
              4  |   .3727424   .1041058     3.58   0.001     .1613965    .5840884
              5  |   .2076496   .1071625     1.94   0.061    -.0099017     .425201
              6  |  -.0480081   .2146158    -0.22   0.824    -.4837014    .3876852
                 |
            race |
              3  |  -.0209502   .1548732    -0.14   0.893    -.3353596    .2934592
              4  |   .0169857    .037388     0.45   0.652    -.0589159    .0928873
              6  |  -.0567076   .0442493    -1.28   0.208    -.1465384    .0331233
              7  |  -.0253132   .1168953    -0.22   0.830    -.2626233    .2119969
                 |
            year |   .0101264   .0127298     0.80   0.432    -.0157165    .0359693
                 |
        ideology |
              2  |    .069603   .0597385     1.17   0.252    -.0516727    .1908787
              3  |   -.067504   .0631745    -1.07   0.293    -.1957552    .0607471
              4  |  -.0546743   .0816905    -0.67   0.508    -.2205148    .1111662
              5  |   .0516903   .1128048     0.46   0.650    -.1773155    .2806961
              6  |   .0703867   .1263995     0.56   0.581    -.1862179    .3269912
              9  |  -.0669214   .0923711    -0.72   0.474    -.2544448    .1206019
                 |
           _cons |    .216379   .2107502     1.03   0.312    -.2114666    .6442245
----------------------------------------------------------------------------------

.         eststo
(est4 stored)

.         qui sum express_d if treat == 0 & private_ == 1 & topic_t == 0 

.         estadd scalar Cmean = r(mean)

added scalar:
              e(Cmean) =  .37068966

.         estadd scalar Csd = r(sd)

added scalar:
                e(Csd) =  .48508489

.         distinct(survey_id) if private_ == 1 

           |        Observations
           |      total   distinct
-----------+----------------------
 survey_id |        989        330

.         estadd scalar ids = round(r(ndistinct),1)

added scalar:
                e(ids) =  330

. 
. logit express_d i.treat##i.topic_t guesses_norm i.topic_id `session_controls' `ind_controls' if priv
> ate_ == 1, cluster(zoom_id)

note: 2.topic_id omitted because of collinearity.
Iteration 0:  Log pseudolikelihood = -662.40507  
Iteration 1:  Log pseudolikelihood = -613.08572  
Iteration 2:  Log pseudolikelihood = -612.72135  
Iteration 3:  Log pseudolikelihood = -612.72128  
Iteration 4:  Log pseudolikelihood = -612.72128  

Logistic regression                                     Number of obs =    989
                                                        Wald chi2(29) =      .
                                                        Prob > chi2   =      .
Log pseudolikelihood = -612.72128                       Pseudo R2     = 0.0750

                                   (Std. err. adjusted for 36 clusters in zoom_id)
----------------------------------------------------------------------------------
                 |               Robust
       express_d | Coefficient  std. err.      z    P>|z|     [95% conf. interval]
-----------------+----------------------------------------------------------------
         1.treat |  -.1252895   .2297917    -0.55   0.586    -.5756731     .325094
       1.topic_t |  -.7735036   .2613036    -2.96   0.003    -1.285649   -.2613579
                 |
   treat#topic_t |
            1 1  |   .0738453   .2315112     0.32   0.750    -.3799082    .5275989
                 |
    guesses_norm |   .0040075   .0052224     0.77   0.443    -.0062282    .0142433
                 |
        topic_id |
daylight_saving  |          0  (omitted)
  death_penalty  |   1.379876   .2576589     5.36   0.000     .8748737    1.884878
  immunizations  |   1.074074   .2337987     4.59   0.000     .6158371    1.532311
 rename_schools  |   .5440828   .2719898     2.00   0.045     .0109925    1.077173
                 |
      group_size |  -.0375839   .0731855    -0.51   0.608    -.1810248    .1058571
  2.session_time |   .2315922   .1552421     1.49   0.136    -.0726768    .5358611
                 |
       moderator |
              2  |  -.1877997   .2163387    -0.87   0.385    -.6118158    .2362164
              3  |   .2396302   .2115765     1.13   0.257    -.1750522    .6543125
                 |
            week |
              1  |   .8625542    .302814     2.85   0.004     .2690496    1.456059
              2  |   .1886175   .3515802     0.54   0.592    -.5004671    .8777021
              3  |   .0451751   .3673106     0.12   0.902    -.6747404    .7650906
              4  |   .8309597   .3619434     2.30   0.022     .1215637    1.540356
                 |
          gender |
              2  |    .114042   .2259922     0.50   0.614    -.3288945    .5569785
              4  |   1.636243   .4591931     3.56   0.000     .7362409    2.536245
              5  |   .9174523   .4769148     1.92   0.054    -.0172835    1.852188
              6  |  -.2353697   1.032797    -0.23   0.820    -2.259614    1.788875
                 |
            race |
              3  |  -.1004202   .7269744    -0.14   0.890    -1.525264    1.324423
              4  |   .0705829   .1712117     0.41   0.680    -.2649859    .4061517
              6  |  -.2570388   .2004358    -1.28   0.200    -.6498857     .135808
              7  |  -.1258333   .5320129    -0.24   0.813    -1.168559    .9168928
                 |
            year |   .0467224   .0580973     0.80   0.421    -.0671462    .1605909
                 |
        ideology |
              2  |   .3149992   .2698256     1.17   0.243    -.2138492    .8438476
              3  |  -.3209415   .2928221    -1.10   0.273    -.8948623    .2529792
              4  |  -.2455885    .371003    -0.66   0.508     -.972741    .4815641
              5  |   .2267985   .4980357     0.46   0.649    -.7493336    1.202931
              6  |   .3078491   .5466177     0.56   0.573    -.7635019      1.3792
              9  |  -.2893208     .41123    -0.70   0.482    -1.095317    .5166753
                 |
           _cons |  -1.284773   .9814821    -1.31   0.191    -3.208442    .6388969
----------------------------------------------------------------------------------

.         eststo
(est5 stored)

.         qui sum express_d if treat == 0 & private_ == 1 & topic_t == 0 

.         estadd scalar Cmean = r(mean)

added scalar:
              e(Cmean) =  .37068966

.         estadd scalar Csd = r(sd)

added scalar:
                e(Csd) =  .48508489

.         distinct(survey_id) if private_ == 1 

           |        Observations
           |      total   distinct
-----------+----------------------
 survey_id |        989        330

.         estadd scalar ids = round(r(ndistinct),1)

added scalar:
                e(ids) =  330

. 
. esttab using "$output/ols_expression_majority_did.tex", ///
> se lab stats(Cmean Csd ids N,labels("Mean" "SD" "IDs" "Obs")) keep(1.treat 1.topic_t 1.treat#1.topic
> _t) star( * 0.1 ** 0.05 *** 0.01) ///
> varwidth(32) wrap compress nogap noconstant replace ///
> title("TC_expression") //indicate("Individual Controls =  gender")
(file /Users/yihong/Desktop/Silence Replicate Final/Output/ols_expression_majority_did.tex not
    found)
(output written to /Users/yihong/Desktop/Silence Replicate Final/Output/ols_expression_majority_did.te
> x)

. 
. 
end of do-file

. do "$code/Table D14.do"

. ******** Recall and Changes in Beliefs *******
. 
. use "$data/TC_cleaned.dta", clear
(TC_cleaned -- de-identified 21 Aug 2026)

. 
. foreach var in rename_schools affirmative_action death_penalty immunizations daylight_saving{
  2.         gen att_silence_`var' = 0
  3.         forval i = 1/36{ 
  4.                 quietly count if e_`var' == . & zoom_id == `i'
  5.                 local n_s_`i' = r(N)
  6.                 replace att_silence_`var' = 1 if abs(recall_`var'_s - `n_s_`i'')<=1  & zoom_id ==
>  `i'
  7.         }
  8. }
(1 real change made)
(4 real changes made)
(5 real changes made)
(7 real changes made)
(7 real changes made)
(5 real changes made)
(7 real changes made)
(3 real changes made)
(3 real changes made)
(7 real changes made)
(7 real changes made)
(6 real changes made)
(3 real changes made)
(9 real changes made)
(10 real changes made)
(7 real changes made)
(2 real changes made)
(4 real changes made)
(3 real changes made)
(5 real changes made)
(3 real changes made)
(9 real changes made)
(8 real changes made)
(5 real changes made)
(3 real changes made)
(6 real changes made)
(6 real changes made)
(5 real changes made)
(6 real changes made)
(0 real changes made)
(5 real changes made)
(7 real changes made)
(4 real changes made)
(6 real changes made)
(6 real changes made)
(6 real changes made)
(1 real change made)
(5 real changes made)
(4 real changes made)
(7 real changes made)
(7 real changes made)
(9 real changes made)
(7 real changes made)
(6 real changes made)
(0 real changes made)
(8 real changes made)
(9 real changes made)
(5 real changes made)
(4 real changes made)
(7 real changes made)
(6 real changes made)
(7 real changes made)
(2 real changes made)
(5 real changes made)
(2 real changes made)
(6 real changes made)
(3 real changes made)
(5 real changes made)
(7 real changes made)
(5 real changes made)
(3 real changes made)
(5 real changes made)
(7 real changes made)
(6 real changes made)
(8 real changes made)
(1 real change made)
(7 real changes made)
(6 real changes made)
(6 real changes made)
(5 real changes made)
(4 real changes made)
(3 real changes made)
(7 real changes made)
(5 real changes made)
(5 real changes made)
(5 real changes made)
(6 real changes made)
(6 real changes made)
(7 real changes made)
(4 real changes made)
(8 real changes made)
(7 real changes made)
(9 real changes made)
(3 real changes made)
(6 real changes made)
(8 real changes made)
(10 real changes made)
(8 real changes made)
(7 real changes made)
(6 real changes made)
(1 real change made)
(6 real changes made)
(3 real changes made)
(7 real changes made)
(10 real changes made)
(6 real changes made)
(7 real changes made)
(7 real changes made)
(5 real changes made)
(3 real changes made)
(7 real changes made)
(0 real changes made)
(7 real changes made)
(7 real changes made)
(3 real changes made)
(6 real changes made)
(3 real changes made)
(4 real changes made)
(6 real changes made)
(5 real changes made)
(4 real changes made)
(5 real changes made)
(5 real changes made)
(6 real changes made)
(7 real changes made)
(5 real changes made)
(4 real changes made)
(7 real changes made)
(7 real changes made)
(5 real changes made)
(4 real changes made)
(6 real changes made)
(6 real changes made)
(7 real changes made)
(0 real changes made)
(0 real changes made)
(6 real changes made)
(5 real changes made)
(1 real change made)
(6 real changes made)
(0 real changes made)
(7 real changes made)
(5 real changes made)
(8 real changes made)
(6 real changes made)
(6 real changes made)
(4 real changes made)
(0 real changes made)
(5 real changes made)
(5 real changes made)
(6 real changes made)
(6 real changes made)
(5 real changes made)
(4 real changes made)
(6 real changes made)
(1 real change made)
(7 real changes made)
(3 real changes made)
(4 real changes made)
(5 real changes made)
(3 real changes made)
(4 real changes made)
(2 real changes made)
(6 real changes made)
(10 real changes made)
(6 real changes made)
(3 real changes made)
(5 real changes made)
(5 real changes made)
(4 real changes made)
(2 real changes made)
(2 real changes made)
(2 real changes made)
(3 real changes made)
(5 real changes made)
(8 real changes made)
(0 real changes made)
(7 real changes made)
(1 real change made)
(3 real changes made)
(6 real changes made)
(5 real changes made)
(5 real changes made)
(1 real change made)
(5 real changes made)
(5 real changes made)
(3 real changes made)
(6 real changes made)
(3 real changes made)
(6 real changes made)

. 
. foreach var in rename_schools affirmative_action death_penalty immunizations daylight_saving{
  2.         gen frac_`var'_s_a = recall_`var'_s_a/recall_`var'_s
  3.         preserve
  4.         drop if frac_`var'_s_a > 1 
  5.         sum frac_`var'_s_a if treat == 1
  6.         restore
  7. }
(3 missing values generated)
(6 observations deleted)

    Variable |        Obs        Mean    Std. dev.       Min        Max
-------------+---------------------------------------------------------
frac_renam~a |        165    .4308081    .1727847          0          1
(2 missing values generated)
(7 observations deleted)

    Variable |        Obs        Mean    Std. dev.       Min        Max
-------------+---------------------------------------------------------
frac_affir~a |        162    .5030784    .1821333          0          1
(8 missing values generated)
(22 observations deleted)

    Variable |        Obs        Mean    Std. dev.       Min        Max
-------------+---------------------------------------------------------
frac_death~a |        156    .6238782    .2247914          0          1
(48 missing values generated)
(65 observations deleted)

    Variable |        Obs        Mean    Std. dev.       Min        Max
-------------+---------------------------------------------------------
frac_immun~a |        128    .7387928    .2193074          0          1
(17 missing values generated)
(31 observations deleted)

    Variable |        Obs        Mean    Std. dev.       Min        Max
-------------+---------------------------------------------------------
frac_dayli~a |        152    .7554172     .194612          0          1

. * Define those to be sophisticated if they infer that the %Agree among silence is smaller than the %
> Agree among the expressed sample (first movers summary stats)
. gen soph1_rename_schools = 0 

. replace soph1_rename_schools = 1 if frac_rename_schools_s_a < 0.58
(231 real changes made)

. 
. gen soph1_affirmative_action = 0 

. replace soph1_affirmative_action = 1 if frac_affirmative_action_s_a < 0.58
(231 real changes made)

. 
. gen soph1_death_penalty = 0 

. replace soph1_death_penalty = 1 if frac_death_penalty_s_a < 0.69
(182 real changes made)

. 
. gen soph1_immunizations = 0 

. replace soph1_immunizations = 1 if frac_immunizations_s_a < 0.92
(199 real changes made)

. 
. 
. * Alternative way of defning sophistication
. gen soph2_rename_schools = 0 

. replace soph2_rename_schools = 1 if frac_rename_schools_s_a < 0.6
(232 real changes made)

. 
. gen soph2_affirmative_action = 0 

. replace soph2_affirmative_action = 1 if frac_affirmative_action_s_a < 0.5
(137 real changes made)

. 
. gen soph2_death_penalty = 0 

. replace soph2_death_penalty = 1 if frac_death_penalty_s_a < 0.55
(97 real changes made)

. 
. gen soph2_immunizations = 0 

. replace soph2_immunizations = 1 if frac_immunizations_s_a < 0.8
(142 real changes made)

. 
. 
. ******** Heterogeneity Table *******
. 
. keep *rename_schools *affirmative_action *death_penalty *immunizations ///
>          treat e_* soph* gender race year major ideology survey_id zoom_id moderator week group_size
>  session_time

.           
. foreach var in rename_schools affirmative_action death_penalty immunizations {
  2.         rename guesses_`var' guesses_b_`var'
  3. }

. 
. reshape long private_ guesses_b_ guesses_m_ guesses_e_ soph1_ soph2_, i(survey_id) j(topic) string
(j = affirmative_action death_penalty immunizations rename_schools)

Data                               Wide   ->   Long
-----------------------------------------------------------------------------
Number of observations              333   ->   1,332       
Number of variables                  57   ->   40          
j variable (4 values)                     ->   topic
xij variables:
private_affirmative_action private_death_penalty ... private_rename_schools->private_
guesses_b_affirmative_action guesses_b_death_penalty ... guesses_b_rename_schools->guesses_b_
guesses_m_affirmative_action guesses_m_death_penalty ... guesses_m_rename_schools->guesses_m_
guesses_e_affirmative_action guesses_e_death_penalty ... guesses_e_rename_schools->guesses_e_
soph1_affirmative_action soph1_death_penalty ... soph1_rename_schools->soph1_
soph2_affirmative_action soph2_death_penalty ... soph2_rename_schools->soph2_
-----------------------------------------------------------------------------

. encode topic, generate(topic_id)

. 
. gen treat_private = treat*private_
(7 missing values generated)

. 
. gen treat_soph1_ = treat*soph1_

. 
. gen treat_soph2_ = treat*soph2_

. 
. gen female = 0

. replace female = 1 if gender == 2
(932 real changes made)

. 
. gen asian = 0 

. replace asian = 1 if race == 2
(732 real changes made)

. 
. gen white = 0 

. replace white = 1 if race == 6
(284 real changes made)

. 
. gen ideology_l = 0 

. replace ideology_l = 1 if ideology <= 3
(940 real changes made)

. 
. gen senior = 0 

. replace senior = 1 if year >=4
(596 real changes made)

. 
. gen social_science = 0 

. replace social_science = 1 if major == 13
(352 real changes made)

. 
. gen treat_female = treat*female 

. gen treat_asian = treat*asian

. gen treat_white = treat*white

. gen treat_liberal = treat*ideology_l

. gen treat_senior = treat*senior

. gen treat_ss = treat*social_science

. 
. label var treat_private "Treat x Private Agree"

. label var treat_soph1_ "Treat x Soph1"

. label var treat_soph2_ "Treat x Soph2"

. label var treat_female "Treat x Female"

. label var treat_asian "Treat x Asian"

. label var treat_white "Treat x White"

. label var treat_liberal "Treat x Liberal"

. label var treat_senior "Treat x Senior"

. label var treat_ss "Treat x Social Science"

. 
. local ind_controls i.gender i.race i.year i.ideology i.major

. local session_controls group_size i.session_time i.moderator i.week

. 
. eststo clear

. reg guesses_m_ treat private_ treat_private guesses_b_ i.topic_id `ind_controls', cluster(survey_id)

Linear regression                               Number of obs     =      1,325
                                                F(32, 332)        =          .
                                                Prob > F          =          .
                                                R-squared         =     0.4537
                                                Root MSE          =     13.357

                               (Std. err. adjusted for 333 clusters in survey_id)
---------------------------------------------------------------------------------
                |               Robust
     guesses_m_ | Coefficient  std. err.      t    P>|t|     [95% conf. interval]
----------------+----------------------------------------------------------------
          treat |  -7.335636    1.35685    -5.41   0.000    -10.00474   -4.666528
       private_ |   2.656348   1.130382     2.35   0.019     .4327327    4.879963
  treat_private |   1.083978   1.527807     0.71   0.479    -1.921424    4.089379
     guesses_b_ |   .1154493   .0249517     4.63   0.000      .066366    .1645326
                |
       topic_id |
 death_penalty  |   10.14929   .9387232    10.81   0.000     8.302693    11.99588
 immunizations  |   21.72956   1.204013    18.05   0.000     19.36111    24.09802
rename_schools  |  -1.157236   .7987854    -1.45   0.148    -2.728554    .4140832
                |
         gender |
             2  |  -.3499073    1.15151    -0.30   0.761    -2.615084    1.915269
             4  |   -22.2528   2.674878    -8.32   0.000    -27.51464   -16.99095
             5  |   .5008449   1.922636     0.26   0.795    -3.281239    4.282929
             6  |  -4.572306   5.054497    -0.90   0.366    -14.51518    5.370573
                |
           race |
             3  |   2.793396    1.74695     1.60   0.111    -.6430896    6.229882
             4  |  -1.748565   1.309886    -1.33   0.183    -4.325288    .8281573
             6  |  -.0351537   1.253292    -0.03   0.978    -2.500549    2.430241
             7  |  -3.077803   2.250936    -1.37   0.172    -7.505698    1.350091
                |
           year |
             2  |  -1.022048   1.633049    -0.63   0.532    -4.234475    2.190379
             3  |   2.534838   1.461905     1.73   0.084    -.3409259    5.410601
             4  |   .8434771   1.425988     0.59   0.555    -1.961633    3.648587
             5  |    2.56732   1.746947     1.47   0.143    -.8691594      6.0038
             6  |   -.426087   1.993241    -0.21   0.831    -4.347061    3.494887
                |
       ideology |
             2  |   .4202441   1.051646     0.40   0.690    -1.648486    2.488974
             3  |  -1.425801     1.5229    -0.94   0.350    -4.421551    1.569948
             4  |  -2.459324   1.499991    -1.64   0.102    -5.410009    .4913618
             5  |  -.6231982   2.445057    -0.25   0.799    -5.432955    4.186559
             6  |  -.9196831   3.473401    -0.26   0.791    -7.752332    5.912966
             9  |    2.91918   1.922328     1.52   0.130    -.8622991    6.700659
                |
          major |
             2  |  -.2408792   3.206204    -0.08   0.940    -6.547916    6.066158
             7  |  -.2978159   3.686184    -0.08   0.936    -7.549037    6.953405
             9  |  -.8037246   3.200682    -0.25   0.802    -7.099898    5.492449
            10  |  -2.071216   3.417824    -0.61   0.545    -8.794537    4.652106
            11  |   1.300711   3.265361     0.40   0.691    -5.122696    7.724118
            13  |   .4073329    3.14189     0.13   0.897    -5.773189    6.587855
            15  |   2.657226   3.345703     0.79   0.428    -3.924224    9.238675
                |
          _cons |   50.48376   4.310685    11.71   0.000     42.00406    58.96346
---------------------------------------------------------------------------------

.         eststo
(est1 stored)

.         qui sum guesses_m_ if treat == 0 

.         estadd scalar Cmean = r(mean)

added scalar:
              e(Cmean) =  66.731928

.         estadd scalar Csd = r(sd)

added scalar:
                e(Csd) =  17.113157

.         distinct(survey_id)

           |        Observations
           |      total   distinct
-----------+----------------------
 survey_id |       1332        333

.         estadd scalar ids = round(r(ndistinct),1)

added scalar:
                e(ids) =  333

. 
. 
. reg guesses_m_ treat soph1_ treat_soph1_ guesses_b_ i.topic_id `ind_controls', cluster(survey_id)

Linear regression                               Number of obs     =      1,332
                                                F(32, 332)        =          .
                                                Prob > F          =          .
                                                R-squared         =     0.4477
                                                Root MSE          =     13.429

                               (Std. err. adjusted for 333 clusters in survey_id)
---------------------------------------------------------------------------------
                |               Robust
     guesses_m_ | Coefficient  std. err.      t    P>|t|     [95% conf. interval]
----------------+----------------------------------------------------------------
          treat |  -6.394139   1.382905    -4.62   0.000      -9.1145   -3.673778
         soph1_ |  -1.016608   1.094978    -0.93   0.354    -3.170578    1.137362
   treat_soph1_ |  -.4722036   1.646251    -0.29   0.774    -3.710601    2.766193
     guesses_b_ |   .1344709   .0246771     5.45   0.000     .0859276    .1830141
                |
       topic_id |
 death_penalty  |   10.11962   .9520043    10.63   0.000     8.246899    11.99234
 immunizations  |   22.19156   1.215489    18.26   0.000     19.80053    24.58259
rename_schools  |  -1.458336   .8030969    -1.82   0.070    -3.038136    .1214645
                |
         gender |
             2  |  -.1099111   1.146657    -0.10   0.924    -2.365541    2.145719
             4  |  -23.28553    2.90817    -8.01   0.000    -29.00629   -17.56476
             5  |    .538409   1.908713     0.28   0.778    -3.216287    4.293105
             6  |  -2.104889    5.23137    -0.40   0.688     -12.3957    8.185922
                |
           race |
             3  |   3.021944    1.76894     1.71   0.089    -.4577999    6.501687
             4  |  -1.689868   1.306872    -1.29   0.197    -4.260662    .8809267
             6  |   -.285487   1.265004    -0.23   0.822     -2.77392    2.202946
             7  |  -2.936777   2.207881    -1.33   0.184    -7.279978    1.406423
                |
           year |
             2  |  -.8541093    1.60128    -0.53   0.594    -4.004043    2.295825
             3  |   2.797691   1.453128     1.93   0.055     -.060807    5.656189
             4  |   1.012026   1.419457     0.71   0.476    -1.780238     3.80429
             5  |   2.794902   1.742402     1.60   0.110    -.6326392    6.222442
             6  |  -.2979854   1.975682    -0.15   0.880    -4.184418    3.588447
                |
       ideology |
             2  |  -.0612208   1.074255    -0.06   0.955    -2.174426    2.051984
             3  |  -2.213134   1.549871    -1.43   0.154     -5.26194    .8356726
             4  |  -3.675613   1.502017    -2.45   0.015    -6.630283   -.7209432
             5  |  -1.749588    2.38069    -0.73   0.463    -6.432727     2.93355
             6  |  -2.721182   3.577698    -0.76   0.447    -9.758998    4.316634
             9  |   3.281737   2.105378     1.56   0.120    -.8598265    7.423301
                |
          major |
             2  |  -.2228337   3.001943    -0.07   0.941    -6.128061    5.682394
             7  |  -.8881021   3.512214    -0.25   0.801    -7.797102    6.020898
             9  |  -.6948979   3.013525    -0.23   0.818    -6.622909    5.233113
            10  |  -2.130228   3.233536    -0.66   0.510    -8.491031    4.230575
            11  |   1.216617   3.051851     0.40   0.690    -4.786787     7.22002
            13  |   .7294362   2.938333     0.25   0.804    -5.050663    6.509535
            15  |   2.895555   3.194694     0.91   0.365    -3.388838    9.179949
                |
          _cons |   51.73849   4.131821    12.52   0.000     43.61065    59.86634
---------------------------------------------------------------------------------

.         eststo
(est2 stored)

.         qui sum guesses_m_ if treat == 0 

.         estadd scalar Cmean = r(mean)

added scalar:
              e(Cmean) =  66.731928

.         estadd scalar Csd = r(sd)

added scalar:
                e(Csd) =  17.113157

.         distinct(survey_id)

           |        Observations
           |      total   distinct
-----------+----------------------
 survey_id |       1332        333

.         estadd scalar ids = round(r(ndistinct),1)

added scalar:
                e(ids) =  333

. 
. reg guesses_m_ treat soph2_ treat_soph2_ guesses_b_ i.topic_id `ind_controls', cluster(survey_id)

Linear regression                               Number of obs     =      1,332
                                                F(32, 332)        =          .
                                                Prob > F          =          .
                                                R-squared         =     0.4532
                                                Root MSE          =     13.362

                               (Std. err. adjusted for 333 clusters in survey_id)
---------------------------------------------------------------------------------
                |               Robust
     guesses_m_ | Coefficient  std. err.      t    P>|t|     [95% conf. interval]
----------------+----------------------------------------------------------------
          treat |  -5.539075   1.176684    -4.71   0.000     -7.85377   -3.224379
         soph2_ |  -1.694238   1.123426    -1.51   0.132    -3.904169    .5156919
   treat_soph2_ |  -2.325329   1.566586    -1.48   0.139    -5.407016    .7563582
     guesses_b_ |   .1336141   .0243331     5.49   0.000     .0857477    .1814805
                |
       topic_id |
 death_penalty  |   9.972845   .9575454    10.42   0.000     8.089224    11.85647
 immunizations  |   22.31647   1.221465    18.27   0.000     19.91368    24.71926
rename_schools  |  -.6208484    .847565    -0.73   0.464    -2.288123    1.046426
                |
         gender |
             2  |  -.0572393   1.133884    -0.05   0.960    -2.287742    2.173264
             4  |  -23.61382   2.873918    -8.22   0.000    -29.26721   -17.96044
             5  |   .7864783   1.895396     0.41   0.678    -2.942022    4.514978
             6  |  -2.358521   5.031375    -0.47   0.640    -12.25592    7.538873
                |
           race |
             3  |   3.055469   1.762248     1.73   0.084    -.4111106    6.522048
             4  |  -1.555735    1.30834    -1.19   0.235    -4.129416    1.017947
             6  |  -.3190546   1.254643    -0.25   0.799    -2.787107    2.148998
             7  |  -3.074724   2.118784    -1.45   0.148    -7.242659     1.09321
                |
           year |
             2  |  -1.033411   1.586585    -0.65   0.515    -4.154438    2.087615
             3  |   2.859461   1.458639     1.96   0.051    -.0098789      5.7288
             4  |   .8196717   1.415427     0.58   0.563    -1.964664    3.604007
             5  |   2.706618   1.737868     1.56   0.120    -.7120016    6.125239
             6  |  -.0598006   1.962193    -0.03   0.976      -3.9197    3.800099
                |
       ideology |
             2  |   .0030128   1.078832     0.00   0.998    -2.119195    2.125221
             3  |  -2.135706   1.540793    -1.39   0.167    -5.166654    .8952427
             4  |  -3.554267   1.476903    -2.41   0.017    -6.459534   -.6489996
             5  |  -1.371919   2.382745    -0.58   0.565    -6.059099    3.315262
             6  |  -2.347241   3.463903    -0.68   0.498    -9.161206    4.466725
             9  |   3.435712   2.084435     1.65   0.100     -.664652    7.536077
                |
          major |
             2  |   .0591069   2.895897     0.02   0.984    -5.637513    5.755727
             7  |  -.3220947   3.404805    -0.09   0.925    -7.019806    6.375616
             9  |  -.2829694   2.898788    -0.10   0.922    -5.985276    5.419338
            10  |  -1.817468   3.123252    -0.58   0.561    -7.961327    4.326391
            11  |    1.53866    2.94746     0.52   0.602    -4.259391    7.336711
            13  |    .918011   2.826379     0.32   0.746    -4.641859    6.477881
            15  |   3.241088   3.071022     1.06   0.292    -2.800027    9.282203
                |
          _cons |   51.32759   4.004468    12.82   0.000     43.45026    59.20492
---------------------------------------------------------------------------------

.         eststo
(est3 stored)

.         qui sum guesses_m_ if treat == 0 

.         estadd scalar Cmean = r(mean)

added scalar:
              e(Cmean) =  66.731928

.         estadd scalar Csd = r(sd)

added scalar:
                e(Csd) =  17.113157

.         distinct(survey_id)

           |        Observations
           |      total   distinct
-----------+----------------------
 survey_id |       1332        333

.         estadd scalar ids = round(r(ndistinct),1)

added scalar:
                e(ids) =  333

. 
. reg guesses_m_ treat private_ treat_female guesses_b_ i.topic_id `ind_controls', cluster(survey_id)

Linear regression                               Number of obs     =      1,325
                                                F(32, 332)        =          .
                                                Prob > F          =          .
                                                R-squared         =     0.4535
                                                Root MSE          =     13.359

                               (Std. err. adjusted for 333 clusters in survey_id)
---------------------------------------------------------------------------------
                |               Robust
     guesses_m_ | Coefficient  std. err.      t    P>|t|     [95% conf. interval]
----------------+----------------------------------------------------------------
          treat |  -7.065442   1.751805    -4.03   0.000    -10.51148   -3.619405
       private_ |   3.200679   .8507753     3.76   0.000      1.52709    4.874269
   treat_female |    .505991   2.040434     0.25   0.804    -3.507817    4.519799
     guesses_b_ |   .1161003   .0248845     4.67   0.000     .0671491    .1650515
                |
       topic_id |
 death_penalty  |   10.11447   .9395241    10.77   0.000     8.266301    11.96264
 immunizations  |   21.69456    1.20477    18.01   0.000     19.32461     24.0645
rename_schools  |   -1.17921   .8039582    -1.47   0.143    -2.760705     .402284
                |
         gender |
             2  |    -.63408   1.497102    -0.42   0.672    -3.579082    2.310922
             4  |  -22.00554   2.876933    -7.65   0.000    -27.66486   -16.34623
             5  |   .3890207   1.939175     0.20   0.841    -3.425599     4.20364
             6  |  -4.494164   5.001386    -0.90   0.370    -14.33256    5.344237
                |
           race |
             3  |   2.780187   1.758743     1.58   0.115    -.6794983    6.239871
             4  |  -1.730423   1.314477    -1.32   0.189    -4.316177    .8553301
             6  |  -.0236077   1.247806    -0.02   0.985    -2.478212    2.430996
             7  |  -3.048007   2.250295    -1.35   0.177    -7.474642    1.378628
                |
           year |
             2  |  -1.066593   1.654288    -0.64   0.520    -4.320801    2.187616
             3  |   2.536391   1.469702     1.73   0.085    -.3547122    5.427494
             4  |   .8281479   1.456111     0.57   0.570    -2.036219    3.692515
             5  |   2.524863   1.773411     1.42   0.155    -.9636766    6.013402
             6  |  -.4691781   2.019304    -0.23   0.816    -4.441421    3.503065
                |
       ideology |
             2  |   .4376901   1.056094     0.41   0.679     -1.63979     2.51517
             3  |  -1.409723   1.530476    -0.92   0.358    -4.420375     1.60093
             4  |  -2.473181   1.490768    -1.66   0.098    -5.405722    .4593611
             5  |  -.6274532    2.46217    -0.25   0.799    -5.470874    4.215967
             6  |  -1.000155   3.524474    -0.28   0.777    -7.933272    5.932962
             9  |   2.886307   1.938999     1.49   0.138     -.927966    6.700581
                |
          major |
             2  |  -.3123992    3.23523    -0.10   0.923    -6.676534    6.051736
             7  |  -.3060223   3.704193    -0.08   0.934     -7.59267    6.980626
             9  |  -.8982273   3.228465    -0.28   0.781    -7.249054      5.4526
            10  |  -2.123039   3.445137    -0.62   0.538    -8.900088    4.654011
            11  |   1.198958   3.298668     0.36   0.716    -5.289968    7.687883
            13  |     .34299   3.173581     0.11   0.914    -5.899873    6.585853
            15  |    2.52793   3.399745     0.74   0.458    -4.159829    9.215688
                |
          _cons |   50.43417   4.435932    11.37   0.000     41.70809    59.16025
---------------------------------------------------------------------------------

.         eststo
(est4 stored)

.         qui sum guesses_m_ if treat == 0 

.         estadd scalar Cmean = r(mean)

added scalar:
              e(Cmean) =  66.731928

.         estadd scalar Csd = r(sd)

added scalar:
                e(Csd) =  17.113157

.         distinct(survey_id)

           |        Observations
           |      total   distinct
-----------+----------------------
 survey_id |       1332        333

.         estadd scalar ids = round(r(ndistinct),1)

added scalar:
                e(ids) =  333

.         
. reg guesses_m_ treat private_ treat_asian guesses_b_ i.topic_id `ind_controls', cluster(survey_id)

Linear regression                               Number of obs     =      1,325
                                                F(32, 332)        =          .
                                                Prob > F          =          .
                                                R-squared         =     0.4555
                                                Root MSE          =     13.335

                               (Std. err. adjusted for 333 clusters in survey_id)
---------------------------------------------------------------------------------
                |               Robust
     guesses_m_ | Coefficient  std. err.      t    P>|t|     [95% conf. interval]
----------------+----------------------------------------------------------------
          treat |  -8.590589   1.418175    -6.06   0.000    -11.38033   -5.800848
       private_ |   3.257919   .8483398     3.84   0.000      1.58912    4.926718
    treat_asian |   3.335095   1.912327     1.74   0.082    -.4267101    7.096899
     guesses_b_ |   .1169327   .0250021     4.68   0.000     .0677501    .1661153
                |
       topic_id |
 death_penalty  |   10.09377    .938986    10.75   0.000     8.246653    11.94088
 immunizations  |   21.65642   1.205514    17.96   0.000     19.28501    24.02783
rename_schools  |   -1.17783    .803012    -1.47   0.143    -2.757463    .4018033
                |
         gender |
             2  |  -.4188209   1.157273    -0.36   0.718    -2.695333    1.857692
             4  |  -21.09913   2.840067    -7.43   0.000    -26.68593   -15.51234
             5  |   .2955031   1.943516     0.15   0.879    -3.527656    4.118662
             6  |  -5.551717   5.006454    -1.11   0.268    -15.40009    4.296655
                |
           race |
             3  |   4.164728   1.983545     2.10   0.037     .2628266     8.06663
             4  |  -.0639634   1.529606    -0.04   0.967    -3.072905    2.944978
             6  |   1.572366   1.396993     1.13   0.261    -1.175709     4.32044
             7  |  -.6330565   2.636641    -0.24   0.810    -5.819686    4.553573
                |
           year |
             2  |  -.9801182   1.643866    -0.60   0.551    -4.213824    2.253588
             3  |   2.379219   1.464715     1.62   0.105    -.5020725     5.26051
             4  |   .7022944   1.432483     0.49   0.624    -2.115593    3.520182
             5  |   2.390703   1.772141     1.35   0.178    -1.095337    5.876743
             6  |  -.4610375   1.927726    -0.24   0.811    -4.253135     3.33106
                |
       ideology |
             2  |   .6297249   1.048087     0.60   0.548    -1.432004    2.691454
             3  |   -1.27844   1.499709    -0.85   0.395    -4.228571    1.671691
             4  |  -2.328384   1.488822    -1.56   0.119    -5.257098    .6003294
             5  |  -.2696557     2.5002    -0.11   0.914    -5.187888    4.648576
             6  |  -1.367536    3.50434    -0.39   0.697    -8.261046    5.525975
             9  |   2.942783   1.962856     1.50   0.135    -.9184188    6.803985
                |
          major |
             2  |  -.5127788   3.169593    -0.16   0.872    -6.747796    5.722238
             7  |  -.5457211   3.585737    -0.15   0.879     -7.59935    6.507908
             9  |  -1.262664   3.158323    -0.40   0.690    -7.475513    4.950184
            10  |  -2.043459   3.377272    -0.61   0.546     -8.68701    4.600092
            11  |   1.056965   3.218226     0.33   0.743    -5.273719    7.387649
            13  |   .2886289   3.108382     0.09   0.926    -5.825979    6.403237
            15  |   2.387216   3.287219     0.73   0.468    -4.079187    8.853619
                |
          _cons |   49.52724   4.199556    11.79   0.000     41.26615    57.78833
---------------------------------------------------------------------------------

.         eststo
(est5 stored)

.         qui sum guesses_m_ if treat == 0 

.         estadd scalar Cmean = r(mean)

added scalar:
              e(Cmean) =  66.731928

.         estadd scalar Csd = r(sd)

added scalar:
                e(Csd) =  17.113157

.         distinct(survey_id)

           |        Observations
           |      total   distinct
-----------+----------------------
 survey_id |       1332        333

.         estadd scalar ids = round(r(ndistinct),1)

added scalar:
                e(ids) =  333

. 
. reg guesses_m_ treat private_ treat_white guesses_b_ i.topic_id `ind_controls', cluster(survey_id)

Linear regression                               Number of obs     =      1,325
                                                F(32, 332)        =          .
                                                Prob > F          =          .
                                                R-squared         =     0.4542
                                                Root MSE          =     13.351

                               (Std. err. adjusted for 333 clusters in survey_id)
---------------------------------------------------------------------------------
                |               Robust
     guesses_m_ | Coefficient  std. err.      t    P>|t|     [95% conf. interval]
----------------+----------------------------------------------------------------
          treat |  -6.208941   1.070235    -5.80   0.000    -8.314238   -4.103643
       private_ |   3.210691   .8479592     3.79   0.000     1.542641    4.878742
    treat_white |  -2.323869   2.337871    -0.99   0.321    -6.922776    2.275039
     guesses_b_ |   .1161059   .0249656     4.65   0.000     .0669952    .1652167
                |
       topic_id |
 death_penalty  |   10.11433   .9395126    10.77   0.000     8.266183    11.96248
 immunizations  |   21.69087   1.207436    17.96   0.000     19.31568    24.06606
rename_schools  |  -1.177616   .8035261    -1.47   0.144    -2.758261    .4030279
                |
         gender |
             2  |  -.3337884   1.152348    -0.29   0.772    -2.600613    1.933037
             4  |  -21.29458   3.061926    -6.95   0.000     -27.3178   -15.27136
             5  |   .3429448   1.920352     0.18   0.858    -3.434647    4.120536
             6  |  -4.550189   5.082459    -0.90   0.371    -14.54807    5.447694
                |
           race |
             3  |   2.851395   1.747178     1.63   0.104    -.5855407    6.288331
             4  |  -1.731048   1.311766    -1.32   0.188    -4.311469    .8493729
             6  |   1.043757   1.353294     0.77   0.441    -1.618356     3.70587
             7  |  -3.136683   2.247916    -1.40   0.164    -7.558637    1.285271
                |
           year |
             2  |  -.9779449   1.636968    -0.60   0.551    -4.198082    2.242193
             3  |   2.491541   1.453123     1.71   0.087    -.3669482     5.35003
             4  |   .8471605   1.424385     0.59   0.552    -1.954797    3.649118
             5  |    2.49475   1.749244     1.43   0.155    -.9462489    5.935749
             6  |  -.3140887   1.990401    -0.16   0.875    -4.229476    3.601298
                |
       ideology |
             2  |    .515434   1.058465     0.49   0.627    -1.566709    2.597577
             3  |  -1.357392   1.496143    -0.91   0.365    -4.300507    1.585723
             4  |  -2.348812   1.495339    -1.57   0.117    -5.290345    .5927214
             5  |  -.4790393   2.444614    -0.20   0.845    -5.287925    4.329846
             6  |  -1.145259    3.47831    -0.33   0.742    -7.987564    5.697047
             9  |     3.1405   1.955274     1.61   0.109     -.705787    6.986788
                |
          major |
             2  |  -.6411337   3.296004    -0.19   0.846    -7.124818    5.842551
             7  |  -.7248055   3.750901    -0.19   0.847    -8.103335    6.653724
             9  |  -1.430094    3.31273    -0.43   0.666    -7.946682    5.086494
            10  |  -2.532382   3.494568    -0.72   0.469    -9.406669    4.341905
            11  |   .8244082   3.353259     0.25   0.806    -5.771905    7.420721
            13  |   .0268006   3.240794     0.01   0.993    -6.348279     6.40188
            15  |   2.242924   3.409771     0.66   0.511    -4.464557    8.950404
                |
          _cons |   50.22273   4.280912    11.73   0.000     41.80159    58.64386
---------------------------------------------------------------------------------

.         eststo
(est6 stored)

.         qui sum guesses_m_ if treat == 0 

.         estadd scalar Cmean = r(mean)

added scalar:
              e(Cmean) =  66.731928

.         estadd scalar Csd = r(sd)

added scalar:
                e(Csd) =  17.113157

.         distinct(survey_id)

           |        Observations
           |      total   distinct
-----------+----------------------
 survey_id |       1332        333

.         estadd scalar ids = round(r(ndistinct),1)

added scalar:
                e(ids) =  333

. 
. reg guesses_m_ treat private_ treat_liberal guesses_b_ i.topic_id `ind_controls', cluster(survey_id)

Linear regression                               Number of obs     =      1,325
                                                F(32, 332)        =          .
                                                Prob > F          =          .
                                                R-squared         =     0.4535
                                                Root MSE          =     13.359

                               (Std. err. adjusted for 333 clusters in survey_id)
---------------------------------------------------------------------------------
                |               Robust
     guesses_m_ | Coefficient  std. err.      t    P>|t|     [95% conf. interval]
----------------+----------------------------------------------------------------
          treat |  -6.626328   1.861823    -3.56   0.000    -10.28879    -2.96387
       private_ |   3.197828   .8501166     3.76   0.000     1.525534    4.870122
  treat_liberal |  -.1046904   2.146014    -0.05   0.961    -4.326189    4.116808
     guesses_b_ |   .1160321   .0252027     4.60   0.000      .066455    .1656092
                |
       topic_id |
 death_penalty  |   10.11679   .9412981    10.75   0.000     8.265133    11.96845
 immunizations  |    21.6975   1.212865    17.89   0.000     19.31163    24.08337
rename_schools  |  -1.179387   .8037256    -1.47   0.143    -2.760424    .4016496
                |
         gender |
             2  |  -.3788723    1.16262    -0.33   0.745    -2.665904    1.908159
             4  |  -22.24202   3.031413    -7.34   0.000    -28.20522   -16.27883
             5  |   .4047426   1.971779     0.21   0.837    -3.474013    4.283499
             6  |  -4.511605   5.054541    -0.89   0.373    -14.45457     5.43136
                |
           race |
             3  |   2.746516   1.809765     1.52   0.130    -.8135364    6.306568
             4  |  -1.732708   1.313282    -1.32   0.188    -4.316112    .8506956
             6  |  -.0188521   1.251755    -0.02   0.988    -2.481223    2.443519
             7  |  -3.059735   2.244119    -1.36   0.174     -7.47422     1.35475
                |
           year |
             2  |  -1.050611   1.636286    -0.64   0.521    -4.269406    2.168184
             3  |   2.550196   1.456936     1.75   0.081    -.3157947    5.416186
             4  |   .8564572   1.425572     0.60   0.548    -1.947835    3.660749
             5  |   2.547819   1.735158     1.47   0.143    -.8654712     5.96111
             6  |  -.4311992   1.995682    -0.22   0.829    -4.356975    3.494576
                |
       ideology |
             2  |   .4213854   1.049539     0.40   0.688    -1.643199    2.485969
             3  |  -1.429527   1.524959    -0.94   0.349    -4.429327    1.570273
             4  |  -2.504989   1.891975    -1.32   0.186    -6.226759     1.21678
             5  |  -.6916623   2.726904    -0.25   0.800    -6.055851    4.672527
             6  |  -1.154311   3.889402    -0.30   0.767    -8.805291    6.496668
             9  |   2.852971   1.988595     1.43   0.152    -1.058864    6.764805
                |
          major |
             2  |   -.325273   3.222413    -0.10   0.920    -6.664195    6.013649
             7  |  -.3114732     3.6858    -0.08   0.933     -7.56194    6.938993
             9  |  -.9130064   3.212395    -0.28   0.776    -7.232222    5.406209
            10  |  -2.125757   3.431197    -0.62   0.536    -8.875385    4.623871
            11  |   1.187268   3.271546     0.36   0.717    -5.248305    7.622841
            13  |   .3254394   3.158763     0.10   0.918    -5.888275    6.539154
            15  |   2.570057   3.360961     0.76   0.445    -4.041407     9.18152
                |
          _cons |   50.26933   4.251656    11.82   0.000     41.90575    58.63291
---------------------------------------------------------------------------------

.         eststo
(est7 stored)

.         qui sum guesses_m_ if treat == 0 

.         estadd scalar Cmean = r(mean)

added scalar:
              e(Cmean) =  66.731928

.         estadd scalar Csd = r(sd)

added scalar:
                e(Csd) =  17.113157

.         distinct(survey_id)

           |        Observations
           |      total   distinct
-----------+----------------------
 survey_id |       1332        333

.         estadd scalar ids = round(r(ndistinct),1)

added scalar:
                e(ids) =  333

.         
. reg guesses_m_ treat private_ treat_senior guesses_b_ i.topic_id `ind_controls', cluster(survey_id)

Linear regression                               Number of obs     =      1,325
                                                F(32, 332)        =          .
                                                Prob > F          =          .
                                                R-squared         =     0.4536
                                                Root MSE          =     13.359

                               (Std. err. adjusted for 333 clusters in survey_id)
---------------------------------------------------------------------------------
                |               Robust
     guesses_m_ | Coefficient  std. err.      t    P>|t|     [95% conf. interval]
----------------+----------------------------------------------------------------
          treat |  -6.445628   1.281512    -5.03   0.000    -8.966535   -3.924722
       private_ |   3.199927   .8497529     3.77   0.000     1.528348    4.871505
   treat_senior |  -.5591337   1.908822    -0.29   0.770    -4.314045    3.195777
     guesses_b_ |   .1162381   .0249534     4.66   0.000     .0671513    .1653249
                |
       topic_id |
 death_penalty  |   10.11399   .9388616    10.77   0.000     8.267123    11.96086
 immunizations  |   21.69164   1.205184    18.00   0.000     19.32088    24.06241
rename_schools  |  -1.179489   .8038681    -1.47   0.143    -2.760806    .4018285
                |
         gender |
             2  |  -.3561941   1.158096    -0.31   0.759    -2.634325    1.921937
             4  |  -22.29831   2.761273    -8.08   0.000    -27.73011   -16.86652
             5  |   .4443416   1.940992     0.23   0.819    -3.373851    4.262534
             6  |  -4.567667   5.013109    -0.91   0.363    -14.42913    5.293794
                |
           race |
             3  |   2.736282   1.763331     1.55   0.122    -.7324272    6.204992
             4  |  -1.745727   1.310325    -1.33   0.184    -4.323313    .8318594
             6  |  -.0174257   1.250594    -0.01   0.989    -2.477513    2.442661
             7  |  -3.110172   2.234214    -1.39   0.165    -7.505171    1.284828
                |
           year |
             2  |  -1.061154   1.634421    -0.65   0.517    -4.276281    2.153973
             3  |   2.522083   1.458198     1.73   0.085    -.3463901    5.390556
             4  |   1.114572   1.603385     0.70   0.487    -2.039502    4.268647
             5  |   2.828269   1.907742     1.48   0.139    -.9245169    6.581055
             6  |  -.1982306   2.167005    -0.09   0.927    -4.461022    4.064561
                |
       ideology |
             2  |   .4092521   1.049171     0.39   0.697    -1.654609    2.473113
             3  |  -1.411774   1.538299    -0.92   0.359    -4.437815    1.614267
             4  |  -2.455958   1.495273    -1.64   0.101    -5.397361    .4854451
             5  |  -.6698219   2.459193    -0.27   0.786    -5.507386    4.167742
             6  |   -1.08147    3.49234    -0.31   0.757    -7.951375    5.788435
             9  |   2.912732   1.922013     1.52   0.131    -.8681269     6.69359
                |
          major |
             2  |    -.27576   3.242526    -0.09   0.932    -6.654247    6.102727
             7  |   -.184197   3.716214    -0.05   0.960    -7.494492    7.126099
             9  |   -.923068   3.236589    -0.29   0.776    -7.289877    5.443741
            10  |  -2.069045   3.446394    -0.60   0.549    -8.848568    4.710477
            11  |   1.233799    3.29804     0.37   0.709    -5.253891    7.721489
            13  |   .3577402   3.186058     0.11   0.911    -5.909666    6.625147
            15  |   2.580051   3.370283     0.77   0.445     -4.04975    9.209853
                |
          _cons |   50.06626    4.30915    11.62   0.000     41.58958    58.54294
---------------------------------------------------------------------------------

.         eststo
(est8 stored)

.         qui sum guesses_m_ if treat == 0 

.         estadd scalar Cmean = r(mean)

added scalar:
              e(Cmean) =  66.731928

.         estadd scalar Csd = r(sd)

added scalar:
                e(Csd) =  17.113157

.         distinct(survey_id)

           |        Observations
           |      total   distinct
-----------+----------------------
 survey_id |       1332        333

.         estadd scalar ids = round(r(ndistinct),1)

added scalar:
                e(ids) =  333

.         
. reg guesses_m_ treat private_ treat_ss guesses_b_ i.topic_id `ind_controls', cluster(survey_id)

Linear regression                               Number of obs     =      1,325
                                                F(32, 332)        =          .
                                                Prob > F          =          .
                                                R-squared         =     0.4537
                                                Root MSE          =     13.356

                               (Std. err. adjusted for 333 clusters in survey_id)
---------------------------------------------------------------------------------
                |               Robust
     guesses_m_ | Coefficient  std. err.      t    P>|t|     [95% conf. interval]
----------------+----------------------------------------------------------------
          treat |  -7.037704   1.160945    -6.06   0.000    -9.321439   -4.753969
       private_ |   3.211476   .8490016     3.78   0.000     1.541375    4.881577
       treat_ss |    1.28691   1.939744     0.66   0.508    -2.528828    5.102649
     guesses_b_ |    .115394   .0250348     4.61   0.000     .0661471    .1646409
                |
       topic_id |
 death_penalty  |   10.12774   .9406373    10.77   0.000     8.277377     11.9781
 immunizations  |   21.70799   1.206218    18.00   0.000      19.3352    24.08079
rename_schools  |  -1.173633    .804292    -1.46   0.145    -2.755784    .4085184
                |
         gender |
             2  |  -.3140875   1.162432    -0.27   0.787    -2.600749    1.972574
             4  |  -22.48018   2.779254    -8.09   0.000    -27.94735   -17.01301
             5  |   .5907734   1.989383     0.30   0.767    -3.322613    4.504159
             6  |  -4.403096   5.025413    -0.88   0.382    -14.28876    5.482571
                |
           race |
             3  |   2.763933   1.713764     1.61   0.108     -.607272    6.135139
             4  |  -1.724355   1.299255    -1.33   0.185    -4.280165    .8314543
             6  |  -.0203492   1.252366    -0.02   0.987    -2.483922    2.443223
             7  |  -3.130922   2.239209    -1.40   0.163    -7.535748    1.273904
                |
           year |
             2  |  -1.021124   1.635858    -0.62   0.533    -4.239077    2.196828
             3  |   2.539258   1.457674     1.74   0.082    -.3281838    5.406699
             4  |   .8618392   1.423175     0.61   0.545    -1.937738    3.661416
             5  |   2.576387   1.733902     1.49   0.138    -.8344323    5.987206
             6  |   -.390269   2.007315    -0.19   0.846    -4.338928     3.55839
                |
       ideology |
             2  |   .5057471   1.069566     0.47   0.637    -1.598235    2.609729
             3  |  -1.347962   1.542641    -0.87   0.383    -4.382545    1.686621
             4  |   -2.36648   1.531206    -1.55   0.123    -5.378569    .6456079
             5  |  -.5669619   2.418778    -0.23   0.815    -5.325025    4.191101
             6  |  -1.024485   3.469497    -0.30   0.768    -7.849454    5.800485
             9  |   2.922763   1.950269     1.50   0.135    -.9136798    6.759205
                |
          major |
             2  |  -.3128173   3.232993    -0.10   0.923    -6.672551    6.046916
             7  |  -.2558218   3.694267    -0.07   0.945    -7.522943    7.011299
             9  |  -.9550363   3.236596    -0.30   0.768    -7.321858    5.411785
            10  |  -2.159682   3.447437    -0.63   0.531    -8.941256    4.621891
            11  |   1.250357   3.294706     0.38   0.705    -5.230774    7.731488
            13  |  -.3624962   3.312907    -0.11   0.913    -6.879432    6.154439
            15  |   2.612076   3.377896     0.77   0.440    -4.032702    9.256855
                |
          _cons |   50.28857   4.266989    11.79   0.000     41.89483    58.68232
---------------------------------------------------------------------------------

.         eststo
(est9 stored)

.         qui sum guesses_m_ if treat == 0 

.         estadd scalar Cmean = r(mean)

added scalar:
              e(Cmean) =  66.731928

.         estadd scalar Csd = r(sd)

added scalar:
                e(Csd) =  17.113157

.         distinct(survey_id)

           |        Observations
           |      total   distinct
-----------+----------------------
 survey_id |       1332        333

.         estadd scalar ids = round(r(ndistinct),1)

added scalar:
                e(ids) =  333

. 
. reg guesses_m_ treat private_ soph1_ treat_private treat_soph1_ treat_female treat_asian treat_white
>  treat_liberal treat_senior treat_ss guesses_b_ i.topic_id `ind_controls', cluster(survey_id)

Linear regression                               Number of obs     =      1,325
                                                F(40, 332)        =          .
                                                Prob > F          =          .
                                                R-squared         =     0.4576
                                                Root MSE          =     13.351

                               (Std. err. adjusted for 333 clusters in survey_id)
---------------------------------------------------------------------------------
                |               Robust
     guesses_m_ | Coefficient  std. err.      t    P>|t|     [95% conf. interval]
----------------+----------------------------------------------------------------
          treat |  -10.64419   3.293492    -3.23   0.001    -17.12293   -4.165446
       private_ |   2.736286   1.149031     2.38   0.018     .4759872    4.996585
         soph1_ |  -1.061163   1.097657    -0.97   0.334    -3.220403    1.098077
  treat_private |   1.066142   1.596703     0.67   0.505    -2.074788    4.207073
   treat_soph1_ |  -.3636567   1.667903    -0.22   0.828    -3.644646    2.917333
   treat_female |    .770586   2.042533     0.38   0.706    -3.247353    4.788525
    treat_asian |   4.096588   2.309262     1.77   0.077    -.4460431    8.639219
    treat_white |   .4050797   2.803576     0.14   0.885    -5.109933    5.920093
  treat_liberal |    .320525   2.224761     0.14   0.886    -4.055881    4.696931
   treat_senior |  -.3634764   1.874161    -0.19   0.846    -4.050203    3.323251
       treat_ss |   2.120325   2.010543     1.05   0.292    -1.834685    6.075335
     guesses_b_ |   .1134192   .0253509     4.47   0.000     .0635506    .1632879
                |
       topic_id |
 death_penalty  |   10.00032   .9410237    10.63   0.000     8.149203    11.85144
 immunizations  |   21.62934   1.206147    17.93   0.000     19.25668    24.00199
rename_schools  |  -1.129738    .795859    -1.42   0.157      -2.6953    .4358241
                |
         gender |
             2  |  -.6561451    1.50389    -0.44   0.663    -3.614499    2.302209
             4  |  -21.67069   3.681637    -5.89   0.000    -28.91297   -14.42841
             5  |   .7765528   2.084862     0.37   0.710    -3.324653    4.877759
             6  |  -5.879026   4.877458    -1.21   0.229    -15.47364    3.715592
                |
           race |
             3  |    4.41903   1.998101     2.21   0.028     .4884956    8.349565
             4  |   .3407723   1.547727     0.22   0.826    -2.703815     3.38536
             6  |   1.843373   1.408087     1.31   0.191    -.9265245    4.613271
             7  |  -.2251863   2.764373    -0.08   0.935    -5.663082     5.21271
                |
           year |
             2  |  -.9819338   1.650331    -0.59   0.552    -4.228358     2.26449
             3  |   2.347917   1.477534     1.59   0.113    -.5585923    5.254426
             4  |   .8025496    1.67077     0.48   0.631    -2.484081     4.08918
             5  |   2.572438   1.940146     1.33   0.186     -1.24409    6.388967
             6  |  -.2379114   2.159363    -0.11   0.912    -4.485671    4.009848
                |
       ideology |
             2  |   .9052884   1.062966     0.85   0.395     -1.18571    2.996287
             3  |  -.9193854   1.544581    -0.60   0.552    -3.957784    2.119014
             4  |  -1.946708   1.963705    -0.99   0.322     -5.80958    1.916165
             5  |    .248368   2.737409     0.09   0.928    -5.136484     5.63322
             6  |  -.3833504   4.011062    -0.10   0.924    -8.273652    7.506951
             9  |   3.100671   2.085852     1.49   0.138    -1.002481    7.203823
                |
          major |
             2  |  -.1938284   3.211961    -0.06   0.952    -6.512189    6.124532
             7  |   .0785986   3.676714     0.02   0.983    -7.153995    7.311192
             9  |  -1.104484   3.201121    -0.35   0.730    -7.401522    5.192554
            10  |  -1.722836   3.455011    -0.50   0.618     -8.51931    5.073638
            11  |   1.456091   3.262081     0.45   0.656    -4.960863    7.873045
            13  |  -.6088701   3.261592    -0.19   0.852    -7.024862    5.807121
            15  |   2.700552   3.337843     0.81   0.419    -3.865436     9.26654
                |
          _cons |   50.32999   4.597187    10.95   0.000      41.2867    59.37328
---------------------------------------------------------------------------------

.         eststo
(est10 stored)

.         qui sum guesses_m_ if treat == 0 

.         estadd scalar Cmean = r(mean)

added scalar:
              e(Cmean) =  66.731928

.         estadd scalar Csd = r(sd)

added scalar:
                e(Csd) =  17.113157

.         distinct(survey_id)

           |        Observations
           |      total   distinct
-----------+----------------------
 survey_id |       1332        333

.         estadd scalar ids = round(r(ndistinct),1)

added scalar:
                e(ids) =  333

. 
. esttab using "$output/het_midline.tex", ///
> se lab stats(Cmean Csd ids,labels("Mean" "SD" "IDs")) keep(treat*) star( * 0.1 ** 0.05 *** 0.01) ///
> varwidth(32) wrap compress nogap noconstant replace ///
> title("TC_het_midline") 
(file /Users/yihong/Desktop/Silence Replicate Final/Output/het_midline.tex not found)
(output written to /Users/yihong/Desktop/Silence Replicate Final/Output/het_midline.tex)

. 
. eststo clear

. reg guesses_e_ treat private_ treat_private guesses_b_ i.topic_id `ind_controls' `session_controls',
>  cluster(zoom_id)

Linear regression                               Number of obs     =      1,325
                                                F(34, 35)         =          .
                                                Prob > F          =          .
                                                R-squared         =     0.4744
                                                Root MSE          =     14.842

                                  (Std. err. adjusted for 36 clusters in zoom_id)
---------------------------------------------------------------------------------
                |               Robust
     guesses_e_ | Coefficient  std. err.      t    P>|t|     [95% conf. interval]
----------------+----------------------------------------------------------------
          treat |  -13.95714   1.283889   -10.87   0.000    -16.56358   -11.35071
       private_ |   .2018392   .7261969     0.28   0.783    -1.272419    1.676097
  treat_private |    6.09943   1.706254     3.57   0.001      2.63555     9.56331
     guesses_b_ |   .1020615   .0243999     4.18   0.000      .052527    .1515959
                |
       topic_id |
 death_penalty  |   12.89367   1.491533     8.64   0.000     9.865692    15.92164
 immunizations  |   24.48291   1.524893    16.06   0.000     21.38721     27.5786
rename_schools  |  -.5018624   1.788393    -0.28   0.781    -4.132493    3.128768
                |
         gender |
             2  |   .5730026   1.255429     0.46   0.651    -1.975653    3.121658
             4  |   18.86481   3.424088     5.51   0.000     11.91354    25.81607
             5  |   2.058844   1.938394     1.06   0.295    -1.876305    5.993993
             6  |   2.189879   2.436473     0.90   0.375    -2.756425    7.136182
                |
           race |
             3  |  -2.655268   2.731222    -0.97   0.338    -8.199943    2.889407
             4  |  -.3855349   1.453027    -0.27   0.792    -3.335337    2.564267
             6  |  -.0604269   1.058463    -0.06   0.955    -2.209221    2.088368
             7  |   1.468034   2.330123     0.63   0.533    -3.262366    6.198434
                |
           year |
             2  |  -.6523196   2.216384    -0.29   0.770    -5.151817    3.847178
             3  |  -.3880358   1.493046    -0.26   0.796    -3.419081    2.643009
             4  |   2.886399   1.391977     2.07   0.046     .0605357    5.712263
             5  |   2.303647   1.985223     1.16   0.254    -1.726571    6.333865
             6  |   1.561621   2.733869     0.57   0.572    -3.988429    7.111671
                |
       ideology |
             2  |   .5618404   1.153018     0.49   0.629     -1.77891    2.902591
             3  |  -1.561505    1.57507    -0.99   0.328    -4.759068    1.636058
             4  |  -.4376474   1.983095    -0.22   0.827    -4.463543    3.588249
             5  |  -.9300551   1.893042    -0.49   0.626    -4.773134    2.913024
             6  |  -2.435883   2.894324    -0.84   0.406    -8.311673    3.439906
             9  |   1.763215    2.54753     0.69   0.493    -3.408545    6.934975
                |
          major |
             2  |   3.828905   1.741775     2.20   0.035     .2929141    7.364896
             7  |  -6.229572   2.272807    -2.74   0.010    -10.84362   -1.615528
             9  |   3.977463   1.766819     2.25   0.031     .3906303    7.564296
            10  |   1.307352   1.886171     0.69   0.493    -2.521779    5.136483
            11  |   3.271581   2.063197     1.59   0.122    -.9169318    7.460093
            13  |   3.384366   1.696366     2.00   0.054    -.0594394    6.828171
            15  |  -2.140944   2.205302    -0.97   0.338    -6.617945    2.336057
                |
     group_size |   .2423393    .512266     0.47   0.639    -.7976159    1.282294
 2.session_time |  -.2122142   .9587869    -0.22   0.826    -2.158655    1.734227
                |
      moderator |
             2  |   2.770012   1.369136     2.02   0.051    -.0094824    5.549506
             3  |   5.121845     1.4456     3.54   0.001      2.18712    8.056569
                |
           week |
             1  |   6.632623   1.233727     5.38   0.000     4.128024    9.137221
             2  |   5.723473   2.152998     2.66   0.012     1.352656    10.09429
             3  |   4.855177   1.553863     3.12   0.004     1.700667    8.009686
             4  |   5.989339   1.582019     3.79   0.001     2.777669    9.201008
                |
          _cons |    41.8436   4.504618     9.29   0.000     32.69874    50.98846
---------------------------------------------------------------------------------

.         eststo
(est1 stored)

.         qui sum guesses_e_ if treat == 0 

.         estadd scalar Cmean = r(mean)

added scalar:
              e(Cmean) =  70.445783

.         estadd scalar Csd = r(sd)

added scalar:
                e(Csd) =  17.996901

.         distinct(survey_id)

           |        Observations
           |      total   distinct
-----------+----------------------
 survey_id |       1332        333

.         estadd scalar ids = round(r(ndistinct),1)

added scalar:
                e(ids) =  333

. 
. reg guesses_e_ treat soph1_ treat_soph1_ guesses_b_ i.topic_id `ind_controls' `session_controls', cl
> uster(zoom_id)

Linear regression                               Number of obs     =      1,332
                                                F(34, 35)         =          .
                                                Prob > F          =          .
                                                R-squared         =     0.5279
                                                Root MSE          =     14.075

                                  (Std. err. adjusted for 36 clusters in zoom_id)
---------------------------------------------------------------------------------
                |               Robust
     guesses_e_ | Coefficient  std. err.      t    P>|t|     [95% conf. interval]
----------------+----------------------------------------------------------------
          treat |  -7.727057   1.580954    -4.89   0.000    -10.93657   -4.517549
         soph1_ |  -8.982649    1.02701    -8.75   0.000    -11.06759   -6.897707
   treat_soph1_ |  -3.770944   1.785654    -2.11   0.042    -7.396015   -.1458733
     guesses_b_ |   .1076081   .0204995     5.25   0.000     .0659919    .1492243
                |
       topic_id |
 death_penalty  |   11.59731   1.291331     8.98   0.000     8.975771    14.21885
 immunizations  |   24.22549   1.503824    16.11   0.000     21.17257    27.27842
rename_schools  |   -.885344   1.530193    -0.58   0.567      -3.9918    2.221112
                |
         gender |
             2  |   .6201696   1.189116     0.52   0.605    -1.793865    3.034204
             4  |   14.68408   2.597346     5.65   0.000     9.411188    19.95697
             5  |   2.968842   1.511932     1.96   0.058    -.1005435    6.038227
             6  |   1.525715   3.125943     0.49   0.629    -4.820287    7.871718
                |
           race |
             3  |  -3.470558   2.823358    -1.23   0.227    -9.202279    2.261162
             4  |   .0200267   1.245347     0.02   0.987    -2.508162    2.548215
             6  |   .9895629   1.041098     0.95   0.348    -1.123978    3.103104
             7  |   1.535674   2.147654     0.72   0.479    -2.824295    5.895644
                |
           year |
             2  |  -.8347554   2.094368    -0.40   0.693    -5.086549    3.417038
             3  |   .1776833   1.381263     0.13   0.898    -2.626429    2.981796
             4  |   3.015028   1.282834     2.35   0.025     .4107372    5.619319
             5  |   2.336069   1.728537     1.35   0.185    -1.173047    5.845186
             6  |   1.828556   2.610648     0.70   0.488    -3.471341    7.128454
                |
       ideology |
             2  |   1.135652   1.001071     1.13   0.264    -.8966307    3.167934
             3  |   -.492979   1.422434    -0.35   0.731    -3.380674    2.394716
             4  |  -.4206416   1.932983    -0.22   0.829    -4.344806    3.503523
             5  |  -.1848053   2.215895    -0.08   0.934    -4.683311    4.313701
             6  |  -1.200941   1.873077    -0.64   0.526     -5.00349    2.601608
             9  |   1.669626    1.88229     0.89   0.381    -2.151627    5.490878
                |
          major |
             2  |   5.341158   1.492224     3.58   0.001     2.311782    8.370533
             7  |  -2.779659    2.67806    -1.04   0.306     -8.21641    2.657092
             9  |   5.102092   1.555305     3.28   0.002     1.944656    8.259528
            10  |   2.925001   1.704419     1.72   0.095     -.535153    6.385156
            11  |    4.05536   1.675989     2.42   0.021     .6529219    7.457798
            13  |    4.13443   1.288017     3.21   0.003     1.519615    6.749244
            15  |   .2133017   1.874106     0.11   0.910    -3.591336     4.01794
                |
     group_size |    .179842   .4922164     0.37   0.717    -.8194104    1.179094
 2.session_time |   .2557228   .9110305     0.28   0.781    -1.593767    2.105213
                |
      moderator |
             2  |    2.40439   1.129705     2.13   0.040     .1109677    4.697813
             3  |   3.996093   1.402425     2.85   0.007      1.14902    6.843166
                |
           week |
             1  |   3.913213   1.225719     3.19   0.003      1.42487    6.401555
             2  |   3.143063   1.996824     1.57   0.124    -.9107051    7.196832
             3  |   2.322971   1.525818     1.52   0.137    -.7746033    5.420546
             4  |   3.196581   1.256886     2.54   0.016     .6449662    5.748196
                |
          _cons |   48.37112   4.953263     9.77   0.000     38.31546    58.42678
---------------------------------------------------------------------------------

.         eststo
(est2 stored)

.         qui sum guesses_e_ if treat == 0 

.         estadd scalar Cmean = r(mean)

added scalar:
              e(Cmean) =  70.445783

.         estadd scalar Csd = r(sd)

added scalar:
                e(Csd) =  17.996901

.         distinct(survey_id)

           |        Observations
           |      total   distinct
-----------+----------------------
 survey_id |       1332        333

.         estadd scalar ids = round(r(ndistinct),1)

added scalar:
                e(ids) =  333

. 
. reg guesses_e_ treat soph2_ treat_soph2_ guesses_b_ i.topic_id `ind_controls' `session_controls', cl
> uster(zoom_id)

Linear regression                               Number of obs     =      1,332
                                                F(34, 35)         =          .
                                                Prob > F          =          .
                                                R-squared         =     0.5295
                                                Root MSE          =     14.052

                                  (Std. err. adjusted for 36 clusters in zoom_id)
---------------------------------------------------------------------------------
                |               Robust
     guesses_e_ | Coefficient  std. err.      t    P>|t|     [95% conf. interval]
----------------+----------------------------------------------------------------
          treat |  -7.964719   1.622814    -4.91   0.000    -11.25921   -4.670232
         soph2_ |  -8.832822   1.444864    -6.11   0.000    -11.76605   -5.899592
   treat_soph2_ |  -4.192998   2.433716    -1.72   0.094    -9.133705    .7477085
     guesses_b_ |   .1150668   .0216186     5.32   0.000     .0711788    .1589548
                |
       topic_id |
 death_penalty  |   11.67692   1.534713     7.61   0.000     8.561284    14.79255
 immunizations  |   25.16794   1.418724    17.74   0.000     22.28777     28.0481
rename_schools  |   2.133056   1.693947     1.26   0.216    -1.305839     5.57195
                |
         gender |
             2  |   .7765717   1.164354     0.67   0.509    -1.587193    3.140337
             4  |   16.30285   2.475326     6.59   0.000     11.27767    21.32803
             5  |   3.408541   1.452527     2.35   0.025      .459755    6.357327
             6  |   2.319635   3.048987     0.76   0.452    -3.870137    8.509407
                |
           race |
             3  |  -2.481148   2.877926    -0.86   0.394    -8.323649    3.361354
             4  |   .4647675   1.443644     0.32   0.749    -2.465986    3.395521
             6  |   .2568213   1.034592     0.25   0.805    -1.843511    2.357154
             7  |   .7244234   2.127222     0.34   0.735    -3.594066    5.042913
                |
           year |
             2  |  -1.056782   2.052452    -0.51   0.610     -5.22348    3.109917
             3  |   .1746731   1.364265     0.13   0.899    -2.594932    2.944278
             4  |    2.35868   1.310898     1.80   0.081     -.302584    5.019944
             5  |   2.412899   1.721018     1.40   0.170    -1.080952     5.90675
             6  |   2.451812    2.40252     1.02   0.314    -2.425562    7.329187
                |
       ideology |
             2  |   .8775056   .9632618     0.91   0.369     -1.07802    2.833031
             3  |  -1.028017   1.424046    -0.72   0.475    -3.918984     1.86295
             4  |  -.3456042   1.854696    -0.19   0.853    -4.110838     3.41963
             5  |    .223614   2.058932     0.11   0.914     -3.95624    4.403468
             6  |  -2.502926   2.433601    -1.03   0.311    -7.443399    2.437547
             9  |   2.204837   1.828779     1.21   0.236    -1.507782    5.917456
                |
          major |
             2  |    5.46839   1.360212     4.02   0.000     2.707013    8.229767
             7  |  -2.977432   2.378361    -1.25   0.219    -7.805761    1.850897
             9  |   6.254033   1.474085     4.24   0.000      3.26148    9.246585
            10  |   2.894282   1.664469     1.74   0.091    -.4847699    6.273334
            11  |   4.647232   1.748938     2.66   0.012     1.096698    8.197766
            13  |   4.481991   1.231091     3.64   0.001     1.982744    6.981238
            15  |   .4622594   1.952375     0.24   0.814    -3.501273    4.425792
                |
     group_size |  -.2090789   .4714315    -0.44   0.660    -1.166136     .747978
 2.session_time |  -.0430443   .8858059    -0.05   0.962    -1.841326    1.755237
                |
      moderator |
             2  |   2.088821   1.258897     1.66   0.106    -.4668755    4.644518
             3  |   3.667805   1.350388     2.72   0.010     .9263729    6.409238
                |
           week |
             1  |   4.607013   1.158538     3.98   0.000     2.255056     6.95897
             2  |   2.961635   2.213315     1.34   0.189    -1.531633    7.454903
             3  |   2.242826    1.50991     1.49   0.146    -.8224543    5.308106
             4  |   2.972211    1.34975     2.20   0.034     .2320727    5.712349
                |
          _cons |   49.03198   4.453825    11.01   0.000     39.99024    58.07373
---------------------------------------------------------------------------------

.         eststo
(est3 stored)

.         qui sum guesses_e_ if treat == 0 

.         estadd scalar Cmean = r(mean)

added scalar:
              e(Cmean) =  70.445783

.         estadd scalar Csd = r(sd)

added scalar:
                e(Csd) =  17.996901

.         distinct(survey_id)

           |        Observations
           |      total   distinct
-----------+----------------------
 survey_id |       1332        333

.         estadd scalar ids = round(r(ndistinct),1)

added scalar:
                e(ids) =  333

. 
.         
. reg guesses_e_ treat private_ treat_female guesses_b_ i.topic_id `ind_controls' `session_controls', 
> cluster(zoom_id)

Linear regression                               Number of obs     =      1,325
                                                F(34, 35)         =          .
                                                Prob > F          =          .
                                                R-squared         =     0.4692
                                                Root MSE          =     14.916

                                  (Std. err. adjusted for 36 clusters in zoom_id)
---------------------------------------------------------------------------------
                |               Robust
     guesses_e_ | Coefficient  std. err.      t    P>|t|     [95% conf. interval]
----------------+----------------------------------------------------------------
          treat |  -11.27107   1.913989    -5.89   0.000    -15.15668   -7.385468
       private_ |   3.252978   .9677541     3.36   0.002     1.288333    5.217624
   treat_female |   1.224568    2.09728     0.58   0.563    -3.033137    5.482272
     guesses_b_ |   .1054964   .0247432     4.26   0.000     .0552651    .1557277
                |
       topic_id |
 death_penalty  |   12.70511   1.461812     8.69   0.000     9.737477    15.67275
 immunizations  |   24.29607   1.502285    16.17   0.000     21.24627    27.34587
rename_schools  |  -.6273287   1.800978    -0.35   0.730    -4.283508     3.02885
                |
         gender |
             2  |  -.2156142   1.626391    -0.13   0.895    -3.517364    3.086136
             4  |   19.61684   3.726824     5.26   0.000     12.05098    27.18269
             5  |   1.529273   1.968818     0.78   0.443     -2.46764    5.526185
             6  |   2.633937   2.481548     1.06   0.296    -2.403873    7.671747
                |
           race |
             3  |  -2.734631   2.834815    -0.96   0.341    -8.489611    3.020349
             4  |  -.3012541   1.430092    -0.21   0.834    -3.204496    2.601988
             6  |   .0727966   1.076018     0.07   0.946    -2.111635    2.257228
             7  |   1.553571   2.342573     0.66   0.512    -3.202105    6.309246
                |
           year |
             2  |  -.8296279   2.184854    -0.38   0.706    -5.265117    3.605861
             3  |  -.3325858   1.510419    -0.22   0.827    -3.398899    2.733727
             4  |   2.904544   1.368829     2.12   0.041     .1256726    5.683415
             5  |   2.156655   1.994636     1.08   0.287    -1.892671    6.205981
             6  |   1.404348   2.794878     0.50   0.618    -4.269556    7.078252
                |
       ideology |
             2  |   .5362123   1.128575     0.48   0.638    -1.754917    2.827341
             3  |  -1.549428   1.535453    -1.01   0.320    -4.666563    1.567707
             4  |  -.5335537   1.899608    -0.28   0.780    -4.389963    3.322856
             5  |  -.9933619   1.795539    -0.55   0.584    -4.638501    2.651777
             6  |  -3.115693   2.763876    -1.13   0.267     -8.72666    2.495274
             9  |   1.546363   2.557475     0.60   0.549    -3.645587    6.738313
                |
          major |
             2  |   3.432102   1.568734     2.19   0.035     .2474029    6.616801
             7  |  -6.289891     2.2001    -2.86   0.007    -10.75633   -1.823451
             9  |   3.458197   1.692875     2.04   0.049     .0214787    6.894915
            10  |   .9960522   1.756538     0.57   0.574    -2.569909    4.562013
            11  |   2.696139   1.904209     1.42   0.166     -1.16961    6.561889
            13  |   2.990327   1.479763     2.02   0.051    -.0137512    5.994406
            15  |   -2.68637   1.994817    -1.35   0.187    -6.736065    1.363324
                |
     group_size |   .2154877   .4987486     0.43   0.668    -.7970257    1.228001
 2.session_time |  -.3605045   .9766622    -0.37   0.714    -2.343234    1.622225
                |
      moderator |
             2  |   2.536718   1.389084     1.83   0.076    -.2832735    5.356709
             3  |   4.849909   1.483586     3.27   0.002      1.83807    7.861747
                |
           week |
             1  |   6.562687   1.219444     5.38   0.000     4.087084     9.03829
             2  |   5.524963   2.187372     2.53   0.016     1.084363    9.965564
             3  |   4.790891   1.554425     3.08   0.004      1.63524    7.946542
             4  |   5.824661   1.546149     3.77   0.001     2.685812     8.96351
                |
          _cons |   41.53507   4.614622     9.00   0.000     32.16689    50.90325
---------------------------------------------------------------------------------

.         eststo
(est4 stored)

.         qui sum guesses_e_ if treat == 0 

.         estadd scalar Cmean = r(mean)

added scalar:
              e(Cmean) =  70.445783

.         estadd scalar Csd = r(sd)

added scalar:
                e(Csd) =  17.996901

.         distinct(survey_id)

           |        Observations
           |      total   distinct
-----------+----------------------
 survey_id |       1332        333

.         estadd scalar ids = round(r(ndistinct),1)

added scalar:
                e(ids) =  333

.         
. reg guesses_e_ treat private_ treat_asian guesses_b_ i.topic_id `ind_controls' `session_controls', c
> luster(zoom_id)

Linear regression                               Number of obs     =      1,325
                                                F(34, 35)         =          .
                                                Prob > F          =          .
                                                R-squared         =     0.4698
                                                Root MSE          =     14.907

                                  (Std. err. adjusted for 36 clusters in zoom_id)
---------------------------------------------------------------------------------
                |               Robust
     guesses_e_ | Coefficient  std. err.      t    P>|t|     [95% conf. interval]
----------------+----------------------------------------------------------------
          treat |  -11.82344   1.550006    -7.63   0.000    -14.97012   -8.676756
       private_ |   3.277605     .95811     3.42   0.002     1.332539    5.222672
    treat_asian |    2.49912   1.758466     1.42   0.164    -1.070755    6.068995
     guesses_b_ |   .1059589   .0245742     4.31   0.000     .0560707    .1558471
                |
       topic_id |
 death_penalty  |   12.69628   1.460764     8.69   0.000     9.730774    15.66179
 immunizations  |   24.27756   1.499481    16.19   0.000     21.23346    27.32167
rename_schools  |  -.6276835   1.801982    -0.35   0.730    -4.285902    3.030535
                |
         gender |
             2  |   .3567757   1.244626     0.29   0.776     -2.16995    2.883502
             4  |   20.11526   3.564072     5.64   0.000     12.87981    27.35071
             5  |   1.452433   1.961674     0.74   0.464    -2.529977    5.434842
             6  |   1.746425   2.584649     0.68   0.504    -3.500691    6.993541
                |
           race |
             3  |   -1.68547   2.988419    -0.56   0.576    -7.752283    4.381344
             4  |   .9182355   1.627218     0.56   0.576    -2.385193    4.221664
             6  |   1.300682   1.195025     1.09   0.284    -1.125348    3.726713
             7  |   3.405267   2.828019     1.20   0.237    -2.335917    9.146452
                |
           year |
             2  |  -.7756896   2.169258    -0.36   0.723    -5.179517    3.628138
             3  |  -.4771172   1.468066    -0.32   0.747    -3.457449    2.503215
             4  |   2.833342   1.379577     2.05   0.048     .0326514    5.634033
             5  |   2.058035   1.970057     1.04   0.303    -1.941394    6.057465
             6  |   1.454662    2.73079     0.53   0.598    -4.089136     6.99846
                |
       ideology |
             2  |   .6645199   1.114198     0.60   0.555    -1.597423    2.926463
             3  |  -1.500484   1.487965    -1.01   0.320    -4.521213    1.520244
             4  |  -.4280127   1.854072    -0.23   0.819    -4.191978    3.335953
             5  |  -.7270937   1.747675    -0.42   0.680    -4.275063    2.820876
             6  |  -3.557387   2.627455    -1.35   0.184    -8.891404     1.77663
             9  |   1.544344   2.521441     0.61   0.544    -3.574454    6.663141
                |
          major |
             2  |   3.291942   1.675302     1.96   0.057    -.1091025    6.692986
             7  |  -6.458494   2.311131    -2.79   0.008    -11.15034   -1.766648
             9  |   3.146954   1.841072     1.71   0.096    -.5906217    6.884529
            10  |   1.087821   1.873405     0.58   0.565    -2.715392    4.891035
            11  |   2.577663   1.940423     1.33   0.193    -1.361606    6.516931
            13  |     2.9036   1.561814     1.86   0.071    -.2670513    6.074251
            15  |  -2.690561   2.110025    -1.28   0.211    -6.974139    1.593018
                |
     group_size |   .2668053   .4909655     0.54   0.590    -.7299076    1.263518
 2.session_time |  -.4403838   .9644216    -0.46   0.651    -2.398264    1.517496
                |
      moderator |
             2  |   2.547217   1.371879     1.86   0.072     -.237846    5.332279
             3  |   5.039911   1.458964     3.45   0.001     2.078056    8.001766
                |
           week |
             1  |   6.326706   1.227201     5.16   0.000     3.835355    8.818057
             2  |   5.188026    2.23484     2.32   0.026     .6510591    9.724994
             3  |    4.63897   1.573557     2.95   0.006     1.444479    7.833462
             4  |   5.765312   1.516523     3.80   0.001     2.686607    8.844018
                |
          _cons |   40.28032   4.350747     9.26   0.000     31.44784    49.11281
---------------------------------------------------------------------------------

.         eststo
(est5 stored)

.         qui sum guesses_e_ if treat == 0 

.         estadd scalar Cmean = r(mean)

added scalar:
              e(Cmean) =  70.445783

.         estadd scalar Csd = r(sd)

added scalar:
                e(Csd) =  17.996901

.         distinct(survey_id)

           |        Observations
           |      total   distinct
-----------+----------------------
 survey_id |       1332        333

.         estadd scalar ids = round(r(ndistinct),1)

added scalar:
                e(ids) =  333

. 
. reg guesses_e_ treat private_ treat_white guesses_b_ i.topic_id `ind_controls' `session_controls', c
> luster(zoom_id)

Linear regression                               Number of obs     =      1,325
                                                F(34, 35)         =          .
                                                Prob > F          =          .
                                                R-squared         =     0.4694
                                                Root MSE          =     14.912

                                  (Std. err. adjusted for 36 clusters in zoom_id)
---------------------------------------------------------------------------------
                |               Robust
     guesses_e_ | Coefficient  std. err.      t    P>|t|     [95% conf. interval]
----------------+----------------------------------------------------------------
          treat |  -9.938446    1.25867    -7.90   0.000    -12.49368   -7.383211
       private_ |    3.24727   .9597065     3.38   0.002     1.298962    5.195578
    treat_white |  -2.201313   2.066542    -1.07   0.294    -6.396616     1.99399
     guesses_b_ |   .1052956   .0245544     4.29   0.000     .0554474    .1551437
                |
       topic_id |
 death_penalty  |   12.71157   1.459228     8.71   0.000     9.749184    15.67397
 immunizations  |   24.30277   1.500891    16.19   0.000      21.2558    27.34974
rename_schools  |  -.6264729   1.801271    -0.35   0.730    -4.283247    3.030302
                |
         gender |
             2  |     .43505   1.255374     0.35   0.731    -2.113494    2.983594
             4  |   20.09377   3.648358     5.51   0.000     12.68721    27.50033
             5  |   1.493042   1.947616     0.77   0.448    -2.460828    5.446912
             6  |    2.50285   2.615578     0.96   0.345    -2.807056    7.812755
                |
           race |
             3  |  -2.684922   2.891697    -0.93   0.360    -8.555378    3.185534
             4  |  -.3178608   1.414836    -0.22   0.824    -3.190131    2.554409
             6  |   1.102415   1.222793     0.90   0.373    -1.379986    3.584815
             7  |   1.520996   2.325392     0.65   0.517    -3.199801    6.241793
                |
           year |
             2  |  -.7492197   2.183535    -0.34   0.734    -5.182031    3.683592
             3  |  -.3859137   1.473845    -0.26   0.795    -3.377978     2.60615
             4  |   2.939518   1.359943     2.16   0.038     .1786874    5.700348
             5  |   2.144139   1.964244     1.09   0.282    -1.843488    6.131766
             6  |   1.602613   2.793889     0.57   0.570    -4.069283    7.274509
                |
       ideology |
             2  |   .6029452   1.110141     0.54   0.590     -1.65076     2.85665
             3  |  -1.526391   1.509004    -1.01   0.319    -4.589833     1.53705
             4  |   -.383131   1.878499    -0.20   0.840    -4.196687    3.430425
             5  |  -.8567194   1.824559    -0.47   0.642    -4.560772    2.847333
             6  |  -3.381033    2.67958    -1.26   0.215    -8.820869    2.058803
             9  |   1.771756   2.508754     0.71   0.485    -3.321285    6.864796
                |
          major |
             2  |   3.143444   1.614637     1.95   0.060    -.1344426    6.421331
             7  |  -6.682447   2.278856    -2.93   0.006    -11.30877   -2.056123
             9  |   2.944296   1.885094     1.56   0.127    -.8826486    6.771241
            10  |   .6387664   1.848938     0.35   0.732    -3.114777     4.39231
            11  |   2.355045    1.95049     1.21   0.235    -1.604659    6.314749
            13  |    2.67847   1.559502     1.72   0.095    -.4874869    5.844428
            15  |  -2.847804   2.118898    -1.34   0.188    -7.149396    1.453788
                |
     group_size |   .2468496    .493116     0.50   0.620    -.7542291    1.247928
 2.session_time |  -.4156837   .9686319    -0.43   0.670    -2.382111    1.550744
                |
      moderator |
             2  |   2.635893   1.355298     1.94   0.060    -.1155086    5.387295
             3  |   4.951045   1.441785     3.43   0.002     2.024066    7.878023
                |
           week |
             1  |    6.43046    1.22006     5.27   0.000     3.953606    8.907314
             2  |   5.346386   2.165617     2.47   0.019     .9499494    9.742822
             3  |   4.699569   1.561381     3.01   0.005     1.529797    7.869341
             4  |   5.835305   1.520155     3.84   0.000     2.749227    8.921383
                |
          _cons |   40.84498   4.418274     9.24   0.000      31.8754    49.81455
---------------------------------------------------------------------------------

.         eststo
(est6 stored)

.         qui sum guesses_e_ if treat == 0 

.         estadd scalar Cmean = r(mean)

added scalar:
              e(Cmean) =  70.445783

.         estadd scalar Csd = r(sd)

added scalar:
                e(Csd) =  17.996901

.         distinct(survey_id)

           |        Observations
           |      total   distinct
-----------+----------------------
 survey_id |       1332        333

.         estadd scalar ids = round(r(ndistinct),1)

added scalar:
                e(ids) =  333

. 
. reg guesses_e_ treat private_ treat_liberal guesses_b_ i.topic_id `ind_controls' `session_controls',
>  cluster(zoom_id)

Linear regression                               Number of obs     =      1,325
                                                F(34, 35)         =          .
                                                Prob > F          =          .
                                                R-squared         =     0.4690
                                                Root MSE          =     14.918

                                  (Std. err. adjusted for 36 clusters in zoom_id)
---------------------------------------------------------------------------------
                |               Robust
     guesses_e_ | Coefficient  std. err.      t    P>|t|     [95% conf. interval]
----------------+----------------------------------------------------------------
          treat |  -10.69901   2.229841    -4.80   0.000    -15.22582   -6.172187
       private_ |   3.251581   .9634637     3.37   0.002     1.295646    5.207516
  treat_liberal |   .4094288   2.786886     0.15   0.884    -5.248251    6.067108
     guesses_b_ |    .104684   .0244132     4.29   0.000     .0551225    .1542454
                |
       topic_id |
 death_penalty  |   12.71908   1.454128     8.75   0.000      9.76704    15.67111
 immunizations  |   24.31567   1.495222    16.26   0.000     21.28021    27.35114
rename_schools  |  -.6253236   1.800625    -0.35   0.730    -4.280788     3.03014
                |
         gender |
             2  |   .4221698    1.28829     0.33   0.745    -2.193198    3.037537
             4  |   19.44042   4.294779     4.53   0.000     10.72155    28.15928
             5  |   1.651784   2.040432     0.81   0.424    -2.490513    5.794081
             6  |   2.522885   2.546657     0.99   0.329    -2.647103    7.692873
                |
           race |
             3  |  -2.687463   2.864124    -0.94   0.355    -8.501944    3.127018
             4  |  -.3438112   1.444371    -0.24   0.813     -3.27604    2.588418
             6  |   .0848877    1.07272     0.08   0.937    -2.092849    2.262624
             7  |   1.557634    2.31673     0.67   0.506    -3.145578    6.260846
                |
           year |
             2  |  -.7654264   2.196043    -0.35   0.730     -5.22363    3.692777
             3  |   -.304387   1.493202    -0.20   0.840    -3.335748    2.726974
             4  |   2.964472   1.364445     2.17   0.037     .1945009    5.734444
             5  |   2.217097   1.999062     1.11   0.275    -1.841214    6.275409
             6  |   1.457017    2.71593     0.54   0.595    -4.056614    6.970648
                |
       ideology |
             2  |   .4987061   1.113663     0.45   0.657    -1.762151    2.759563
             3  |  -1.593219   1.527295    -1.04   0.304    -4.693792    1.507355
             4  |  -.2973448   2.174353    -0.14   0.892    -4.711516    4.116826
             5  |  -.7490941   1.848912    -0.41   0.688    -4.502586    3.004398
             6  |  -2.941119   3.351353    -0.88   0.386    -9.744728     3.86249
             9  |   1.725354   2.369322     0.73   0.471    -3.084626    6.535333
                |
          major |
             2  |   3.463915   1.613239     2.15   0.039     .1888662    6.738964
             7  |  -6.291753   2.272047    -2.77   0.009    -10.90425   -1.679252
             9  |   3.462123   1.693672     2.04   0.049      .023785     6.90046
            10  |   .9924523   1.788718     0.55   0.583    -2.638838    4.623743
            11  |    2.74691    1.90321     1.44   0.158    -1.116811    6.610631
            13  |   2.982847   1.487577     2.01   0.053    -.0370944    6.002789
            15  |  -2.542099   2.039069    -1.25   0.221    -6.681628    1.597431
                |
     group_size |   .2556461   .5080904     0.50   0.618    -.7758321    1.287124
 2.session_time |  -.3482401   .9765705    -0.36   0.724    -2.330784    1.634303
                |
      moderator |
             2  |   2.569147   1.393057     1.84   0.074    -.2589094    5.397204
             3  |   4.915497   1.470553     3.34   0.002     1.930115     7.90088
                |
           week |
             1  |   6.546983   1.222271     5.36   0.000     4.065641    9.028324
             2  |   5.533407   2.199918     2.52   0.017     1.067336    9.999479
             3  |   4.753133   1.552365     3.06   0.004     1.601665    7.904601
             4  |   5.854247    1.57964     3.71   0.001     2.647407    9.061086
                |
          _cons |    40.6115   4.641848     8.75   0.000     31.18805    50.03496
---------------------------------------------------------------------------------

.         eststo
(est7 stored)

.         qui sum guesses_e_ if treat == 0 

.         estadd scalar Cmean = r(mean)

added scalar:
              e(Cmean) =  70.445783

.         estadd scalar Csd = r(sd)

added scalar:
                e(Csd) =  17.996901

.         distinct(survey_id)

           |        Observations
           |      total   distinct
-----------+----------------------
 survey_id |       1332        333

.         estadd scalar ids = round(r(ndistinct),1)

added scalar:
                e(ids) =  333

.         
. reg guesses_e_ treat private_ treat_senior guesses_b_ i.topic_id `ind_controls' `session_controls', 
> cluster(zoom_id)

Linear regression                               Number of obs     =      1,325
                                                F(34, 35)         =          .
                                                Prob > F          =          .
                                                R-squared         =     0.4692
                                                Root MSE          =     14.916

                                  (Std. err. adjusted for 36 clusters in zoom_id)
---------------------------------------------------------------------------------
                |               Robust
     guesses_e_ | Coefficient  std. err.      t    P>|t|     [95% conf. interval]
----------------+----------------------------------------------------------------
          treat |  -10.88262   1.381061    -7.88   0.000    -13.68632   -8.078916
       private_ |    3.24654    .960461     3.38   0.002       1.2967    5.196379
   treat_senior |   1.063407   1.920593     0.55   0.583    -2.835605    4.962419
     guesses_b_ |   .1045129   .0245412     4.26   0.000     .0546916    .1543341
                |
       topic_id |
 death_penalty  |   12.72112    1.45697     8.73   0.000     9.763314    15.67893
 immunizations  |   24.32213   1.496188    16.26   0.000      21.2847    27.35955
rename_schools  |  -.6262061   1.800896    -0.35   0.730    -4.282219    3.029807
                |
         gender |
             2  |    .373429    1.26611     0.29   0.770    -2.196911    2.943769
             4  |   19.39245   3.468392     5.59   0.000     12.35124    26.43366
             5  |   1.561051   1.972313     0.79   0.434    -2.442958     5.56506
             6  |   2.642563   2.613496     1.01   0.319    -2.663115    7.948241
                |
           race |
             3  |  -2.710227   2.881472    -0.94   0.353    -8.559926    3.139472
             4  |  -.3106364   1.411838    -0.22   0.827    -3.176819    2.555547
             6  |   .0856865    1.07924     0.08   0.937    -2.105287     2.27666
             7  |   1.638398   2.286038     0.72   0.478    -3.002507    6.279302
                |
           year |
             2  |   -.744401   2.177981    -0.34   0.735    -5.165937    3.677135
             3  |  -.2426403   1.507958    -0.16   0.873    -3.303958    2.818677
             4  |   2.481247   1.480736     1.68   0.103    -.5248074    5.487301
             5  |    1.68502   1.944025     0.87   0.392    -2.261561      5.6316
             6  |   1.014152   2.753729     0.37   0.715    -4.576216     6.60452
                |
       ideology |
             2  |   .5177097   1.109102     0.47   0.644    -1.733888    2.769307
             3  |  -1.623998   1.552343    -1.05   0.303    -4.775422    1.527425
             4  |  -.4892934   1.911876    -0.26   0.800    -4.370608    3.392021
             5  |  -.9229804   1.823481    -0.51   0.616    -4.624843    2.778882
             6  |  -3.249514   2.691063    -1.21   0.235    -8.712663    2.213635
             9  |   1.542486   2.549977     0.60   0.549    -3.634242    6.719214
                |
          major |
             2  |   3.357891   1.570089     2.14   0.040     .1704407    6.545341
             7  |  -6.512113   2.278545    -2.86   0.007    -11.13781   -1.886421
             9  |   3.476024   1.707724     2.04   0.049     .0091603    6.942888
            10  |   .8935576   1.765607     0.51   0.616    -2.690816    4.477931
            11  |    2.63744   1.903999     1.39   0.175    -1.227884    6.502765
            13  |   2.920135   1.515144     1.93   0.062    -.1557706    5.996041
            15  |  -2.564016   2.032696    -1.26   0.216    -6.690609    1.562576
                |
     group_size |   .2408117   .5063262     0.48   0.637    -.7870851    1.268708
 2.session_time |  -.3293795   .9720719    -0.34   0.737     -2.30279    1.644031
                |
      moderator |
             2  |   2.540133   1.399783     1.81   0.078    -.3015779    5.381844
             3  |    4.85044   1.504981     3.22   0.003     1.795166    7.905715
                |
           week |
             1  |   6.503545   1.218714     5.34   0.000     4.029423    8.977666
             2  |   5.515289   2.157554     2.56   0.015     1.135222    9.895355
             3  |   4.772171   1.572186     3.04   0.005     1.580463    7.963878
             4  |    5.79964   1.566933     3.70   0.001     2.618597    8.980684
                |
          _cons |   41.19396   4.589177     8.98   0.000     31.87744    50.51049
---------------------------------------------------------------------------------

.         eststo
(est8 stored)

.         qui sum guesses_e_ if treat == 0 

.         estadd scalar Cmean = r(mean)

added scalar:
              e(Cmean) =  70.445783

.         estadd scalar Csd = r(sd)

added scalar:
                e(Csd) =  17.996901

.         distinct(survey_id)

           |        Observations
           |      total   distinct
-----------+----------------------
 survey_id |       1332        333

.         estadd scalar ids = round(r(ndistinct),1)

added scalar:
                e(ids) =  333

.         
. reg guesses_e_ treat private_ treat_ss guesses_b_ i.topic_id `ind_controls' `session_controls', clus
> ter(zoom_id)

Linear regression                               Number of obs     =      1,325
                                                F(34, 35)         =          .
                                                Prob > F          =          .
                                                R-squared         =     0.4693
                                                Root MSE          =     14.915

                                  (Std. err. adjusted for 36 clusters in zoom_id)
---------------------------------------------------------------------------------
                |               Robust
     guesses_e_ | Coefficient  std. err.      t    P>|t|     [95% conf. interval]
----------------+----------------------------------------------------------------
          treat |  -10.00097   1.246477    -8.02   0.000    -12.53146   -7.470491
       private_ |   3.233804   .9634281     3.36   0.002     1.277941    5.189667
       treat_ss |  -1.529959   1.605203    -0.95   0.347    -4.788695    1.728777
     guesses_b_ |   .1055606    .024664     4.28   0.000     .0554899    .1556312
                |
       topic_id |
 death_penalty  |   12.70461   1.455536     8.73   0.000     9.749713     15.6595
 immunizations  |   24.30128   1.497571    16.23   0.000     21.26105    27.34151
rename_schools  |  -.6327955   1.798194    -0.35   0.727    -4.283324    3.017733
                |
         gender |
             2  |    .324915   1.283041     0.25   0.802    -2.279797    2.929627
             4  |    19.5671   3.471665     5.64   0.000     12.51925    26.61496
             5  |   1.380004   2.002128     0.69   0.495    -2.684533    5.444541
             6  |    2.39375    2.59281     0.92   0.362    -2.869934    7.657435
                |
           race |
             3  |  -2.742101   2.880729    -0.95   0.348    -8.590291    3.106089
             4  |  -.3473813   1.422904    -0.24   0.809    -3.236031    2.541268
             6  |   .0973141   1.074096     0.09   0.928    -2.083216    2.277844
             7  |   1.642988   2.326333     0.71   0.485     -3.07972    6.365696
                |
           year |
             2  |   -.823553    2.19084    -0.38   0.709    -5.271195    3.624089
             3  |  -.2904879   1.487969    -0.20   0.846    -3.311227    2.730251
             4  |    2.97127   1.374919     2.16   0.038     .1800349    5.762504
             5  |   2.162777   1.986296     1.09   0.284    -1.869617    6.195172
             6  |   1.436894   2.760756     0.52   0.606    -4.167738    7.041527
                |
       ideology |
             2  |   .4013059   1.084363     0.37   0.714    -1.800067    2.602679
             3  |  -1.695584   1.523068    -1.11   0.273    -4.787575    1.396408
             4  |  -.5902323   1.924529    -0.31   0.761    -4.497234    3.316769
             5  |  -1.085038   1.788504    -0.61   0.548    -4.715895     2.54582
             6  |  -3.295911   2.743509    -1.20   0.238     -8.86553    2.273708
             9  |   1.544596   2.494404     0.62   0.540    -3.519314    6.608507
                |
          major |
             2  |   3.414384   1.592194     2.14   0.039     .1820587     6.64671
             7  |  -6.355372   2.325716    -2.73   0.010    -11.07683   -1.633917
             9  |   3.468679   1.756799     1.97   0.056    -.0978126    7.035171
            10  |   1.037327   1.806069     0.57   0.569    -2.629189    4.703842
            11  |   2.614067   1.901173     1.37   0.178    -1.245519    6.473654
            13  |   3.754111   1.564128     2.40   0.022     .5787626    6.929459
            15  |  -2.642287   2.044812    -1.29   0.205    -6.793477    1.508902
                |
     group_size |   .2756684   .4980885     0.55   0.583    -.7355051    1.286842
 2.session_time |  -.3775072   .9761342    -0.39   0.701    -2.359165    1.604151
                |
      moderator |
             2  |   2.569708   1.383886     1.86   0.072    -.2397297    5.379145
             3  |    4.87028   1.471033     3.31   0.002     1.883925    7.856635
                |
           week |
             1  |   6.551041   1.242325     5.27   0.000     4.028987    9.073094
             2  |   5.473339   2.188842     2.50   0.017     1.029754    9.916924
             3  |   4.857735   1.572904     3.09   0.004     1.664571      8.0509
             4  |   5.902882   1.563858     3.77   0.001     2.728081    9.077682
                |
          _cons |   40.48361   4.374376     9.25   0.000     31.60316    49.36406
---------------------------------------------------------------------------------

.         eststo
(est9 stored)

.         qui sum guesses_e_ if treat == 0 

.         estadd scalar Cmean = r(mean)

added scalar:
              e(Cmean) =  70.445783

.         estadd scalar Csd = r(sd)

added scalar:
                e(Csd) =  17.996901

.         distinct(survey_id)

           |        Observations
           |      total   distinct
-----------+----------------------
 survey_id |       1332        333

.         estadd scalar ids = round(r(ndistinct),1)

added scalar:
                e(ids) =  333

. 
. reg guesses_e_ treat private_ soph1_ treat_private treat_soph1_ treat_female treat_asian treat_white
>  treat_liberal treat_senior treat_ss guesses_b_ i.topic_id `ind_controls' `session_controls', cluste
> r(zoom_id)

Linear regression                               Number of obs     =      1,325
                                                F(34, 35)         =          .
                                                Prob > F          =          .
                                                R-squared         =     0.5358
                                                Root MSE          =     13.992

                                  (Std. err. adjusted for 36 clusters in zoom_id)
---------------------------------------------------------------------------------
                |               Robust
     guesses_e_ | Coefficient  std. err.      t    P>|t|     [95% conf. interval]
----------------+----------------------------------------------------------------
          treat |  -14.19837   3.564403    -3.98   0.000     -21.4345   -6.962249
       private_ |   .3408737   .7317243     0.47   0.644    -1.144606    1.826353
         soph1_ |  -9.115068   1.014913    -8.98   0.000    -11.17545   -7.054685
  treat_private |   5.335715   1.610538     3.31   0.002     2.066148    8.605281
   treat_soph1_ |  -3.132835   1.831861    -1.71   0.096    -6.851711    .5860407
   treat_female |    .856661   2.070105     0.41   0.682    -3.345876    5.059198
    treat_asian |   3.083188   2.386099     1.29   0.205     -1.76085    7.927227
    treat_white |  -.1966726    2.67708    -0.07   0.942    -5.631434    5.238089
  treat_liberal |   .4696872    2.50108     0.19   0.852    -4.607775     5.54715
   treat_senior |   1.395643   1.672044     0.83   0.410    -1.998787    4.790073
       treat_ss |  -1.307707   1.360937    -0.96   0.343    -4.070556    1.455142
     guesses_b_ |   .0844737   .0226523     3.73   0.001     .0384871    .1304602
                |
       topic_id |
 death_penalty  |    11.6749   1.300621     8.98   0.000     9.034501     14.3153
 immunizations  |   23.89341     1.5316    15.60   0.000      20.7841    27.00273
rename_schools  |  -.3963103   1.529482    -0.26   0.797    -3.501323    2.708703
                |
         gender |
             2  |   .0429052   1.587946     0.03   0.979    -3.180797    3.266608
             4  |   16.55176   3.864008     4.28   0.000     8.707403    24.39611
             5  |   2.684515   1.500144     1.79   0.082    -.3609387    5.729969
             6  |  -.6249066   3.001893    -0.21   0.836    -6.719074    5.469261
                |
           race |
             3  |  -2.272596   2.690657    -0.84   0.404     -7.73492    3.189728
             4  |    1.32728   1.479257     0.90   0.376    -1.675771    4.330331
             6  |   2.612571   1.142929     2.29   0.028     .2923009    4.932841
             7  |   4.080111   3.043343     1.34   0.189    -2.098204    10.25843
                |
           year |
             2  |  -.7686369   2.129608    -0.36   0.720    -5.091971    3.554697
             3  |     .06979   1.360932     0.05   0.959     -2.69305     2.83263
             4  |   2.023171   1.518083     1.33   0.191    -1.058701    5.105044
             5  |     1.4386   1.762843     0.82   0.420    -2.140162    5.017362
             6  |   1.028344   2.602429     0.40   0.695    -4.254869    6.311556
                |
       ideology |
             2  |   1.430362   .9607748     1.49   0.146    -.5201147    3.380838
             3  |   .0429699   1.363263     0.03   0.975    -2.724601     2.81054
             4  |   .5818754   2.154273     0.27   0.789    -3.791532    4.955282
             5  |   1.255033   2.145507     0.58   0.562    -3.100578    5.610644
             6  |    .964352   2.849599     0.34   0.737    -4.820641    6.749346
             9  |   1.754023   1.951325     0.90   0.375    -2.207377    5.715423
                |
          major |
             2  |   5.437034   1.469953     3.70   0.001      2.45287    8.421197
             7  |  -2.921853    2.51497    -1.16   0.253    -8.027513    2.183807
             9  |    5.14426    1.75752     2.93   0.006     1.576304    8.712215
            10  |   3.189191   1.803004     1.77   0.086    -.4711014    6.849483
            11  |   4.361054   1.733409     2.52   0.017     .8420455    7.880062
            13  |   5.041389   1.586125     3.18   0.003     1.821384    8.261393
            15  |   .0555669   1.905678     0.03   0.977    -3.813165    3.924299
                |
     group_size |   .1679519    .501756     0.33   0.740    -.8506669    1.186571
 2.session_time |    .279288    .925728     0.30   0.765     -1.60004    2.158616
                |
      moderator |
             2  |   2.414901   1.143008     2.11   0.042     .0944703    4.735331
             3  |   4.346261   1.470788     2.96   0.006     1.360402     7.33212
                |
           week |
             1  |   3.943978   1.273146     3.10   0.004     1.359355    6.528601
             2  |     3.0418   1.998236     1.52   0.137    -1.014834    7.098434
             3  |   2.430228   1.536514     1.58   0.123    -.6890606    5.549516
             4  |   3.316972   1.310758     2.53   0.016     .6559922    5.977951
                |
          _cons |   49.04291   5.088221     9.64   0.000     38.71327    59.37255
---------------------------------------------------------------------------------

.         eststo
(est10 stored)

.         qui sum guesses_e_ if treat == 0 

.         estadd scalar Cmean = r(mean)

added scalar:
              e(Cmean) =  70.445783

.         estadd scalar Csd = r(sd)

added scalar:
                e(Csd) =  17.996901

.         distinct(survey_id)

           |        Observations
           |      total   distinct
-----------+----------------------
 survey_id |       1332        333

.         estadd scalar ids = round(r(ndistinct),1)

added scalar:
                e(ids) =  333

. 
. esttab using "$output/het_endline.tex", ///
> se lab stats(Cmean Csd ids,labels("Mean" "SD" "IDs")) keep(treat*) star( * 0.1 ** 0.05 *** 0.01) ///
> varwidth(32) wrap compress nogap noconstant replace ///
> title("TC_het_endline") 
(file /Users/yihong/Desktop/Silence Replicate Final/Output/het_endline.tex not found)
(output written to /Users/yihong/Desktop/Silence Replicate Final/Output/het_endline.tex)

. 
. 
end of do-file

. do "$code/Figure D5.do"

. **** Test if posteriors are bimodal **** 
. * k-density for midline and endline beliefs (for control and treat respectively), by topic
. use "$data/TC_cleaned.dta", clear
(TC_cleaned -- de-identified 21 Aug 2026)

. 
. keep *rename_schools *affirmative_action *death_penalty *immunizations *daylight_saving ///
>          treat e_* gender race year major ideology survey_id zoom_id moderator week group_size sessi
> on_time

.          
.           
. foreach var in rename_schools affirmative_action death_penalty immunizations{
  2.         rename guesses_`var' guesses_b_`var'
  3.         
. }

. 
. local label_rename_schools "Renaming Schools"

. local label_affirmative_action "Affirmative Action"

. local label_death_penalty "Death Penalty"

. local label_immunizations "Immunizations"

. 
. foreach var in rename_schools affirmative_action death_penalty immunizations{
  2.         twoway(kdensity guesses_b_`var' if treat == 0, bwidth(6) lcolor(gs80) lpattern(shortdash)
> ) ///
>         (kdensity guesses_m_`var' if treat == 0, bwidth(6) lcolor(red)) ///
>         (kdensity guesses_m_`var' if treat == 1, bwidth(6) lcolor(blue)), ///
>         legend(order(1 2 3 4 5) label(1 "Baseline") label(2 "Midline, Control") label(3 "Midline, Tr
> eat") position(6) rows(1)) xtitle("Guesses: % Agree, `label_`var''") ytitle(Kernel Density) title("K
> ernel Density of % Agree, `label_`var''")
  3.         graph export "$output/kdensity_`var'.png", replace      
  4. }
(note:  named style gs80 not found in class color, default attributes used)
(note:  named style gs80 not found in class color, default attributes used)
file /Users/yihong/Desktop/Silence Replicate Final/Output/kdensity_rename_schools.png saved as PNG
    format
(note:  named style gs80 not found in class color, default attributes used)
(note:  named style gs80 not found in class color, default attributes used)
file /Users/yihong/Desktop/Silence Replicate Final/Output/kdensity_affirmative_action.png saved as
    PNG format
(note:  named style gs80 not found in class color, default attributes used)
(note:  named style gs80 not found in class color, default attributes used)
file /Users/yihong/Desktop/Silence Replicate Final/Output/kdensity_death_penalty.png saved as PNG
    format
(note:  named style gs80 not found in class color, default attributes used)
(note:  named style gs80 not found in class color, default attributes used)
file /Users/yihong/Desktop/Silence Replicate Final/Output/kdensity_immunizations.png saved as PNG
    format

. 
. 
end of do-file

. log using "$logs/Table_D15.log", replace text name(exhibit)
------------------------------------------------------------------------------------------------------
      name:  exhibit
       log:  /Users/yihong/Desktop/Silence Replicate Final/logs/Table_D15.log
  log type:  text
 opened on:  27 Aug 2026, 11:52:34

. do "$code/Table D15.do"       // sets its own seed; fmm is not reproducible without one

. *** Table D.15: Treatment Effects on Latent Attention Types Across Topics
. ***
. *** Displayed output only -- captured in logs/Table_D15.log by the master file.
. *** The table is assembled by hand into Draft tex/Tables/ffm_midline.tex.
. ***
. *==============================================================================
. * WHERE EACH CELL OF TABLE D.15 COMES FROM
. *
. * The table has one COLUMN per topic, in this order:
. *     (1) Renaming Schools   (2) Affirmative Action
. *     (3) Death Penalty      (4) Immunizations
. * and five ROWS. For each topic the numbers are read off the output of the two
. * commands marked [A] and [B] in the loop below:
. *
. *   Row "%Agree, Type 1"      -> [A] the _cons of the regress equation for the
. *   Row "%Agree, Type 2"          component with the LOWER (Type 1) and HIGHER
. *                                 (Type 2) estimated mean, with its standard
. *                                 error in parentheses beneath.
. *
. *   Row "Pr(Type 1| Control)" -> [B] the margins table, row treat = 0
. *   Row "Pr(Type 1| Treat)"   -> [B] the margins table, row treat = 1
. *                                 (delta-method standard errors in parentheses)
. *
. *   Row "p-value"             -> [A] the latent-class probability equation, the
. *                                 p-value on 1.treat
. *
. * The -fmm 1- / -fmm 2- pairs with -estat ic- are not in the table. They are the
. * one- versus two-component BIC comparison that motivates using two components;
. * the two BIC values are noted in the comment beside each -estat ic-.
. *==============================================================================
. 
. set seed 20260820

. 
. **** Test if posteriors are bimodal ****
. use "$data/TC_cleaned.dta", clear
(TC_cleaned -- de-identified 21 Aug 2026)

. 
. keep *rename_schools *affirmative_action *death_penalty *immunizations *daylight_saving ///
>          treat e_* gender race year major ideology survey_id zoom_id moderator week group_size sessi
> on_time

. 
. 
. foreach var in rename_schools affirmative_action death_penalty immunizations{
  2.         rename guesses_`var' guesses_b_`var'
  3. 
. }

. 
. local label_rename_schools "Renaming Schools"

. local label_affirmative_action "Affirmative Action"

. local label_death_penalty "Death Penalty"

. local label_immunizations "Immunizations"

. 
. 
. 
. * finite mixture model: "two types" + treatment shifts their share
. 
. *------------------------------------------------------------------ COLUMN (1)
. local y guesses_m_rename_schools

. 
. fmm 1: regress `y'

Iteration 0:  Log likelihood = -1307.0655  
Iteration 1:  Log likelihood = -1307.0655  

Finite mixture model                                       Number of obs = 333
Log likelihood = -1307.0655

------------------------------------------------------------------------------
             | Coefficient  Std. err.      z    P>|z|     [95% conf. interval]
-------------+----------------------------------------------------------------
1.Class      |  (base outcome)
------------------------------------------------------------------------------

Class:    1                   
Response: guesses_m_rename_s~s
Model:    regress             

-------------------------------------------------------------------------------------------------
                                | Coefficient  Std. err.      z    P>|z|     [95% conf. interval]
--------------------------------+----------------------------------------------------------------
guesses_m_rename_schools        |
                          _cons |   53.17718   .6717372    79.16   0.000      51.8606    54.49376
--------------------------------+----------------------------------------------------------------
 var(e.guesses_m_rename_schools)|   150.2599   11.64491                      129.0852    174.9081
-------------------------------------------------------------------------------------------------

. estat ic

Akaike's information criterion and Bayesian information criterion

-----------------------------------------------------------------------------
       Model |          N   ll(null)  ll(model)      df        AIC        BIC
-------------+---------------------------------------------------------------
           . |        333          .  -1307.066       2   2618.131   2625.747
-----------------------------------------------------------------------------
Note: BIC uses N = number of observations. See [R] IC note.

. fmm 2: regress `y'

Fitting class model:

Iteration 0:  (class) log likelihood = -230.81651  
Iteration 1:  (class) log likelihood = -230.81651  

Fitting outcome model:

Iteration 0:  (outcome) log likelihood = -1192.0431  
Iteration 1:  (outcome) log likelihood = -1192.0431  

Refining starting values:

Iteration 0:  (EM) log likelihood = -1464.0402
Iteration 1:  (EM) log likelihood = -1484.7789
Iteration 2:  (EM) log likelihood = -1497.1856
Iteration 3:  (EM) log likelihood = -1505.2091
Iteration 4:  (EM) log likelihood = -1510.5042
Iteration 5:  (EM) log likelihood = -1513.4739
Iteration 6:  (EM) log likelihood = -1513.2669
Iteration 7:  (EM) log likelihood = -1509.5201
Iteration 8:  (EM) log likelihood = -1503.5343
Iteration 9:  (EM) log likelihood = -1496.5358
Iteration 10: (EM) log likelihood = -1489.6225
Iteration 11: (EM) log likelihood = -1483.5605
Iteration 12: (EM) log likelihood = -1478.6753
Iteration 13: (EM) log likelihood = -1474.9636
Iteration 14: (EM) log likelihood = -1472.2573
Iteration 15: (EM) log likelihood = -1470.3337
Iteration 16: (EM) log likelihood = -1468.9858
Iteration 17: (EM) log likelihood = -1468.0455
Iteration 18: (EM) log likelihood = -1467.3869
Iteration 19: (EM) log likelihood = -1466.9199
Iteration 20: (EM) log likelihood = -1466.5819
note: EM algorithm reached maximum iterations.

Fitting full model:

Iteration 0:  Log likelihood = -1288.9615  (not concave)
Iteration 1:  Log likelihood = -1288.9457  (backed up)
Iteration 2:  Log likelihood = -1288.8701  
Iteration 3:  Log likelihood = -1288.7269  
Iteration 4:  Log likelihood = -1288.7261  
Iteration 5:  Log likelihood = -1288.7261  

Finite mixture model                                       Number of obs = 333
Log likelihood = -1288.7261

------------------------------------------------------------------------------
             | Coefficient  Std. err.      z    P>|z|     [95% conf. interval]
-------------+----------------------------------------------------------------
1.Class      |  (base outcome)
-------------+----------------------------------------------------------------
2.Class      |
       _cons |    1.08137    .701949     1.54   0.123    -.2944252    2.457164
------------------------------------------------------------------------------

Class:    1                   
Response: guesses_m_rename_s~s
Model:    regress             

-------------------------------------------------------------------------------------------------
                                | Coefficient  Std. err.      z    P>|z|     [95% conf. interval]
--------------------------------+----------------------------------------------------------------
guesses_m_rename_schools        |
                          _cons |   51.97693   3.292168    15.79   0.000     45.52439    58.42946
--------------------------------+----------------------------------------------------------------
 var(e.guesses_m_rename_schools)|   389.2224    129.202                      203.0684     746.025
-------------------------------------------------------------------------------------------------

Class:    2                   
Response: guesses_m_rename_s~s
Model:    regress             

-------------------------------------------------------------------------------------------------
                                | Coefficient  Std. err.      z    P>|z|     [95% conf. interval]
--------------------------------+----------------------------------------------------------------
guesses_m_rename_schools        |
                          _cons |   53.58422   .8216318    65.22   0.000     51.97385    55.19459
--------------------------------+----------------------------------------------------------------
 var(e.guesses_m_rename_schools)|   68.56613   18.11758                      40.85001    115.0872
-------------------------------------------------------------------------------------------------

. estat ic  //2625.7-2606.5

Akaike's information criterion and Bayesian information criterion

-----------------------------------------------------------------------------
       Model |          N   ll(null)  ll(model)      df        AIC        BIC
-------------+---------------------------------------------------------------
           . |        333          .  -1288.726       5   2587.452   2606.493
-----------------------------------------------------------------------------
Note: BIC uses N = number of observations. See [R] IC note.

. 
. * [A] component means -> rows "%Agree, Type 1" and "%Agree, Type 2"
. *     latent-class equation -> row "p-value" (p on 1.treat)
. fmm 2, lcprob(i.treat): regress `y'

Fitting class model:

Iteration 0:  (class) log likelihood = -230.81651  
Iteration 1:  (class) log likelihood = -76.769923  
Iteration 2:  (class) log likelihood = -75.635509  
Iteration 3:  (class) log likelihood = -75.635109  
Iteration 4:  (class) log likelihood = -75.635109  

Fitting outcome model:

Iteration 0:  (outcome) log likelihood = -1262.3491  
Iteration 1:  (outcome) log likelihood = -1262.3491  

Refining starting values:

Iteration 0:  (EM) log likelihood = -1358.4995
Iteration 1:  (EM) log likelihood = -1359.1852
Iteration 2:  (EM) log likelihood = -1357.1693
Iteration 3:  (EM) log likelihood = -1354.8274
Iteration 4:  (EM) log likelihood = -1352.5652
Iteration 5:  (EM) log likelihood = -1350.4536
Iteration 6:  (EM) log likelihood = -1348.5009
Iteration 7:  (EM) log likelihood = -1346.7024
Iteration 8:  (EM) log likelihood = -1345.0511
Iteration 9:  (EM) log likelihood = -1343.5395
Iteration 10: (EM) log likelihood = -1342.1599
Iteration 11: (EM) log likelihood = -1340.9048
Iteration 12: (EM) log likelihood = -1339.7665
Iteration 13: (EM) log likelihood = -1338.7379
Iteration 14: (EM) log likelihood = -1337.8121
Iteration 15: (EM) log likelihood = -1336.9821
Iteration 16: (EM) log likelihood = -1336.2417
Iteration 17: (EM) log likelihood = -1335.5847
Iteration 18: (EM) log likelihood = -1335.0053
Iteration 19: (EM) log likelihood = -1334.4979
Iteration 20: (EM) log likelihood = -1334.0574
note: EM algorithm reached maximum iterations.

Fitting full model:

Iteration 0:  Log likelihood = -1286.4314  (not concave)
Iteration 1:  Log likelihood = -1286.4008  (backed up)
Iteration 2:  Log likelihood = -1285.5532  
Iteration 3:  Log likelihood = -1284.8163  
Iteration 4:  Log likelihood = -1284.3839  
Iteration 5:  Log likelihood =  -1284.355  
Iteration 6:  Log likelihood = -1284.3539  
Iteration 7:  Log likelihood = -1284.3538  
Iteration 8:  Log likelihood = -1284.3538  

Finite mixture model                                       Number of obs = 333
Log likelihood = -1284.3538

------------------------------------------------------------------------------
             | Coefficient  Std. err.      z    P>|z|     [95% conf. interval]
-------------+----------------------------------------------------------------
1.Class      |  (base outcome)
-------------+----------------------------------------------------------------
2.Class      |
     1.treat |  -15.47657    430.638    -0.04   0.971    -859.5115    828.5583
       _cons |   16.40781    430.638     0.04   0.970    -827.6272    860.4429
------------------------------------------------------------------------------

Class:    1                   
Response: guesses_m_rename_s~s
Model:    regress             

-------------------------------------------------------------------------------------------------
                                | Coefficient  Std. err.      z    P>|z|     [95% conf. interval]
--------------------------------+----------------------------------------------------------------
guesses_m_rename_schools        |
                          _cons |   38.87238   5.913628     6.57   0.000     27.28188    50.46287
--------------------------------+----------------------------------------------------------------
 var(e.guesses_m_rename_schools)|   210.3388   53.93844                       127.245    347.6947
-------------------------------------------------------------------------------------------------

Class:    2                   
Response: guesses_m_rename_s~s
Model:    regress             

-------------------------------------------------------------------------------------------------
                                | Coefficient  Std. err.      z    P>|z|     [95% conf. interval]
--------------------------------+----------------------------------------------------------------
guesses_m_rename_schools        |
                          _cons |   55.53974   .8155211    68.10   0.000     53.94134    57.13813
--------------------------------+----------------------------------------------------------------
 var(e.guesses_m_rename_schools)|   100.9647   9.107393                      84.60345      120.49
-------------------------------------------------------------------------------------------------

. 
. * [B] -> rows "Pr(Type 1| Control)" (treat = 0) and "Pr(Type 1| Treat)" (treat = 1)
. margins treat, predict(classpr)

Adjusted predictions                                       Number of obs = 333
Model VCE: OIM

Expression: Predicted probability (1.Class), predict(classpr)

------------------------------------------------------------------------------
             |            Delta-method
             |     Margin   std. err.      z    P>|z|     [95% conf. interval]
-------------+----------------------------------------------------------------
       treat |
          0  |   7.48e-08   .0000322     0.00   0.998    -.0000631    .0000632
          1  |    .282672   .1490483     1.90   0.058    -.0094572    .5748012
------------------------------------------------------------------------------

. 
. *------------------------------------------------------------------ COLUMN (2)
. local y guesses_m_affirmative_action

. 
. fmm 1: regress `y'

Iteration 0:  Log likelihood = -1310.6673  
Iteration 1:  Log likelihood = -1310.6673  

Finite mixture model                                       Number of obs = 333
Log likelihood = -1310.6673

------------------------------------------------------------------------------
             | Coefficient  Std. err.      z    P>|z|     [95% conf. interval]
-------------+----------------------------------------------------------------
1.Class      |  (base outcome)
------------------------------------------------------------------------------

Class:    1                   
Response: guesses_m_affirmat~n
Model:    regress             

-----------------------------------------------------------------------------------------------------
                                    | Coefficient  Std. err.      z    P>|z|     [95% conf. interval]
------------------------------------+----------------------------------------------------------------
guesses_m_affirmative_action        |
                              _cons |   54.26426   .6790423    79.91   0.000     52.93337    55.59516
------------------------------------+----------------------------------------------------------------
 var(e.guesses_m_affirmative_action)|   153.5458   11.89956                       131.908     178.733
-----------------------------------------------------------------------------------------------------

. estat ic

Akaike's information criterion and Bayesian information criterion

-----------------------------------------------------------------------------
       Model |          N   ll(null)  ll(model)      df        AIC        BIC
-------------+---------------------------------------------------------------
           . |        333          .  -1310.667       2   2625.335   2632.951
-----------------------------------------------------------------------------
Note: BIC uses N = number of observations. See [R] IC note.

. 
. fmm 2: regress `y'

Fitting class model:

Iteration 0:  (class) log likelihood = -230.81651  
Iteration 1:  (class) log likelihood = -230.81651  

Fitting outcome model:

Iteration 0:  (outcome) log likelihood =  -1165.911  
Iteration 1:  (outcome) log likelihood =  -1165.911  

Refining starting values:

Iteration 0:  (EM) log likelihood = -1443.5424
Iteration 1:  (EM) log likelihood = -1467.0555
Iteration 2:  (EM) log likelihood = -1480.7139
Iteration 3:  (EM) log likelihood = -1489.0287
Iteration 4:  (EM) log likelihood =  -1493.897
Iteration 5:  (EM) log likelihood = -1496.2852
Iteration 6:  (EM) log likelihood = -1496.8395
Iteration 7:  (EM) log likelihood = -1496.1004
Iteration 8:  (EM) log likelihood =  -1494.548
Iteration 9:  (EM) log likelihood = -1492.5935
Iteration 10: (EM) log likelihood = -1490.5555
Iteration 11: (EM) log likelihood = -1488.6494
Iteration 12: (EM) log likelihood = -1486.9897
Iteration 13: (EM) log likelihood = -1485.6153
Iteration 14: (EM) log likelihood = -1484.5166
Iteration 15: (EM) log likelihood = -1483.6592
Iteration 16: (EM) log likelihood = -1483.0003
Iteration 17: (EM) log likelihood = -1482.4984
Iteration 18: (EM) log likelihood = -1482.1169
Iteration 19: (EM) log likelihood = -1481.8263
Iteration 20: (EM) log likelihood = -1481.6032
note: EM algorithm reached maximum iterations.

Fitting full model:

Iteration 0:  Log likelihood = -1297.3551  
Iteration 1:  Log likelihood = -1297.3309  
Iteration 2:  Log likelihood = -1297.3275  
Iteration 3:  Log likelihood = -1297.3275  

Finite mixture model                                       Number of obs = 333
Log likelihood = -1297.3275

------------------------------------------------------------------------------
             | Coefficient  Std. err.      z    P>|z|     [95% conf. interval]
-------------+----------------------------------------------------------------
1.Class      |  (base outcome)
-------------+----------------------------------------------------------------
2.Class      |
       _cons |   .6032778     .98001     0.62   0.538    -1.317507    2.524062
------------------------------------------------------------------------------

Class:    1                   
Response: guesses_m_affirmat~n
Model:    regress             

-----------------------------------------------------------------------------------------------------
                                    | Coefficient  Std. err.      z    P>|z|     [95% conf. interval]
------------------------------------+----------------------------------------------------------------
guesses_m_affirmative_action        |
                              _cons |    50.5134   4.838785    10.44   0.000     41.02956    59.99725
------------------------------------+----------------------------------------------------------------
 var(e.guesses_m_affirmative_action)|   291.6608   72.25826                      179.4713    473.9813
-----------------------------------------------------------------------------------------------------

Class:    2                   
Response: guesses_m_affirmat~n
Model:    regress             

-----------------------------------------------------------------------------------------------------
                                    | Coefficient  Std. err.      z    P>|z|     [95% conf. interval]
------------------------------------+----------------------------------------------------------------
guesses_m_affirmative_action        |
                              _cons |   56.31605   .9645288    58.39   0.000     54.42561    58.20649
------------------------------------+----------------------------------------------------------------
 var(e.guesses_m_affirmative_action)|   66.08894   32.07175                      25.53032    171.0808
-----------------------------------------------------------------------------------------------------

. estat ic  //2633-2623.7

Akaike's information criterion and Bayesian information criterion

-----------------------------------------------------------------------------
       Model |          N   ll(null)  ll(model)      df        AIC        BIC
-------------+---------------------------------------------------------------
           . |        333          .  -1297.327       5   2604.655   2623.696
-----------------------------------------------------------------------------
Note: BIC uses N = number of observations. See [R] IC note.

. 
. * [A] see the header block
. fmm 2, lcprob(i.treat): regress `y'

Fitting class model:

Iteration 0:  (class) log likelihood = -230.81651  
Iteration 1:  (class) log likelihood = -91.533119  
Iteration 2:  (class) log likelihood = -91.259455  
Iteration 3:  (class) log likelihood = -91.258554  
Iteration 4:  (class) log likelihood = -91.258554  

Fitting outcome model:

Iteration 0:  (outcome) log likelihood = -1255.4051  
Iteration 1:  (outcome) log likelihood = -1255.4051  

Refining starting values:

Iteration 0:  (EM) log likelihood = -1378.5438
Iteration 1:  (EM) log likelihood = -1387.5649
Iteration 2:  (EM) log likelihood = -1391.9063
Iteration 3:  (EM) log likelihood = -1394.9093
Iteration 4:  (EM) log likelihood = -1397.4262
Iteration 5:  (EM) log likelihood =  -1399.712
Iteration 6:  (EM) log likelihood = -1401.8525
Iteration 7:  (EM) log likelihood = -1403.8798
Iteration 8:  (EM) log likelihood = -1405.8088
Iteration 9:  (EM) log likelihood = -1407.6476
Iteration 10: (EM) log likelihood = -1409.4021
Iteration 11: (EM) log likelihood = -1411.0769
Iteration 12: (EM) log likelihood = -1412.6753
Iteration 13: (EM) log likelihood =    -1414.2
Iteration 14: (EM) log likelihood = -1415.6533
Iteration 15: (EM) log likelihood = -1417.0367
Iteration 16: (EM) log likelihood = -1418.3514
Iteration 17: (EM) log likelihood = -1419.5984
Iteration 18: (EM) log likelihood = -1420.7781
Iteration 19: (EM) log likelihood = -1421.8908
Iteration 20: (EM) log likelihood = -1422.9366
note: EM algorithm reached maximum iterations.

Fitting full model:

Iteration 0:  Log likelihood =   -1291.72  (not concave)
Iteration 1:  Log likelihood = -1291.1927  
Iteration 2:  Log likelihood = -1289.4159  
Iteration 3:  Log likelihood = -1289.1896  
Iteration 4:  Log likelihood = -1289.1616  
Iteration 5:  Log likelihood = -1289.1615  

Finite mixture model                                       Number of obs = 333
Log likelihood = -1289.1615

------------------------------------------------------------------------------
             | Coefficient  Std. err.      z    P>|z|     [95% conf. interval]
-------------+----------------------------------------------------------------
1.Class      |  (base outcome)
-------------+----------------------------------------------------------------
2.Class      |
     1.treat |  -2.403284   .7082579    -3.39   0.001    -3.791444   -1.015124
       _cons |   3.052292   .8286015     3.68   0.000     1.428263    4.676321
------------------------------------------------------------------------------

Class:    1                   
Response: guesses_m_affirmat~n
Model:    regress             

-----------------------------------------------------------------------------------------------------
                                    | Coefficient  Std. err.      z    P>|z|     [95% conf. interval]
------------------------------------+----------------------------------------------------------------
guesses_m_affirmative_action        |
                              _cons |   41.13353   5.491717     7.49   0.000     30.36996     51.8971
------------------------------------+----------------------------------------------------------------
 var(e.guesses_m_affirmative_action)|   199.5062   51.54127                      120.2412    331.0239
-----------------------------------------------------------------------------------------------------

Class:    2                   
Response: guesses_m_affirmat~n
Model:    regress             

-----------------------------------------------------------------------------------------------------
                                    | Coefficient  Std. err.      z    P>|z|     [95% conf. interval]
------------------------------------+----------------------------------------------------------------
guesses_m_affirmative_action        |
                              _cons |   57.43719   .8143564    70.53   0.000     55.84108     59.0333
------------------------------------+----------------------------------------------------------------
 var(e.guesses_m_affirmative_action)|    90.7098   9.506493                      73.86646    111.3938
-----------------------------------------------------------------------------------------------------

. * [B] see the header block
. margins treat, predict(classpr)

Adjusted predictions                                       Number of obs = 333
Model VCE: OIM

Expression: Predicted probability (1.Class), predict(classpr)

------------------------------------------------------------------------------
             |            Delta-method
             |     Margin   std. err.      z    P>|z|     [95% conf. interval]
-------------+----------------------------------------------------------------
       treat |
          0  |   .0451186   .0356986     1.26   0.206    -.0248493    .1150865
          1  |    .343213    .148752     2.31   0.021     .0516645    .6347615
------------------------------------------------------------------------------

. 
. 
. *------------------------------------------------------------------ COLUMN (3)
. local y guesses_m_death_penalty

. fmm 1: regress `y'

Iteration 0:  Log likelihood = -1329.0824  
Iteration 1:  Log likelihood = -1329.0824  

Finite mixture model                                       Number of obs = 333
Log likelihood = -1329.0824

------------------------------------------------------------------------------
             | Coefficient  Std. err.      z    P>|z|     [95% conf. interval]
-------------+----------------------------------------------------------------
1.Class      |  (base outcome)
------------------------------------------------------------------------------

Class:    1                   
Response: guesses_m_death_pe~y
Model:    regress             

------------------------------------------------------------------------------------------------
                               | Coefficient  Std. err.      z    P>|z|     [95% conf. interval]
-------------------------------+----------------------------------------------------------------
guesses_m_death_penalty        |
                         _cons |   66.59159   .7176515    92.79   0.000     65.18502    67.99816
-------------------------------+----------------------------------------------------------------
 var(e.guesses_m_death_penalty)|   171.5029    13.2912                      147.3346    199.6357
------------------------------------------------------------------------------------------------

. estat ic

Akaike's information criterion and Bayesian information criterion

-----------------------------------------------------------------------------
       Model |          N   ll(null)  ll(model)      df        AIC        BIC
-------------+---------------------------------------------------------------
           . |        333          .  -1329.082       2   2662.165   2669.781
-----------------------------------------------------------------------------
Note: BIC uses N = number of observations. See [R] IC note.

. 
. fmm 2: regress `y'

Fitting class model:

Iteration 0:  (class) log likelihood = -230.81651  
Iteration 1:  (class) log likelihood = -230.81651  

Fitting outcome model:

Iteration 0:  (outcome) log likelihood = -1168.8212  
Iteration 1:  (outcome) log likelihood = -1168.8212  

Refining starting values:

Iteration 0:  (EM) log likelihood = -1433.3108
Iteration 1:  (EM) log likelihood = -1452.2792
Iteration 2:  (EM) log likelihood = -1464.7794
Iteration 3:  (EM) log likelihood = -1473.5393
Iteration 4:  (EM) log likelihood = -1479.8702
Iteration 5:  (EM) log likelihood = -1484.5296
Iteration 6:  (EM) log likelihood = -1487.9996
Iteration 7:  (EM) log likelihood = -1490.6074
Iteration 8:  (EM) log likelihood = -1492.5784
Iteration 9:  (EM) log likelihood = -1494.0721
Iteration 10: (EM) log likelihood = -1495.2032
Iteration 11: (EM) log likelihood = -1496.0548
Iteration 12: (EM) log likelihood = -1496.6883
Iteration 13: (EM) log likelihood = -1497.1493
Iteration 14: (EM) log likelihood = -1497.4723
Iteration 15: (EM) log likelihood =  -1497.684
Iteration 16: (EM) log likelihood = -1497.8049
Iteration 17: (EM) log likelihood = -1497.8512
Iteration 18: (EM) log likelihood = -1497.8358
Iteration 19: (EM) log likelihood = -1497.7691
Iteration 20: (EM) log likelihood = -1497.6592
note: EM algorithm reached maximum iterations.

Fitting full model:

Iteration 0:  Log likelihood = -1315.6037  
Iteration 1:  Log likelihood = -1314.9747  
Iteration 2:  Log likelihood = -1314.8237  
Iteration 3:  Log likelihood =   -1314.81  
Iteration 4:  Log likelihood = -1314.8097  
Iteration 5:  Log likelihood = -1314.8097  

Finite mixture model                                       Number of obs = 333
Log likelihood = -1314.8097

------------------------------------------------------------------------------
             | Coefficient  Std. err.      z    P>|z|     [95% conf. interval]
-------------+----------------------------------------------------------------
1.Class      |  (base outcome)
-------------+----------------------------------------------------------------
2.Class      |
       _cons |   1.249313   .9710799     1.29   0.198    -.6539682    3.152595
------------------------------------------------------------------------------

Class:    1                   
Response: guesses_m_death_pe~y
Model:    regress             

------------------------------------------------------------------------------------------------
                               | Coefficient  Std. err.      z    P>|z|     [95% conf. interval]
-------------------------------+----------------------------------------------------------------
guesses_m_death_penalty        |
                         _cons |     54.121    8.81327     6.14   0.000      36.8473    71.39469
-------------------------------+----------------------------------------------------------------
 var(e.guesses_m_death_penalty)|   239.1771   77.26789                      126.9793    450.5121
------------------------------------------------------------------------------------------------

Class:    2                   
Response: guesses_m_death_pe~y
Model:    regress             

------------------------------------------------------------------------------------------------
                               | Coefficient  Std. err.      z    P>|z|     [95% conf. interval]
-------------------------------+----------------------------------------------------------------
guesses_m_death_penalty        |
                         _cons |   70.16693    1.40736    49.86   0.000     67.40856    72.92531
-------------------------------+----------------------------------------------------------------
 var(e.guesses_m_death_penalty)|   94.73088   20.47771                      62.01399    144.7083
------------------------------------------------------------------------------------------------

. estat ic //2669.8-2658.7

Akaike's information criterion and Bayesian information criterion

-----------------------------------------------------------------------------
       Model |          N   ll(null)  ll(model)      df        AIC        BIC
-------------+---------------------------------------------------------------
           . |        333          .   -1314.81       5   2639.619    2658.66
-----------------------------------------------------------------------------
Note: BIC uses N = number of observations. See [R] IC note.

. 
. * [A] see the header block
. fmm 2, lcprob(i.treat): regress `y'

Fitting class model:

Iteration 0:  (class) log likelihood = -230.81651  
Iteration 1:  (class) log likelihood = -134.20722  
Iteration 2:  (class) log likelihood = -133.72426  
Iteration 3:  (class) log likelihood = -133.72231  
Iteration 4:  (class) log likelihood = -133.72231  

Fitting outcome model:

Iteration 0:  (outcome) log likelihood = -1247.3069  
Iteration 1:  (outcome) log likelihood = -1247.3069  

Refining starting values:

Iteration 0:  (EM) log likelihood = -1424.3315
Iteration 1:  (EM) log likelihood =  -1441.239
Iteration 2:  (EM) log likelihood = -1449.7378
Iteration 3:  (EM) log likelihood = -1454.4611
Iteration 4:  (EM) log likelihood = -1457.2266
Iteration 5:  (EM) log likelihood = -1458.9029
Iteration 6:  (EM) log likelihood = -1459.9489
Iteration 7:  (EM) log likelihood = -1460.6206
Iteration 8:  (EM) log likelihood = -1461.0646
Iteration 9:  (EM) log likelihood = -1461.3669
Iteration 10: (EM) log likelihood = -1461.5783
Iteration 11: (EM) log likelihood =   -1461.73
Iteration 12: (EM) log likelihood = -1461.8409
Iteration 13: (EM) log likelihood = -1461.9224
Iteration 14: (EM) log likelihood = -1461.9846
Iteration 15: (EM) log likelihood = -1462.0323
Iteration 16: (EM) log likelihood =  -1462.069
Iteration 17: (EM) log likelihood = -1462.0976
Iteration 18: (EM) log likelihood = -1462.1199
Iteration 19: (EM) log likelihood = -1462.1374
Iteration 20: (EM) log likelihood = -1462.1513
note: EM algorithm reached maximum iterations.

Fitting full model:

Iteration 0:  Log likelihood = -1310.4324  
Iteration 1:  Log likelihood = -1310.4323  
Iteration 2:  Log likelihood = -1310.4323  

Finite mixture model                                       Number of obs = 333
Log likelihood = -1310.4323

------------------------------------------------------------------------------
             | Coefficient  Std. err.      z    P>|z|     [95% conf. interval]
-------------+----------------------------------------------------------------
1.Class      |  (base outcome)
-------------+----------------------------------------------------------------
2.Class      |
     1.treat |  -1.554464   .5499289    -2.83   0.005    -2.632305   -.4766228
       _cons |   .5981877   .5399419     1.11   0.268     -.460079    1.656454
------------------------------------------------------------------------------

Class:    1                   
Response: guesses_m_death_pe~y
Model:    regress             

------------------------------------------------------------------------------------------------
                               | Coefficient  Std. err.      z    P>|z|     [95% conf. interval]
-------------------------------+----------------------------------------------------------------
guesses_m_death_penalty        |
                         _cons |   60.49843   2.734911    22.12   0.000      55.1381    65.85875
-------------------------------+----------------------------------------------------------------
 var(e.guesses_m_death_penalty)|   186.4727   25.76545                      142.2337    244.4715
------------------------------------------------------------------------------------------------

Class:    2                   
Response: guesses_m_death_pe~y
Model:    regress             

------------------------------------------------------------------------------------------------
                               | Coefficient  Std. err.      z    P>|z|     [95% conf. interval]
-------------------------------+----------------------------------------------------------------
guesses_m_death_penalty        |
                         _cons |   73.71912   1.430993    51.52   0.000     70.91442    76.52381
-------------------------------+----------------------------------------------------------------
 var(e.guesses_m_death_penalty)|   59.76095   18.07512                      33.03433    108.1109
------------------------------------------------------------------------------------------------

. * [B] see the header block
. margins treat, predict(classpr)

Adjusted predictions                                       Number of obs = 333
Model VCE: OIM

Expression: Predicted probability (1.Class), predict(classpr)

------------------------------------------------------------------------------
             |            Delta-method
             |     Margin   std. err.      z    P>|z|     [95% conf. interval]
-------------+----------------------------------------------------------------
       treat |
          0  |   .3547584   .1235953     2.87   0.004      .112516    .5970008
          1  |   .7223756   .1700648     4.25   0.000     .3890547    1.055696
------------------------------------------------------------------------------

. 
. *------------------------------------------------------------------ COLUMN (4)
. local y guesses_m_immunizations

. fmm 1: regress `y'

Iteration 0:  Log likelihood = -1440.7635  
Iteration 1:  Log likelihood = -1440.7635  

Finite mixture model                                       Number of obs = 333
Log likelihood = -1440.7635

------------------------------------------------------------------------------
             | Coefficient  Std. err.      z    P>|z|     [95% conf. interval]
-------------+----------------------------------------------------------------
1.Class      |  (base outcome)
------------------------------------------------------------------------------

Class:    1                   
Response: guesses_m_immuniza~s
Model:    regress             

------------------------------------------------------------------------------------------------
                               | Coefficient  Std. err.      z    P>|z|     [95% conf. interval]
-------------------------------+----------------------------------------------------------------
guesses_m_immunizations        |
                         _cons |   79.64865   1.003614    79.36   0.000      77.6816     81.6157
-------------------------------+----------------------------------------------------------------
 var(e.guesses_m_immunizations)|   335.4111   25.99383                      288.1447    390.4309
------------------------------------------------------------------------------------------------

. estat ic

Akaike's information criterion and Bayesian information criterion

-----------------------------------------------------------------------------
       Model |          N   ll(null)  ll(model)      df        AIC        BIC
-------------+---------------------------------------------------------------
           . |        333          .  -1440.763       2   2885.527   2893.143
-----------------------------------------------------------------------------
Note: BIC uses N = number of observations. See [R] IC note.

. fmm 2: regress `y'

Fitting class model:

Iteration 0:  (class) log likelihood = -230.81651  
Iteration 1:  (class) log likelihood = -230.81651  

Fitting outcome model:

Iteration 0:  (outcome) log likelihood = -1166.8059  
Iteration 1:  (outcome) log likelihood = -1166.8059  

Refining starting values:

Iteration 0:  (EM) log likelihood = -1430.2444
Iteration 1:  (EM) log likelihood = -1440.4682
Iteration 2:  (EM) log likelihood = -1444.4146
Iteration 3:  (EM) log likelihood = -1446.0838
Iteration 4:  (EM) log likelihood = -1446.8198
Iteration 5:  (EM) log likelihood =  -1447.151
Iteration 6:  (EM) log likelihood = -1447.3014
Iteration 7:  (EM) log likelihood = -1447.3707
Iteration 8:  (EM) log likelihood = -1447.4029
Iteration 9:  (EM) log likelihood = -1447.4183

Fitting full model:

Iteration 0:  Log likelihood =  -1353.921  (not concave)
Iteration 1:  Log likelihood = -1350.6604  (backed up)
Iteration 2:  Log likelihood = -1344.4419  
Iteration 3:  Log likelihood = -1341.1147  
Iteration 4:  Log likelihood = -1340.8046  
Iteration 5:  Log likelihood = -1340.7949  
Iteration 6:  Log likelihood = -1340.7949  

Finite mixture model                                       Number of obs = 333
Log likelihood = -1340.7949

------------------------------------------------------------------------------
             | Coefficient  Std. err.      z    P>|z|     [95% conf. interval]
-------------+----------------------------------------------------------------
1.Class      |  (base outcome)
-------------+----------------------------------------------------------------
2.Class      |
       _cons |   .7209188   .2197504     3.28   0.001     .2902159    1.151622
------------------------------------------------------------------------------

Class:    1                   
Response: guesses_m_immuniza~s
Model:    regress             

------------------------------------------------------------------------------------------------
                               | Coefficient  Std. err.      z    P>|z|     [95% conf. interval]
-------------------------------+----------------------------------------------------------------
guesses_m_immunizations        |
                         _cons |   62.02141   3.174071    19.54   0.000     55.80035    68.24248
-------------------------------+----------------------------------------------------------------
 var(e.guesses_m_immunizations)|   480.2408    70.3557                      360.3772    639.9718
------------------------------------------------------------------------------------------------

Class:    2                   
Response: guesses_m_immuniza~s
Model:    regress             

------------------------------------------------------------------------------------------------
                               | Coefficient  Std. err.      z    P>|z|     [95% conf. interval]
-------------------------------+----------------------------------------------------------------
guesses_m_immunizations        |
                         _cons |   88.22087   .7022045   125.63   0.000     86.84457    89.59716
-------------------------------+----------------------------------------------------------------
 var(e.guesses_m_immunizations)|    40.3922   8.154677                      27.19259    59.99905
------------------------------------------------------------------------------------------------

. estat ic //2893.1-2710.6

Akaike's information criterion and Bayesian information criterion

-----------------------------------------------------------------------------
       Model |          N   ll(null)  ll(model)      df        AIC        BIC
-------------+---------------------------------------------------------------
           . |        333          .  -1340.795       5    2691.59    2710.63
-----------------------------------------------------------------------------
Note: BIC uses N = number of observations. See [R] IC note.

. 
. * [A] see the header block
. fmm 2, lcprob(i.treat): regress `y'

Fitting class model:

Iteration 0:  (class) log likelihood = -230.81651  
Iteration 1:  (class) log likelihood = -81.794844  
Iteration 2:  (class) log likelihood = -81.032875  
Iteration 3:  (class) log likelihood = -81.032813  
Iteration 4:  (class) log likelihood = -81.032813  

Fitting outcome model:

Iteration 0:  (outcome) log likelihood = -1356.1056  
Iteration 1:  (outcome) log likelihood = -1356.1056  

Refining starting values:

Iteration 0:  (EM) log likelihood = -1454.9886
Iteration 1:  (EM) log likelihood = -1463.3692
Iteration 2:  (EM) log likelihood = -1464.6069
Iteration 3:  (EM) log likelihood = -1458.0828
Iteration 4:  (EM) log likelihood = -1449.0855
Iteration 5:  (EM) log likelihood = -1442.1254
Iteration 6:  (EM) log likelihood = -1437.6327
Iteration 7:  (EM) log likelihood = -1434.7166
Iteration 8:  (EM) log likelihood = -1432.6951
Iteration 9:  (EM) log likelihood = -1431.2065
Iteration 10: (EM) log likelihood = -1430.0661
Iteration 11: (EM) log likelihood = -1429.1724
Iteration 12: (EM) log likelihood = -1428.4626
Iteration 13: (EM) log likelihood = -1427.8943
Iteration 14: (EM) log likelihood = -1427.4366
Iteration 15: (EM) log likelihood = -1427.0662
Iteration 16: (EM) log likelihood = -1426.7652
Iteration 17: (EM) log likelihood = -1426.5197
Iteration 18: (EM) log likelihood = -1426.3187
Iteration 19: (EM) log likelihood = -1426.1537
Iteration 20: (EM) log likelihood = -1426.0172
note: EM algorithm reached maximum iterations.

Fitting full model:

Iteration 0:  Log likelihood = -1333.5345  
Iteration 1:  Log likelihood = -1333.5298  
Iteration 2:  Log likelihood = -1333.5298  

Finite mixture model                                       Number of obs = 333
Log likelihood = -1333.5298

------------------------------------------------------------------------------
             | Coefficient  Std. err.      z    P>|z|     [95% conf. interval]
-------------+----------------------------------------------------------------
1.Class      |  (base outcome)
-------------+----------------------------------------------------------------
2.Class      |
     1.treat |  -1.144491   .3077625    -3.72   0.000    -1.747694   -.5412875
       _cons |    1.23218   .2535134     4.86   0.000     .7353026    1.729057
------------------------------------------------------------------------------

Class:    1                   
Response: guesses_m_immuniza~s
Model:    regress             

------------------------------------------------------------------------------------------------
                               | Coefficient  Std. err.      z    P>|z|     [95% conf. interval]
-------------------------------+----------------------------------------------------------------
guesses_m_immunizations        |
                         _cons |   63.15941   2.831533    22.31   0.000     57.60971    68.70911
-------------------------------+----------------------------------------------------------------
 var(e.guesses_m_immunizations)|   464.8729   63.95469                      355.0018    608.7486
------------------------------------------------------------------------------------------------

Class:    2                   
Response: guesses_m_immuniza~s
Model:    regress             

------------------------------------------------------------------------------------------------
                               | Coefficient  Std. err.      z    P>|z|     [95% conf. interval]
-------------------------------+----------------------------------------------------------------
guesses_m_immunizations        |
                         _cons |   88.61853   .5985988   148.04   0.000      87.4453    89.79176
-------------------------------+----------------------------------------------------------------
 var(e.guesses_m_immunizations)|   36.62073   5.953055                      26.62907    50.36143
------------------------------------------------------------------------------------------------

. * [B] see the header block
. margins treat, predict(classpr)

Adjusted predictions                                       Number of obs = 333
Model VCE: OIM

Expression: Predicted probability (1.Class), predict(classpr)

------------------------------------------------------------------------------
             |            Delta-method
             |     Margin   std. err.      z    P>|z|     [95% conf. interval]
-------------+----------------------------------------------------------------
       treat |
          0  |   .2258001   .0443178     5.10   0.000     .1389388    .3126614
          1  |   .4780918   .0646733     7.39   0.000     .3513344    .6048492
------------------------------------------------------------------------------

. 
. 
. *==============================================================================
. * VALIDATION EXERCISE -- not part of Table D.15.
. *
. * Produces the correlation quoted in the Appendix D.3 text:
. * "a positive and statistically significant correlation between correct recall
. *  and classification as the low-belief, silence-attentive type (Type 1)
. *  (rho = 0.072, p = 0.009)".
. *
. *==============================================================================
. 
. *Combine that with the recall questions, correlationL 0.072
. use "$data/TC_cleaned.dta", clear
(TC_cleaned -- de-identified 21 Aug 2026)

. 
. 
. * att_silence_ = 1 if the participant's recalled number of silent group members
. foreach var in rename_schools affirmative_action death_penalty immunizations{
  2.         gen att_silence_`var' = 0
  3.         forval i = 1/36{
  4.                 quietly count if e_`var' == . & zoom_id == `i'
  5.                 local n_s_`i' = r(N)
  6.                 replace att_silence_`var' = 1 if abs(recall_`var'_s - `n_s_`i'')<=1  & zoom_id ==
>  `i'
  7.         }
  8. }
(1 real change made)
(4 real changes made)
(5 real changes made)
(7 real changes made)
(7 real changes made)
(5 real changes made)
(7 real changes made)
(3 real changes made)
(3 real changes made)
(7 real changes made)
(7 real changes made)
(6 real changes made)
(3 real changes made)
(9 real changes made)
(10 real changes made)
(7 real changes made)
(2 real changes made)
(4 real changes made)
(3 real changes made)
(5 real changes made)
(3 real changes made)
(9 real changes made)
(8 real changes made)
(5 real changes made)
(3 real changes made)
(6 real changes made)
(6 real changes made)
(5 real changes made)
(6 real changes made)
(0 real changes made)
(5 real changes made)
(7 real changes made)
(4 real changes made)
(6 real changes made)
(6 real changes made)
(6 real changes made)
(1 real change made)
(5 real changes made)
(4 real changes made)
(7 real changes made)
(7 real changes made)
(9 real changes made)
(7 real changes made)
(6 real changes made)
(0 real changes made)
(8 real changes made)
(9 real changes made)
(5 real changes made)
(4 real changes made)
(7 real changes made)
(6 real changes made)
(7 real changes made)
(2 real changes made)
(5 real changes made)
(2 real changes made)
(6 real changes made)
(3 real changes made)
(5 real changes made)
(7 real changes made)
(5 real changes made)
(3 real changes made)
(5 real changes made)
(7 real changes made)
(6 real changes made)
(8 real changes made)
(1 real change made)
(7 real changes made)
(6 real changes made)
(6 real changes made)
(5 real changes made)
(4 real changes made)
(3 real changes made)
(7 real changes made)
(5 real changes made)
(5 real changes made)
(5 real changes made)
(6 real changes made)
(6 real changes made)
(7 real changes made)
(4 real changes made)
(8 real changes made)
(7 real changes made)
(9 real changes made)
(3 real changes made)
(6 real changes made)
(8 real changes made)
(10 real changes made)
(8 real changes made)
(7 real changes made)
(6 real changes made)
(1 real change made)
(6 real changes made)
(3 real changes made)
(7 real changes made)
(10 real changes made)
(6 real changes made)
(7 real changes made)
(7 real changes made)
(5 real changes made)
(3 real changes made)
(7 real changes made)
(0 real changes made)
(7 real changes made)
(7 real changes made)
(3 real changes made)
(6 real changes made)
(3 real changes made)
(4 real changes made)
(6 real changes made)
(5 real changes made)
(4 real changes made)
(5 real changes made)
(5 real changes made)
(6 real changes made)
(7 real changes made)
(5 real changes made)
(4 real changes made)
(7 real changes made)
(7 real changes made)
(5 real changes made)
(4 real changes made)
(6 real changes made)
(6 real changes made)
(7 real changes made)
(0 real changes made)
(0 real changes made)
(6 real changes made)
(5 real changes made)
(1 real change made)
(6 real changes made)
(0 real changes made)
(7 real changes made)
(5 real changes made)
(8 real changes made)
(6 real changes made)
(6 real changes made)
(4 real changes made)
(0 real changes made)
(5 real changes made)
(5 real changes made)
(6 real changes made)
(6 real changes made)
(5 real changes made)
(4 real changes made)

. 
. * frac_*_s_a is not used below; the summary is displayed for reference only.
. foreach var in rename_schools affirmative_action death_penalty immunizations daylight_saving{
  2.         gen frac_`var'_s_a = recall_`var'_s_a/recall_`var'_s
  3.         preserve
  4.         drop if frac_`var'_s_a > 1
  5.         sum frac_`var'_s_a if treat == 1
  6.         restore
  7. }
(3 missing values generated)
(6 observations deleted)

    Variable |        Obs        Mean    Std. dev.       Min        Max
-------------+---------------------------------------------------------
frac_renam~a |        165    .4308081    .1727847          0          1
(2 missing values generated)
(7 observations deleted)

    Variable |        Obs        Mean    Std. dev.       Min        Max
-------------+---------------------------------------------------------
frac_affir~a |        162    .5030784    .1821333          0          1
(8 missing values generated)
(22 observations deleted)

    Variable |        Obs        Mean    Std. dev.       Min        Max
-------------+---------------------------------------------------------
frac_death~a |        156    .6238782    .2247914          0          1
(48 missing values generated)
(65 observations deleted)

    Variable |        Obs        Mean    Std. dev.       Min        Max
-------------+---------------------------------------------------------
frac_immun~a |        128    .7387928    .2193074          0          1
(17 missing values generated)
(31 observations deleted)

    Variable |        Obs        Mean    Std. dev.       Min        Max
-------------+---------------------------------------------------------
frac_dayli~a |        152    .7554172     .194612          0          1

. 
. foreach var in rename_schools affirmative_action death_penalty immunizations{
  2.     fmm 2, lcprob(i.treat): regress guesses_m_`var'
  3. 
.     capture drop post*
  4. 
.     predict post*, classposteriorpr
  5. 
.     gen type_`var' = (post1 > 0.5)
  6. }

Fitting class model:

Iteration 0:  (class) log likelihood = -230.81651  
Iteration 1:  (class) log likelihood = -76.769923  
Iteration 2:  (class) log likelihood = -75.635509  
Iteration 3:  (class) log likelihood = -75.635109  
Iteration 4:  (class) log likelihood = -75.635109  

Fitting outcome model:

Iteration 0:  (outcome) log likelihood = -1262.3491  
Iteration 1:  (outcome) log likelihood = -1262.3491  

Refining starting values:

Iteration 0:  (EM) log likelihood = -1358.4995
Iteration 1:  (EM) log likelihood = -1359.1852
Iteration 2:  (EM) log likelihood = -1357.1693
Iteration 3:  (EM) log likelihood = -1354.8274
Iteration 4:  (EM) log likelihood = -1352.5652
Iteration 5:  (EM) log likelihood = -1350.4536
Iteration 6:  (EM) log likelihood = -1348.5009
Iteration 7:  (EM) log likelihood = -1346.7024
Iteration 8:  (EM) log likelihood = -1345.0511
Iteration 9:  (EM) log likelihood = -1343.5395
Iteration 10: (EM) log likelihood = -1342.1599
Iteration 11: (EM) log likelihood = -1340.9048
Iteration 12: (EM) log likelihood = -1339.7665
Iteration 13: (EM) log likelihood = -1338.7379
Iteration 14: (EM) log likelihood = -1337.8121
Iteration 15: (EM) log likelihood = -1336.9821
Iteration 16: (EM) log likelihood = -1336.2417
Iteration 17: (EM) log likelihood = -1335.5847
Iteration 18: (EM) log likelihood = -1335.0053
Iteration 19: (EM) log likelihood = -1334.4979
Iteration 20: (EM) log likelihood = -1334.0574
note: EM algorithm reached maximum iterations.

Fitting full model:

Iteration 0:  Log likelihood = -1286.4314  (not concave)
Iteration 1:  Log likelihood = -1286.4008  (backed up)
Iteration 2:  Log likelihood = -1285.5532  
Iteration 3:  Log likelihood = -1284.8163  
Iteration 4:  Log likelihood = -1284.3839  
Iteration 5:  Log likelihood =  -1284.355  
Iteration 6:  Log likelihood = -1284.3539  
Iteration 7:  Log likelihood = -1284.3538  
Iteration 8:  Log likelihood = -1284.3538  

Finite mixture model                                       Number of obs = 333
Log likelihood = -1284.3538

------------------------------------------------------------------------------
             | Coefficient  Std. err.      z    P>|z|     [95% conf. interval]
-------------+----------------------------------------------------------------
1.Class      |  (base outcome)
-------------+----------------------------------------------------------------
2.Class      |
     1.treat |  -15.47657    430.638    -0.04   0.971    -859.5115    828.5583
       _cons |   16.40781    430.638     0.04   0.970    -827.6272    860.4429
------------------------------------------------------------------------------

Class:    1                   
Response: guesses_m_rename_s~s
Model:    regress             

-------------------------------------------------------------------------------------------------
                                | Coefficient  Std. err.      z    P>|z|     [95% conf. interval]
--------------------------------+----------------------------------------------------------------
guesses_m_rename_schools        |
                          _cons |   38.87238   5.913628     6.57   0.000     27.28188    50.46287
--------------------------------+----------------------------------------------------------------
 var(e.guesses_m_rename_schools)|   210.3388   53.93844                       127.245    347.6947
-------------------------------------------------------------------------------------------------

Class:    2                   
Response: guesses_m_rename_s~s
Model:    regress             

-------------------------------------------------------------------------------------------------
                                | Coefficient  Std. err.      z    P>|z|     [95% conf. interval]
--------------------------------+----------------------------------------------------------------
guesses_m_rename_schools        |
                          _cons |   55.53974   .8155211    68.10   0.000     53.94134    57.13813
--------------------------------+----------------------------------------------------------------
 var(e.guesses_m_rename_schools)|   100.9647   9.107393                      84.60345      120.49
-------------------------------------------------------------------------------------------------

Fitting class model:

Iteration 0:  (class) log likelihood = -230.81651  
Iteration 1:  (class) log likelihood = -91.533119  
Iteration 2:  (class) log likelihood = -91.259455  
Iteration 3:  (class) log likelihood = -91.258554  
Iteration 4:  (class) log likelihood = -91.258554  

Fitting outcome model:

Iteration 0:  (outcome) log likelihood = -1255.4051  
Iteration 1:  (outcome) log likelihood = -1255.4051  

Refining starting values:

Iteration 0:  (EM) log likelihood = -1378.5438
Iteration 1:  (EM) log likelihood = -1387.5649
Iteration 2:  (EM) log likelihood = -1391.9063
Iteration 3:  (EM) log likelihood = -1394.9093
Iteration 4:  (EM) log likelihood = -1397.4262
Iteration 5:  (EM) log likelihood =  -1399.712
Iteration 6:  (EM) log likelihood = -1401.8525
Iteration 7:  (EM) log likelihood = -1403.8798
Iteration 8:  (EM) log likelihood = -1405.8088
Iteration 9:  (EM) log likelihood = -1407.6476
Iteration 10: (EM) log likelihood = -1409.4021
Iteration 11: (EM) log likelihood = -1411.0769
Iteration 12: (EM) log likelihood = -1412.6753
Iteration 13: (EM) log likelihood =    -1414.2
Iteration 14: (EM) log likelihood = -1415.6533
Iteration 15: (EM) log likelihood = -1417.0367
Iteration 16: (EM) log likelihood = -1418.3514
Iteration 17: (EM) log likelihood = -1419.5984
Iteration 18: (EM) log likelihood = -1420.7781
Iteration 19: (EM) log likelihood = -1421.8908
Iteration 20: (EM) log likelihood = -1422.9366
note: EM algorithm reached maximum iterations.

Fitting full model:

Iteration 0:  Log likelihood =   -1291.72  (not concave)
Iteration 1:  Log likelihood = -1291.1927  
Iteration 2:  Log likelihood = -1289.4159  
Iteration 3:  Log likelihood = -1289.1896  
Iteration 4:  Log likelihood = -1289.1616  
Iteration 5:  Log likelihood = -1289.1615  

Finite mixture model                                       Number of obs = 333
Log likelihood = -1289.1615

------------------------------------------------------------------------------
             | Coefficient  Std. err.      z    P>|z|     [95% conf. interval]
-------------+----------------------------------------------------------------
1.Class      |  (base outcome)
-------------+----------------------------------------------------------------
2.Class      |
     1.treat |  -2.403284   .7082579    -3.39   0.001    -3.791444   -1.015124
       _cons |   3.052292   .8286015     3.68   0.000     1.428263    4.676321
------------------------------------------------------------------------------

Class:    1                   
Response: guesses_m_affirmat~n
Model:    regress             

-----------------------------------------------------------------------------------------------------
                                    | Coefficient  Std. err.      z    P>|z|     [95% conf. interval]
------------------------------------+----------------------------------------------------------------
guesses_m_affirmative_action        |
                              _cons |   41.13353   5.491717     7.49   0.000     30.36996     51.8971
------------------------------------+----------------------------------------------------------------
 var(e.guesses_m_affirmative_action)|   199.5062   51.54127                      120.2412    331.0239
-----------------------------------------------------------------------------------------------------

Class:    2                   
Response: guesses_m_affirmat~n
Model:    regress             

-----------------------------------------------------------------------------------------------------
                                    | Coefficient  Std. err.      z    P>|z|     [95% conf. interval]
------------------------------------+----------------------------------------------------------------
guesses_m_affirmative_action        |
                              _cons |   57.43719   .8143564    70.53   0.000     55.84108     59.0333
------------------------------------+----------------------------------------------------------------
 var(e.guesses_m_affirmative_action)|    90.7098   9.506493                      73.86646    111.3938
-----------------------------------------------------------------------------------------------------

Fitting class model:

Iteration 0:  (class) log likelihood = -230.81651  
Iteration 1:  (class) log likelihood = -134.20722  
Iteration 2:  (class) log likelihood = -133.72426  
Iteration 3:  (class) log likelihood = -133.72231  
Iteration 4:  (class) log likelihood = -133.72231  

Fitting outcome model:

Iteration 0:  (outcome) log likelihood = -1247.3069  
Iteration 1:  (outcome) log likelihood = -1247.3069  

Refining starting values:

Iteration 0:  (EM) log likelihood = -1424.3315
Iteration 1:  (EM) log likelihood =  -1441.239
Iteration 2:  (EM) log likelihood = -1449.7378
Iteration 3:  (EM) log likelihood = -1454.4611
Iteration 4:  (EM) log likelihood = -1457.2266
Iteration 5:  (EM) log likelihood = -1458.9029
Iteration 6:  (EM) log likelihood = -1459.9489
Iteration 7:  (EM) log likelihood = -1460.6206
Iteration 8:  (EM) log likelihood = -1461.0646
Iteration 9:  (EM) log likelihood = -1461.3669
Iteration 10: (EM) log likelihood = -1461.5783
Iteration 11: (EM) log likelihood =   -1461.73
Iteration 12: (EM) log likelihood = -1461.8409
Iteration 13: (EM) log likelihood = -1461.9224
Iteration 14: (EM) log likelihood = -1461.9846
Iteration 15: (EM) log likelihood = -1462.0323
Iteration 16: (EM) log likelihood =  -1462.069
Iteration 17: (EM) log likelihood = -1462.0976
Iteration 18: (EM) log likelihood = -1462.1199
Iteration 19: (EM) log likelihood = -1462.1374
Iteration 20: (EM) log likelihood = -1462.1513
note: EM algorithm reached maximum iterations.

Fitting full model:

Iteration 0:  Log likelihood = -1310.4324  
Iteration 1:  Log likelihood = -1310.4323  
Iteration 2:  Log likelihood = -1310.4323  

Finite mixture model                                       Number of obs = 333
Log likelihood = -1310.4323

------------------------------------------------------------------------------
             | Coefficient  Std. err.      z    P>|z|     [95% conf. interval]
-------------+----------------------------------------------------------------
1.Class      |  (base outcome)
-------------+----------------------------------------------------------------
2.Class      |
     1.treat |  -1.554464   .5499289    -2.83   0.005    -2.632305   -.4766228
       _cons |   .5981877   .5399419     1.11   0.268     -.460079    1.656454
------------------------------------------------------------------------------

Class:    1                   
Response: guesses_m_death_pe~y
Model:    regress             

------------------------------------------------------------------------------------------------
                               | Coefficient  Std. err.      z    P>|z|     [95% conf. interval]
-------------------------------+----------------------------------------------------------------
guesses_m_death_penalty        |
                         _cons |   60.49843   2.734911    22.12   0.000      55.1381    65.85875
-------------------------------+----------------------------------------------------------------
 var(e.guesses_m_death_penalty)|   186.4727   25.76545                      142.2337    244.4715
------------------------------------------------------------------------------------------------

Class:    2                   
Response: guesses_m_death_pe~y
Model:    regress             

------------------------------------------------------------------------------------------------
                               | Coefficient  Std. err.      z    P>|z|     [95% conf. interval]
-------------------------------+----------------------------------------------------------------
guesses_m_death_penalty        |
                         _cons |   73.71912   1.430993    51.52   0.000     70.91442    76.52381
-------------------------------+----------------------------------------------------------------
 var(e.guesses_m_death_penalty)|   59.76095   18.07512                      33.03433    108.1109
------------------------------------------------------------------------------------------------

Fitting class model:

Iteration 0:  (class) log likelihood = -230.81651  
Iteration 1:  (class) log likelihood = -81.794844  
Iteration 2:  (class) log likelihood = -81.032875  
Iteration 3:  (class) log likelihood = -81.032813  
Iteration 4:  (class) log likelihood = -81.032813  

Fitting outcome model:

Iteration 0:  (outcome) log likelihood = -1356.1056  
Iteration 1:  (outcome) log likelihood = -1356.1056  

Refining starting values:

Iteration 0:  (EM) log likelihood = -1454.9886
Iteration 1:  (EM) log likelihood = -1463.3692
Iteration 2:  (EM) log likelihood = -1464.6069
Iteration 3:  (EM) log likelihood = -1458.0828
Iteration 4:  (EM) log likelihood = -1449.0855
Iteration 5:  (EM) log likelihood = -1442.1254
Iteration 6:  (EM) log likelihood = -1437.6327
Iteration 7:  (EM) log likelihood = -1434.7166
Iteration 8:  (EM) log likelihood = -1432.6951
Iteration 9:  (EM) log likelihood = -1431.2065
Iteration 10: (EM) log likelihood = -1430.0661
Iteration 11: (EM) log likelihood = -1429.1724
Iteration 12: (EM) log likelihood = -1428.4626
Iteration 13: (EM) log likelihood = -1427.8943
Iteration 14: (EM) log likelihood = -1427.4366
Iteration 15: (EM) log likelihood = -1427.0662
Iteration 16: (EM) log likelihood = -1426.7652
Iteration 17: (EM) log likelihood = -1426.5197
Iteration 18: (EM) log likelihood = -1426.3187
Iteration 19: (EM) log likelihood = -1426.1537
Iteration 20: (EM) log likelihood = -1426.0172
note: EM algorithm reached maximum iterations.

Fitting full model:

Iteration 0:  Log likelihood = -1333.5345  
Iteration 1:  Log likelihood = -1333.5298  
Iteration 2:  Log likelihood = -1333.5298  

Finite mixture model                                       Number of obs = 333
Log likelihood = -1333.5298

------------------------------------------------------------------------------
             | Coefficient  Std. err.      z    P>|z|     [95% conf. interval]
-------------+----------------------------------------------------------------
1.Class      |  (base outcome)
-------------+----------------------------------------------------------------
2.Class      |
     1.treat |  -1.144491   .3077625    -3.72   0.000    -1.747694   -.5412875
       _cons |    1.23218   .2535134     4.86   0.000     .7353026    1.729057
------------------------------------------------------------------------------

Class:    1                   
Response: guesses_m_immuniza~s
Model:    regress             

------------------------------------------------------------------------------------------------
                               | Coefficient  Std. err.      z    P>|z|     [95% conf. interval]
-------------------------------+----------------------------------------------------------------
guesses_m_immunizations        |
                         _cons |   63.15941   2.831533    22.31   0.000     57.60971    68.70911
-------------------------------+----------------------------------------------------------------
 var(e.guesses_m_immunizations)|   464.8729   63.95469                      355.0018    608.7486
------------------------------------------------------------------------------------------------

Class:    2                   
Response: guesses_m_immuniza~s
Model:    regress             

------------------------------------------------------------------------------------------------
                               | Coefficient  Std. err.      z    P>|z|     [95% conf. interval]
-------------------------------+----------------------------------------------------------------
guesses_m_immunizations        |
                         _cons |   88.61853   .5985988   148.04   0.000      87.4453    89.79176
-------------------------------+----------------------------------------------------------------
 var(e.guesses_m_immunizations)|   36.62073   5.953055                      26.62907    50.36143
------------------------------------------------------------------------------------------------

. 
. preserve

. keep att_silence* type_* treat gender race year major ideology survey_id zoom_id moderator week grou
> p_size session_time

. 
. reshape long att_silence_ type_ , i(survey_id) j(topic) string
(j = affirmative_action death_penalty immunizations rename_schools)

Data                               Wide   ->   Long
-----------------------------------------------------------------------------
Number of observations              333   ->   1,332       
Number of variables                  20   ->   15          
j variable (4 values)                     ->   topic
xij variables:
att_silence_affirmative_action att_silence_death_penalty ... att_silence_rename_schools->att_silence_
type_affirmative_action type_death_penalty ... type_rename_schools->type_
-----------------------------------------------------------------------------

. encode topic, generate(topic_id)

. 
. * -> rho = 0.072, p = 0.009 as quoted in the Appendix D.3 text
. pwcorr att_silence_ type_,sig

             | att_si~_    type_
-------------+------------------
att_silence_ |   1.0000 
             |
             |
       type_ |   0.0718   1.0000 
             |   0.0088
             |

. restore

. 
end of do-file

. log close exhibit
      name:  exhibit
       log:  /Users/yihong/Desktop/Silence Replicate Final/logs/Table_D15.log
  log type:  text
 closed on:  27 Aug 2026, 11:52:36
------------------------------------------------------------------------------------------------------

. do "$code/Table D16.do"

. ******** Use the expression decision on the Placebo topic as a proxy for V (intrinsic value of speak
> ing up)
. use "$data/TC_cleaned.dta", clear
(TC_cleaned -- de-identified 21 Aug 2026)

. 
. foreach var in rename_schools affirmative_action death_penalty immunizations daylight_saving{
  2.         replace e_`var' = 9 if e_`var' == .
  3.         gen e_d_`var' = 0 
  4.         replace e_d_`var' = 1 if e_`var' != 9 & e_`var' == private_`var' 
  5.         }
(225 real changes made)
(96 real changes made)
(258 real changes made)
(66 real changes made)
(182 real changes made)
(143 real changes made)
(189 real changes made)
(139 real changes made)
(216 real changes made)
(112 real changes made)

. 
. * With DST
. 
. keep private_rename_schools private_immunizations private_death_penalty private_affirmative_action p
> rivate_daylight_saving ///
>          guesses_rename_schools guesses_immunizations guesses_death_penalty guesses_affirmative_acti
> on guesses_daylight_saving ///
>          guesses_m_rename_schools guesses_m_immunizations guesses_m_death_penalty guesses_m_affirmat
> ive_action guesses_m_daylight_saving ///
>          e_d_rename_schools e_d_immunizations e_d_death_penalty e_d_affirmative_action e_d_daylight_
> saving ///
>          treat gender race year major ideology survey_id zoom_id group_size session_time moderator w
> eek

. 
. reshape long private_ guesses_ guesses_m_ e_d_, i(survey_id) j(topic) string
(j = affirmative_action daylight_saving death_penalty immunizations rename_schools)

Data                               Wide   ->   Long
-----------------------------------------------------------------------------
Number of observations              333   ->   1,665       
Number of variables                  32   ->   17          
j variable (5 values)                     ->   topic
xij variables:
private_affirmative_action private_daylight_saving ... private_rename_schools->private_
guesses_affirmative_action guesses_daylight_saving ... guesses_rename_schools->guesses_
guesses_m_affirmative_action guesses_m_daylight_saving ... guesses_m_rename_schools->guesses_m_
e_d_affirmative_action e_d_daylight_saving ... e_d_rename_schools->e_d_
-----------------------------------------------------------------------------

. 
. gen private_norm = 0 

. replace private_norm = 1 if private_ == 1
(989 real changes made)

. 
. gen guesses_norm = .  
(1,665 missing values generated)

. replace guesses_norm = guesses_ 
(1,665 real changes made)

. 
. rename e_d_ express_d 

. encode topic, generate(topic_id)

. gen topic_t = . 
(1,665 missing values generated)

. replace topic_t = 1 if topic_id != 2
(1,332 real changes made)

. replace topic_t = 0 if topic_id == 2 // Placebo topic: DST
(333 real changes made)

. 
. 
. bysort survey_id: gen high_v = 1 if express_d == 1 & topic_t == 0 
(1,553 missing values generated)

. bysort survey_id: egen high_v_id = sum(high_v)

. 
. local ind_controls i.gender i.race year i.ideology 

. local session_controls group_size i.session_time i.moderator i.week

. 
. eststo clear

. reg express_d treat guesses_norm high_v_id i.topic_id if private_ == 0 & topic_t == 1, cluster(zoom_
> id)

Linear regression                               Number of obs     =        556
                                                F(6, 35)          =      10.80
                                                Prob > F          =     0.0000
                                                R-squared         =     0.0626
                                                Root MSE          =     .41986

                                  (Std. err. adjusted for 36 clusters in zoom_id)
---------------------------------------------------------------------------------
                |               Robust
      express_d | Coefficient  std. err.      t    P>|t|     [95% conf. interval]
----------------+----------------------------------------------------------------
          treat |   .1613121   .0301415     5.35   0.000     .1001216    .2225026
   guesses_norm |   .0005205   .0008372     0.62   0.538    -.0011792    .0022202
      high_v_id |   .1109651   .0407268     2.72   0.010     .0282853    .1936448
                |
       topic_id |
 death_penalty  |   .0833083   .0294169     2.83   0.008     .0235888    .1430278
 immunizations  |   .0864054   .0699481     1.24   0.225    -.0555967    .2284075
rename_schools  |   .0758765    .029094     2.61   0.013     .0168125    .1349405
                |
          _cons |     .04347   .0540229     0.80   0.426    -.0662023    .1531422
---------------------------------------------------------------------------------

.         eststo
(est1 stored)

.         qui sum express_d if treat == 0 & private_ == 0 & topic_t == 1

.         estadd scalar Cmean = r(mean)

added scalar:
              e(Cmean) =  .16363636

.         estadd scalar Csd = r(sd)

added scalar:
                e(Csd) =  .37061974

.         distinct(survey_id) if private_ == 0 

           |        Observations
           |      total   distinct
-----------+----------------------
 survey_id |        669        298

.         estadd scalar ids = round(r(ndistinct),1)

added scalar:
                e(ids) =  298

. 
. reg express_d treat guesses_norm high_v_id `ind_controls' `session_controls' i.topic_id if private_ 
> == 0 & topic_t == 1, cluster(zoom_id)

Linear regression                               Number of obs     =        556
                                                F(28, 35)         =          .
                                                Prob > F          =          .
                                                R-squared         =     0.1309
                                                Root MSE          =     .41302

                                  (Std. err. adjusted for 36 clusters in zoom_id)
---------------------------------------------------------------------------------
                |               Robust
      express_d | Coefficient  std. err.      t    P>|t|     [95% conf. interval]
----------------+----------------------------------------------------------------
          treat |   .1695833   .0281534     6.02   0.000     .1124288    .2267377
   guesses_norm |   .0002914   .0009099     0.32   0.751    -.0015559    .0021387
      high_v_id |   .0752955   .0373169     2.02   0.051    -.0004619    .1510528
                |
         gender |
             2  |  -.0650945   .0390799    -1.67   0.105    -.1444309    .0142418
             4  |  -.3058223   .0724691    -4.22   0.000    -.4529425   -.1587022
             5  |   .0814846    .112243     0.73   0.473    -.1463807    .3093499
             6  |  -.2132824    .187976    -1.13   0.264    -.5948941    .1683292
                |
           race |
             3  |  -.0174067   .0824219    -0.21   0.834     -.184732    .1499186
             4  |   .0487447   .0674737     0.72   0.475    -.0882343    .1857237
             6  |  -.0303993   .0390666    -0.78   0.442    -.1097087    .0489101
             7  |   .1546269   .0953244     1.62   0.114     -.038892    .3481457
                |
           year |  -.0134496   .0124423    -1.08   0.287    -.0387088    .0118096
                |
       ideology |
             2  |    .026901   .0718882     0.37   0.711    -.1190398    .1728418
             3  |   .0005307   .0724751     0.01   0.994    -.1466015    .1476629
             4  |   .0740365    .093637     0.79   0.434    -.1160567    .2641297
             5  |  -.0901466   .1059817    -0.85   0.401    -.3053008    .1250076
             6  |  -.1367373   .1279145    -1.07   0.292    -.3964175    .1229428
             9  |   .0225985   .1020007     0.22   0.826     -.184474     .229671
                |
     group_size |  -.0166176   .0147078    -1.13   0.266    -.0464761    .0132408
 2.session_time |   .0588319    .027004     2.18   0.036     .0040108     .113653
                |
      moderator |
             2  |     .00717   .0350953     0.20   0.839    -.0640773    .0784173
             3  |   .0033942    .036308     0.09   0.926     -.070315    .0771035
                |
           week |
             1  |   .1253088   .0825533     1.52   0.138    -.0422833     .292901
             2  |  -.1138222   .0646772    -1.76   0.087     -.245124    .0174795
             3  |  -.0259736   .0653133    -0.40   0.693    -.1585667    .1066195
             4  |  -.0768828    .072182    -1.07   0.294    -.2234201    .0696544
                |
       topic_id |
 death_penalty  |   .0916761    .033337     2.75   0.009     .0239985    .1593537
 immunizations  |   .0941385   .0681994     1.38   0.176    -.0443137    .2325906
rename_schools  |   .0803434   .0315668     2.55   0.015     .0162594    .1444273
                |
          _cons |    .246973   .2070435     1.19   0.241    -.1733476    .6672936
---------------------------------------------------------------------------------

.         eststo
(est2 stored)

.         qui sum express_d if treat == 0 & private_ == 0 & topic_t == 1

.         estadd scalar Cmean = r(mean)

added scalar:
              e(Cmean) =  .16363636

.         estadd scalar Csd = r(sd)

added scalar:
                e(Csd) =  .37061974

.         distinct(survey_id) if private_ == 0 

           |        Observations
           |      total   distinct
-----------+----------------------
 survey_id |        669        298

.         estadd scalar ids = round(r(ndistinct),1)

added scalar:
                e(ids) =  298

. 
. reg express_d treat i.topic_id guesses_norm high_v_id i.topic_id  if private_ == 1 & topic_t == 1, c
> luster(zoom_id)

Linear regression                               Number of obs     =        769
                                                F(6, 35)          =      12.24
                                                Prob > F          =     0.0000
                                                R-squared         =     0.0884
                                                Root MSE          =     .46973

                                  (Std. err. adjusted for 36 clusters in zoom_id)
---------------------------------------------------------------------------------
                |               Robust
      express_d | Coefficient  std. err.      t    P>|t|     [95% conf. interval]
----------------+----------------------------------------------------------------
          treat |  -.0019622   .0368633    -0.05   0.958    -.0767987    .0728742
                |
       topic_id |
 death_penalty  |    .287182   .0507649     5.66   0.000     .1841238    .3902403
 immunizations  |   .2078599   .0460592     4.51   0.000     .1143547    .3013651
rename_schools  |   .1077754   .0471272     2.29   0.028     .0121021    .2034487
                |
   guesses_norm |   .0014193   .0012191     1.16   0.252    -.0010555    .0038941
      high_v_id |   .2026318   .0390226     5.19   0.000     .1234116    .2818519
          _cons |   .0636146   .0802282     0.79   0.433    -.0992574    .2264866
---------------------------------------------------------------------------------

.         eststo
(est3 stored)

.         qui sum express_d if treat == 0 & private_ == 1 & topic_t == 1

.         estadd scalar Cmean = r(mean)

added scalar:
              e(Cmean) =  .40673575

.         estadd scalar Csd = r(sd)

added scalar:
                e(Csd) =  .49186232

.         distinct(survey_id) if private_ == 1

           |        Observations
           |      total   distinct
-----------+----------------------
 survey_id |        989        330

.         estadd scalar ids = round(r(ndistinct),1)

added scalar:
                e(ids) =  330

. 
. reg express_d treat high_v_id guesses_norm `ind_controls' `session_controls' i.topic_id if private_ 
> == 1 & topic_t == 1, cluster(zoom_id)

Linear regression                               Number of obs     =        769
                                                F(28, 35)         =          .
                                                Prob > F          =          .
                                                R-squared         =     0.1377
                                                Root MSE          =     .46391

                                  (Std. err. adjusted for 36 clusters in zoom_id)
---------------------------------------------------------------------------------
                |               Robust
      express_d | Coefficient  std. err.      t    P>|t|     [95% conf. interval]
----------------+----------------------------------------------------------------
          treat |  -.0103608   .0338801    -0.31   0.762    -.0791411    .0584195
      high_v_id |   .1910992   .0393546     4.86   0.000     .1112051    .2709933
   guesses_norm |   .0013245   .0013178     1.01   0.322    -.0013507    .0039998
                |
         gender |
             2  |   .0065899   .0481509     0.14   0.892    -.0911617    .1043414
             4  |    .185229   .1208201     1.53   0.134    -.0600488    .4305068
             5  |   .0609705   .0997905     0.61   0.545    -.1416151     .263556
             6  |  -.0390935   .2048905    -0.19   0.850    -.4550435    .3768564
                |
           race |
             3  |   .0927037   .1723259     0.54   0.594    -.2571366    .4425439
             4  |  -.0233232   .0357473    -0.65   0.518    -.0958941    .0492477
             6  |  -.0742086   .0428304    -1.73   0.092     -.161159    .0127418
             7  |   .0080689   .1295149     0.06   0.951    -.2548604    .2709982
                |
           year |  -.0079387   .0140613    -0.56   0.576    -.0364847    .0206073
                |
       ideology |
             2  |  -.0155762   .0524326    -0.30   0.768      -.12202    .0908677
             3  |  -.1083134   .0632508    -1.71   0.096    -.2367194    .0200925
             4  |  -.1761535   .0699551    -2.52   0.017      -.31817   -.0341371
             5  |  -.0340597    .093491    -0.36   0.718    -.2238564    .1557371
             6  |  -.2208583   .1539389    -1.43   0.160    -.5333708    .0916542
             9  |  -.1695818   .0868608    -1.95   0.059    -.3459187     .006755
                |
     group_size |  -.0076083   .0180963    -0.42   0.677    -.0443458    .0291292
 2.session_time |    .030603   .0308347     0.99   0.328    -.0319948    .0932008
                |
      moderator |
             2  |  -.0800628   .0457874    -1.75   0.089    -.1730161    .0128906
             3  |   .0346855   .0431651     0.80   0.427    -.0529443    .1223154
                |
           week |
             1  |     .16909   .0567561     2.98   0.005     .0538691     .284311
             2  |  -.0191157   .0674747    -0.28   0.779    -.1560967    .1178652
             3  |  -.0212923   .0760922    -0.28   0.781    -.1757677    .1331831
             4  |   .1191379   .0600429     1.98   0.055    -.0027556    .2410314
                |
       topic_id |
 death_penalty  |   .2977027   .0525685     5.66   0.000     .1909831    .4044223
 immunizations  |   .2238502   .0463538     4.83   0.000     .1297469    .3179535
rename_schools  |    .102306   .0500541     2.04   0.049     .0006908    .2039212
                |
          _cons |   .1721376   .2127127     0.81   0.424    -.2596921    .6039673
---------------------------------------------------------------------------------

.         eststo
(est4 stored)

.         qui sum express_d if treat == 0 & private_ == 1 & topic_t == 1

.         estadd scalar Cmean = r(mean)

added scalar:
              e(Cmean) =  .40673575

.         estadd scalar Csd = r(sd)

added scalar:
                e(Csd) =  .49186232

.         distinct(survey_id) if private_ == 1

           |        Observations
           |      total   distinct
-----------+----------------------
 survey_id |        989        330

.         estadd scalar ids = round(r(ndistinct),1)

added scalar:
                e(ids) =  330

.         
. esttab using "$output/ols_expression_high_v.tex", ///
> se lab stats(Cmean Csd ids N,labels("Mean" "SD" "IDs" "Obs")) keep(treat high_v_id) star( * 0.1 ** 0
> .05 *** 0.01) ///
> varwidth(32) wrap compress nogap noconstant replace ///
> title("TC_expression") //indicate("Individual Controls =  gender")
(file /Users/yihong/Desktop/Silence Replicate Final/Output/ols_expression_high_v.tex not found)
(output written to /Users/yihong/Desktop/Silence Replicate Final/Output/ols_expression_high_v.tex)

. 
. 
. 
end of do-file

. do "$code/Figure D6.do"

. ****** Spillover: Expression Decisions for Trans Athletes ******
. use "$data/TC_cleaned.dta", clear
(TC_cleaned -- de-identified 21 Aug 2026)

. 
. gen trans_express_d = 0

. replace trans_express_d = 1 if trans_expression == 1 & private_trans_athletes == 0
(49 real changes made)

. replace trans_express_d = 1 if trans_expression == 2 & private_trans_athletes == 1
(61 real changes made)

. 
. label define private_label 0 "Privately Disagree" 1 "Privately Agree" 

. label values private_trans_athletes private_label

. 
. label define treat_label 0 "Control (A+D)" 1 "Treat (A+D+S)" 

. label values treat treat_label

. splitvallabels treat, length(2)

. 
. distinct survey_id 

           |        Observations
           |      total   distinct
-----------+----------------------
 survey_id |        333        333

. local n_total = r(ndistinct)

. 
. cibar trans_express_d, over(treat private_trans_athletes) barlabel(on) blf(%9.3f) bargap(20) gap(120
> )  blgap(-0.1) baropts(lcolor(none)) barcolor(cranberry%35 midblue%35) ciopts(lcolor(gs5)) ///
> graphopts(legend(position(6) rows(1)) ylabel(0(0.1)0.6, nogrid) xlab(, nogrid) ytitle("Pr(Express)")
>  title("Pr(Express|Agree), Pr(Express|Disagree) ,Trans Athletes") subtitle("N = `n_total'"))

. graph export "$output/bar_express_trans_athletes.png", replace
file /Users/yihong/Desktop/Silence Replicate Final/Output/bar_express_trans_athletes.png saved as
    PNG format

. 
end of do-file

. do "$code/Figure D7.do"

. *** Correlation Matrix of Private Views across Topics **** 
. 
. use "$data/TC_cleaned.dta", clear
(TC_cleaned -- de-identified 21 Aug 2026)

. pwcorr private_rename_schools private_affirmative_action private_death_penalty ///
>        private_immunizations private_daylight_saving private_trans_athletes, sig

             | priva~ls privat~n priva~ty priva~ns privat~g priv~tes
-------------+------------------------------------------------------
private_re~s |   1.0000 
             |
             |
private_af~n |   0.1774   1.0000 
             |   0.0012
             |
private_de~y |   0.1678   0.0839   1.0000 
             |   0.0022   0.1282
             |
private_im~s |   0.1228   0.1171   0.1119   1.0000 
             |   0.0257   0.0331   0.0418
             |
private_da~g |   0.0933  -0.0368   0.0326  -0.0040   1.0000 
             |   0.0907   0.5049   0.5534   0.9423
             |
private_tr~s |   0.2185   0.2932   0.2842   0.1933   0.1320   1.0000 
             |   0.0001   0.0000   0.0000   0.0004   0.0167
             |

. 
. local dummies private_rename_schools private_affirmative_action private_death_penalty ///
>              private_immunizations private_daylight_saving private_trans_athletes

. 
. * 1) Correlation matrix
. quietly correlate `dummies'

. matrix C = r(C)

. 
. matrix L = C

. local k = colsof(L)

. forvalues i = 1/`k' {
  2.     forvalues j = `=`i'+1'/`k' {
  3.         matrix L[`i',`j'] = .
  4.     }
  5. }

. 
. matrix colnames L = RenameSchools AA DeathPenalty Immunizations DST TransAthletes

. matrix rownames L = RenameSchools AA DeathPenalty Immunizations DST TransAthletes

. 
. heatplot L, ///
>     color(RdBu) cuts(-1(0.2)1) ///
>     values(format(%4.2f) size(vsmall)) ///
>     aspect(1) ///
>     xlabel(, angle(45) labsize(small)) ///
>     ylabel(, labsize(small)) ///
>     legend(off) ///
>     title("Correlation Heat Map (Private Views)", size(medsmall)) ///
>     graphregion(color(white)) plotregion(margin(zero))

.         
. graph export "$output/corr_heatmap.png", replace
file /Users/yihong/Desktop/Silence Replicate Final/Output/corr_heatmap.png saved as PNG format

. 
end of do-file

. 
. *** Extremity and Polarization
. do "$code/Table E17.do"

. use "$data/extremity_first_movers_cleaned.dta", replace
(extremity_first_movers_cleaned -- de-identified 22 Aug 2026)

. 
. foreach var in renaming aa death_penalty immunizations{
  2.         rename `var'_private private_`var'
  3.         rename `var'_e_d e_d_`var'
  4.         gen `var'_guesses = 1*`var'_guesses_1 + 2*`var'_guesses_2 + 3*`var'_guesses_3 + 4*`var'_g
> uesses_4 + 5*`var'_guesses_5
  5.         rename `var'_guesses guesses_`var'
  6. }

. 
. keep private_* e_d_* guesses_* gender race year major ideology native_speaker id

. 
. reshape long private_ guesses_ e_d_, i(id) j(topic) string
(j = aa death_penalty immunizations renaming)

Data                               Wide   ->   Long
-----------------------------------------------------------------------------
Number of observations               35   ->   140         
Number of variables                  19   ->   11          
j variable (4 values)                     ->   topic
xij variables:
private_aa private_death_penalty ... private_renaming->private_
guesses_aa guesses_death_penalty ... guesses_renaming->guesses_
e_d_aa e_d_death_penalty ... e_d_renaming ->   e_d_
-----------------------------------------------------------------------------

. 
. rename private_ private

. gen private_norm = 0 

. replace private_norm = 1 if private > 3
(62 real changes made)

. 
. gen guesses_norm = 0 

. replace guesses_norm = 1 if guesses_ > 3
(109 real changes made)

. 
. gen private_extreme = 0 

. replace private_extreme = 1 if private == 1 | private == 5
(39 real changes made)

. 
. rename e_d_ express_d 

. encode topic, generate(topic_id)

. 
. local controls i.gender i.race i.year i.ideology i.major

. label var private_norm "Private Agree"

. label var private_extreme "Private Extreme"

. 
. eststo clear

. 
. reg express_d private_norm private_extreme i.topic_id, cluster(id)

Linear regression                               Number of obs     =        140
                                                F(5, 34)          =       6.98
                                                Prob > F          =     0.0001
                                                R-squared         =     0.1900
                                                Root MSE          =     .44451

                                       (Std. err. adjusted for 35 clusters in id)
---------------------------------------------------------------------------------
                |               Robust
      express_d | Coefficient  std. err.      t    P>|t|     [95% conf. interval]
----------------+----------------------------------------------------------------
   private_norm |   .3335194   .0904999     3.69   0.001     .1496014    .5174373
private_extreme |    .228523     .08221     2.78   0.009     .0614521    .3955938
                |
       topic_id |
 death_penalty  |  -.0131063   .1090491    -0.12   0.905    -.2347208    .2085082
 immunizations  |  -.0749171   .1087429    -0.69   0.496    -.2959093    .1460752
      renaming  |   -.002984    .121082    -0.02   0.980    -.2490522    .2430843
                |
          _cons |   .4399619   .0927805     4.74   0.000     .2514092    .6285145
---------------------------------------------------------------------------------

.         eststo
(est1 stored)

.         qui sum express_d 

.         estadd scalar Cmean = r(mean)

added scalar:
              e(Cmean) =  .62857143

.         estadd scalar Csd = r(sd)

added scalar:
                e(Csd) =  .48492167

.         distinct(id)

       |        Observations
       |      total   distinct
-------+----------------------
    id |        140         35

.         estadd scalar ids = round(r(ndistinct),1)

added scalar:
                e(ids) =  35

. 
. reg express_d private_norm private_extreme guesses_ i.topic_id, cluster(id)

Linear regression                               Number of obs     =        140
                                                F(6, 34)          =       8.83
                                                Prob > F          =     0.0000
                                                R-squared         =     0.2328
                                                Root MSE          =     .43423

                                       (Std. err. adjusted for 35 clusters in id)
---------------------------------------------------------------------------------
                |               Robust
      express_d | Coefficient  std. err.      t    P>|t|     [95% conf. interval]
----------------+----------------------------------------------------------------
   private_norm |   .2995334   .0908219     3.30   0.002     .1149611    .4841057
private_extreme |   .2195217   .0789745     2.78   0.009     .0590262    .3800172
       guesses_ |   .2113147   .0651158     3.25   0.003     .0789834    .3436459
                |
       topic_id |
 death_penalty  |  -.0874125   .1052405    -0.83   0.412    -.3012869    .1264618
 immunizations  |  -.2166684   .1104455    -1.96   0.058    -.4411207    .0077839
      renaming  |  -.0604873   .1182579    -0.51   0.612    -.3008161    .1798416
                |
          _cons |  -.1971479   .2250023    -0.88   0.387    -.6544076    .2601118
---------------------------------------------------------------------------------

.         eststo
(est2 stored)

.         qui sum express_d 

.         estadd scalar Cmean = r(mean)

added scalar:
              e(Cmean) =  .62857143

.         estadd scalar Csd = r(sd)

added scalar:
                e(Csd) =  .48492167

.         distinct(id)

       |        Observations
       |      total   distinct
-------+----------------------
    id |        140         35

.         estadd scalar ids = round(r(ndistinct),1)

added scalar:
                e(ids) =  35

. 
. reg express_d private_norm private_extreme guesses_ i.topic_id `controls', cluster(id)
note: 9.ideology omitted because of collinearity.

Linear regression                               Number of obs     =        140
                                                F(20, 34)         =          .
                                                Prob > F          =          .
                                                R-squared         =     0.3775
                                                Root MSE          =     .42816

                                       (Std. err. adjusted for 35 clusters in id)
---------------------------------------------------------------------------------
                |               Robust
      express_d | Coefficient  std. err.      t    P>|t|     [95% conf. interval]
----------------+----------------------------------------------------------------
   private_norm |    .266084    .100299     2.65   0.012      .062252    .4699161
private_extreme |   .2051354   .0871517     2.35   0.025     .0280218    .3822491
       guesses_ |    .227219   .0874333     2.60   0.014     .0495332    .4049049
                |
       topic_id |
 death_penalty  |  -.0842782   .1112332    -0.76   0.454    -.3103312    .1417747
 immunizations  |  -.2066507    .116891    -1.77   0.086    -.4442018    .0309003
      renaming  |  -.0669721   .1279205    -0.52   0.604    -.3269378    .1929937
                |
         gender |
             2  |  -.2125238   .1150638    -1.85   0.073    -.4463616    .0213139
             4  |  -.1062447      .1445    -0.74   0.467    -.3999039    .1874146
             5  |  -.5752208   .2341605    -2.46   0.019    -1.051092   -.0993494
             6  |   .0897277   .2080654     0.43   0.669     -.333112    .5125674
                |
           race |
             3  |   .1944878   .1106702     1.76   0.088    -.0304211    .4193967
             4  |   -.099376   .1508892    -0.66   0.515    -.4060198    .2072677
             6  |   .1937853   .1348229     1.44   0.160    -.0802078    .4677783
             7  |  -.0307619   .1425762    -0.22   0.830    -.3205116    .2589877
                |
           year |
             2  |   .5128551   .2957727     1.73   0.092    -.0882273    1.113937
             3  |   .4168403   .1487076     2.80   0.008     .1146301    .7190505
             4  |   .2541311    .147444     1.72   0.094    -.0455112    .5537733
             5  |   .4746121   .1655087     2.87   0.007     .1382579    .8109662
             6  |   .2555513   .2087522     1.22   0.229    -.1686842    .6797867
             8  |   .3071344    .180463     1.70   0.098    -.0596106    .6738795
                |
       ideology |
             2  |  -.2233296   .1178355    -1.90   0.067    -.4628002    .0161409
             3  |  -.2204436   .1821108    -1.21   0.234    -.5905373    .1496501
             4  |  -.2278855   .1865744    -1.22   0.230    -.6070504    .1512794
             5  |   .0908855    .236833     0.38   0.704    -.3904171    .5721882
             9  |          0  (omitted)
                |
          major |
             2  |  -.2464328   .2366091    -1.04   0.305    -.7272803    .2344148
            10  |  -.2170873   .3096355    -0.70   0.488    -.8463424    .4121678
            11  |  -.0593348   .2458604    -0.24   0.811    -.5589834    .4403137
            13  |  -.0446681   .1445488    -0.31   0.759    -.3384266    .2490905
                |
          _cons |  -.1548052   .4059353    -0.38   0.705     -.979765    .6701546
---------------------------------------------------------------------------------

.         eststo
(est3 stored)

.         qui sum express_d 

.         estadd scalar Cmean = r(mean)

added scalar:
              e(Cmean) =  .62857143

.         estadd scalar Csd = r(sd)

added scalar:
                e(Csd) =  .48492167

.         distinct(id)

       |        Observations
       |      total   distinct
-------+----------------------
    id |        140         35

.         estadd scalar ids = round(r(ndistinct),1)

added scalar:
                e(ids) =  35

.         
. 
. esttab using "$output/reg_first_movers_exp.tex", ///
> se lab stats(Cmean Csd ids,labels("Mean" "SD" "IDs")) keep(private_norm private_extreme) star( * 0.1
>  ** 0.05 *** 0.01) ///
> varwidth(32) wrap compress nogap noconstant replace ///
> title("first_movers_expression") //indicate("Individual Controls =  gender")
(file /Users/yihong/Desktop/Silence Replicate Final/Output/reg_first_movers_exp.tex not found)
(output written to /Users/yihong/Desktop/Silence Replicate Final/Output/reg_first_movers_exp.tex)

. 
. 
end of do-file

. do "$code/Table E18.do"

. use "$data/extremity_TC_merged.dta", clear
(extremity_TC_merged -- de-identified 22 Aug 2026)

. 
. preserve

. foreach var in renaming aa death_penalty immunizations{
  2.         rename `var'_private private_`var'
  3. }

. 
. keep private_* gender race year major ideology native_speaker treat id

. 
. reshape long private_, i(id) j(topic) string
(j = aa death_penalty immunizations renaming)

Data                               Wide   ->   Long
-----------------------------------------------------------------------------
Number of observations              123   ->   492         
Number of variables                  12   ->   10          
j variable (4 values)                     ->   topic
xij variables:
private_aa private_death_penalty ... private_renaming->private_
-----------------------------------------------------------------------------

. 
. rename private_ private

. encode topic, generate(topic_id)

. save "$tempfile/private_demographics_long.dta", replace
file /Users/yihong/Desktop/Silence Replicate Final/Tempfiles/private_demographics_long.dta saved

. 
. restore

. 
. foreach var in renaming aa death_penalty immunizations{
  2.         rename `var'_private private_`var'
  3.         forval i = 1/5{
  4.                 rename `var'_guesses_`i' guesses_`var'_`i'
  5.                 rename `var'_m_`i' m_`var'_`i'
  6.         }
  7. }

. 
. keep m_* guesses_* gender race year major ideology native_speaker id

. 
. reshape long guesses_ m_, i(id) j(topic_scale) string
(j = aa_1 aa_2 aa_3 aa_4 aa_5 death_penalty_1 death_penalty_2 death_penalty_3 death_penalty_4 death_pe
> nalty_5 immunizations_1 immunizations_2 immunizations_3 immunizations_4 immunizations_5 renaming_1 r
> enaming_2 renaming_3 renaming_4 renaming_5)
guesses_aa_2:  111 values would be changed; not changed
guesses_aa_3:  94 values would be changed; not changed
guesses_immunizations_1:  98 values would be changed; not changed
guesses_immunizations_2:  107 values would be changed; not changed

Data                               Wide   ->   Long
-----------------------------------------------------------------------------
Number of observations              123   ->   2,460       
Number of variables                  47   ->   10          
j variable (20 values)                    ->   topic_scale
xij variables:
guesses_aa_1 guesses_aa_2 ... guesses_renaming_5->guesses_
         m_aa_1 m_aa_2 ... m_renaming_5   ->   m_
-----------------------------------------------------------------------------

. 
. gen topic_id =. 
(2,460 missing values generated)

. replace topic_id = 1 if strpos(topic_scale, "aa")
(615 real changes made)

. replace topic_id = 2 if strpos(topic_scale, "death_penalty")
(615 real changes made)

. replace topic_id = 3 if strpos(topic_scale, "immunizations")
(615 real changes made)

. replace topic_id = 4 if strpos(topic_scale, "renaming")
(615 real changes made)

. 
. gen scale = . 
(2,460 missing values generated)

. replace scale = 1 if strpos(topic_scale, "1")
(492 real changes made)

. replace scale = 2 if strpos(topic_scale, "2")
(492 real changes made)

. replace scale = 3 if strpos(topic_scale, "3")
(492 real changes made)

. replace scale = 4 if strpos(topic_scale, "4")
(492 real changes made)

. replace scale = 5 if strpos(topic_scale, "5")
(492 real changes made)

. 
. bysort id topic_id: egen m_agree = total(m_) if scale == 4 | scale == 5
(1,476 missing values generated)

. bysort id topic_id: egen m_disagree = total(m_) if scale == 1 | scale == 2
(1,476 missing values generated)

. bysort id topic_id: egen m_extreme = total(m_) if scale == 1 | scale == 5
(1,476 missing values generated)

. 
. bysort id topic_id: egen b_1 = total(guesses_) if scale == 1
(1,968 missing values generated)

. bysort id topic_id: egen b_2 = total(guesses_) if scale == 2
(1,968 missing values generated)

. bysort id topic_id: egen b_3 = total(guesses_) if scale == 3
(1,968 missing values generated)

. bysort id topic_id: egen b_4 = total(guesses_) if scale == 4
(1,968 missing values generated)

. 
. collapse (mean) m_agree m_disagree m_extreme b_1 b_2 b_3 b_4, by(id topic_id)

. 
. merge 1:1 id topic_id using "$tempfile/private_demographics_long"
(variable topic_id was float, now double to accommodate using data's values)

    Result                      Number of obs
    -----------------------------------------
    Not matched                             0
    Matched                               492  (_merge==3)
    -----------------------------------------

. drop _merge

. 
. local controls private b_1 b_2 b_3 b_4 i.gender i.race i.year i.major ideology i.native_speaker

. 
. eststo clear

. 
. reg m_agree treat i.topic_id, cluster(id)

Linear regression                               Number of obs     =        492
                                                F(4, 122)         =     204.31
                                                Prob > F          =     0.0000
                                                R-squared         =     0.6203
                                                Root MSE          =       12.1

                                   (Std. err. adjusted for 123 clusters in id)
------------------------------------------------------------------------------
             |               Robust
     m_agree | Coefficient  std. err.      t    P>|t|     [95% conf. interval]
-------------+----------------------------------------------------------------
       treat |  -4.175172    1.33428    -3.13   0.002    -6.816513    -1.53383
             |
    topic_id |
          2  |   20.79675   1.509365    13.78   0.000     17.80881    23.78469
          3  |   34.90244   1.321765    26.41   0.000     32.28587      37.519
          4  |  -1.861789   1.012715    -1.84   0.068    -3.866559    .1429818
             |
       _cons |   41.35517   1.048095    39.46   0.000     39.28036    43.42998
------------------------------------------------------------------------------

.         eststo
(est1 stored)

.         qui sum m_agree 

.         estadd scalar Cmean = r(mean)

added scalar:
              e(Cmean) =  52.743902

.         estadd scalar Csd = r(sd)

added scalar:
                e(Csd) =  19.555953

.         distinct(id)

       |        Observations
       |      total   distinct
-------+----------------------
    id |        492        123

.         estadd scalar ids = round(r(ndistinct),1)

added scalar:
                e(ids) =  123

. 
. reg m_agree treat i.topic_id `controls', cluster(id)

Linear regression                               Number of obs     =        491
                                                F(31, 122)        =      57.54
                                                Prob > F          =     0.0000
                                                R-squared         =     0.6724
                                                Root MSE          =     11.573

                                       (Std. err. adjusted for 123 clusters in id)
----------------------------------------------------------------------------------
                 |               Robust
         m_agree | Coefficient  std. err.      t    P>|t|     [95% conf. interval]
-----------------+----------------------------------------------------------------
           treat |  -3.534649   1.411471    -2.50   0.014    -6.328797   -.7405001
                 |
        topic_id |
              2  |   18.30588   1.570894    11.65   0.000     15.19613    21.41562
              3  |   30.06312   1.873355    16.05   0.000     26.35462    33.77161
              4  |  -1.713799   1.044385    -1.64   0.103    -3.781262    .3536655
                 |
         private |   1.220612   .5544845     2.20   0.030     .1229546     2.31827
             b_1 |  -12.35508   4.154095    -2.97   0.004    -20.57852   -4.131631
             b_2 |  -2.417358   5.106439    -0.47   0.637    -12.52606    7.691348
             b_3 |  -18.91031   3.863346    -4.89   0.000    -26.55819   -11.26244
             b_4 |  -4.694459   5.181037    -0.91   0.367    -14.95084    5.561921
                 |
          gender |
              2  |  -.0670974   1.776023    -0.04   0.970    -3.582912    3.448717
              5  |   1.560736   2.693302     0.58   0.563    -3.770923    6.892396
              6  |  -2.052398   7.501681    -0.27   0.785    -16.90272    12.79793
                 |
            race |
              3  |   7.407427   2.412561     3.07   0.003     2.631522    12.18333
              4  |  -.5016072   2.142992    -0.23   0.815    -4.743873    3.740659
              6  |   1.271653   1.987371     0.64   0.523    -2.662547    5.205853
              7  |  -1.188519   2.531881    -0.47   0.640    -6.200631    3.823594
                 |
            year |
              2  |  -1.282013   2.601375    -0.49   0.623    -6.431695    3.867669
              3  |  -1.259644   2.597925    -0.48   0.629    -6.402496    3.883208
              4  |  -.9728053    2.45411    -0.40   0.693    -5.830961    3.885351
              5  |   1.081522   2.858263     0.38   0.706    -4.576694    6.739738
              6  |  -1.249293   4.081378    -0.31   0.760    -9.328789    6.830203
              8  |  -2.132845   2.447294    -0.87   0.385    -6.977507    2.711817
                 |
           major |
              2  |   3.884261   3.273057     1.19   0.238    -2.595082     10.3636
              7  |   7.993532   4.177413     1.91   0.058    -.2760751    16.26314
              9  |  -.1689523   3.412157    -0.05   0.961    -6.923658    6.585753
             10  |   4.918444   4.084351     1.20   0.231    -3.166936    13.00382
             11  |   1.735251   3.292067     0.53   0.599    -4.781724    8.252225
             13  |   3.832375   3.202179     1.20   0.234    -2.506658    10.17141
             15  |  -13.25507   3.332864    -3.98   0.000    -19.85281   -6.657337
                 |
        ideology |   .3123156   .3908461     0.80   0.426    -.4614032    1.086034
2.native_speaker |     .19191    1.86938     0.10   0.918    -3.508715    3.892535
           _cons |   42.67892   5.194159     8.22   0.000     32.39657    52.96128
----------------------------------------------------------------------------------

.         eststo
(est2 stored)

.         qui sum m_agree 

.         estadd scalar Cmean = r(mean)

added scalar:
              e(Cmean) =  52.743902

.         estadd scalar Csd = r(sd)

added scalar:
                e(Csd) =  19.555953

.         distinct(id)

       |        Observations
       |      total   distinct
-------+----------------------
    id |        492        123

.         estadd scalar ids = round(r(ndistinct),1)

added scalar:
                e(ids) =  123

.         
. reg m_disagree treat i.topic_id, cluster(id)

Linear regression                               Number of obs     =        492
                                                F(4, 122)         =     112.87
                                                Prob > F          =     0.0000
                                                R-squared         =     0.5035
                                                Root MSE          =     9.9952

                                   (Std. err. adjusted for 123 clusters in id)
------------------------------------------------------------------------------
             |               Robust
  m_disagree | Coefficient  std. err.      t    P>|t|     [95% conf. interval]
-------------+----------------------------------------------------------------
       treat |   3.036026   1.131642     2.68   0.008     .7958279    5.276224
             |
    topic_id |
          2  |  -12.03252   1.191608   -10.10   0.000    -14.39143   -9.673614
          3  |  -23.46341   1.162055   -20.19   0.000    -25.76382   -21.16301
          4  |   .6341463   .9583073     0.66   0.509    -1.262919    2.531211
             |
       _cons |   36.41303   .8923093    40.81   0.000     34.64661    38.17944
------------------------------------------------------------------------------

.         eststo
(est3 stored)

.         qui sum m_disagree 

.         estadd scalar Cmean = r(mean)

added scalar:
              e(Cmean) =  29.203252

.         estadd scalar Csd = r(sd)

added scalar:
                e(Csd) =  14.126838

.         distinct(id)

       |        Observations
       |      total   distinct
-------+----------------------
    id |        492        123

.         estadd scalar ids = round(r(ndistinct),1)

added scalar:
                e(ids) =  123

. 
. reg m_disagree treat i.topic_id `controls', cluster(id)

Linear regression                               Number of obs     =        491
                                                F(31, 122)        =      24.18
                                                Prob > F          =     0.0000
                                                R-squared         =     0.5556
                                                Root MSE          =      9.734

                                       (Std. err. adjusted for 123 clusters in id)
----------------------------------------------------------------------------------
                 |               Robust
      m_disagree | Coefficient  std. err.      t    P>|t|     [95% conf. interval]
-----------------+----------------------------------------------------------------
           treat |   2.654339   1.174666     2.26   0.026     .3289694    4.979708
                 |
        topic_id |
              2  |  -10.61386   1.317194    -8.06   0.000    -13.22138   -8.006345
              3  |   -20.7714    1.56541   -13.27   0.000    -23.87029   -17.67252
              4  |    .804247   1.109573     0.72   0.470    -1.392264    3.000758
                 |
         private |  -1.096085   .4991833    -2.20   0.030    -2.084268   -.1079021
             b_1 |   7.990379   5.475592     1.46   0.147    -2.849102    18.82986
             b_2 |  -.6156719   5.614945    -0.11   0.913    -11.73102    10.49967
             b_3 |   3.317988   4.024046     0.82   0.411    -4.648012    11.28399
             b_4 |   2.373329   3.515896     0.68   0.501    -4.586737    9.333396
                 |
          gender |
              2  |   1.054233   1.359995     0.78   0.440    -1.638013    3.746479
              5  |   1.220504   2.692559     0.45   0.651    -4.109685    6.550693
              6  |  -2.508032    6.41109    -0.39   0.696    -15.19943    10.18336
                 |
            race |
              3  |   -1.92682   2.162356    -0.89   0.375     -6.20742     2.35378
              4  |   3.842719   1.937384     1.98   0.050     .0074735    7.677964
              6  |  -1.217218    1.40085    -0.87   0.387    -3.990341    1.555906
              7  |    -.39876    3.02606    -0.13   0.895    -6.389148    5.591628
                 |
            year |
              2  |   .1662946   2.458578     0.07   0.946    -4.700707    5.033296
              3  |   2.960645   2.530012     1.17   0.244    -2.047766    7.969056
              4  |    1.99445   2.481943     0.80   0.423    -2.918803    6.907704
              5  |  -2.178555   2.830899    -0.77   0.443    -7.782601    3.425492
              6  |   7.631572   4.438687     1.72   0.088    -1.155251     16.4184
              8  |  -.8007894   2.446757    -0.33   0.744    -5.644389     4.04281
                 |
           major |
              2  |  -4.008505   2.946691    -1.36   0.176    -9.841774    1.824765
              7  |  -9.361797   4.151032    -2.26   0.026    -17.57918   -1.144415
              9  |  -5.967204   2.958457    -2.02   0.046    -11.82377   -.1106432
             10  |  -6.011653   3.269285    -1.84   0.068    -12.48353    .4602231
             11  |  -3.787382   2.901697    -1.31   0.194    -9.531582    1.956817
             13  |  -4.773099   2.922955    -1.63   0.105    -10.55938    1.013183
             15  |   3.609715   3.193355     1.13   0.261    -2.711851     9.93128
                 |
        ideology |  -.3497044   .3205862    -1.09   0.277    -.9843367    .2849279
2.native_speaker |  -.5927159   1.759117    -0.34   0.737    -4.075064    2.889632
           _cons |   40.56466   4.641377     8.74   0.000     31.37659    49.75273
----------------------------------------------------------------------------------

.         eststo
(est4 stored)

.         qui sum m_disagree 

.         estadd scalar Cmean = r(mean)

added scalar:
              e(Cmean) =  29.203252

.         estadd scalar Csd = r(sd)

added scalar:
                e(Csd) =  14.126838

.         distinct(id)

       |        Observations
       |      total   distinct
-------+----------------------
    id |        492        123

.         estadd scalar ids = round(r(ndistinct),1)

added scalar:
                e(ids) =  123

. 
. reg m_extreme treat i.topic_id, cluster(id)

Linear regression                               Number of obs     =        492
                                                F(4, 122)         =     103.44
                                                Prob > F          =     0.0000
                                                R-squared         =     0.4075
                                                Root MSE          =     11.967

                                   (Std. err. adjusted for 123 clusters in id)
------------------------------------------------------------------------------
             |               Robust
   m_extreme | Coefficient  std. err.      t    P>|t|     [95% conf. interval]
-------------+----------------------------------------------------------------
       treat |  -3.240382   1.443073    -2.25   0.027    -6.097089   -.3836748
             |
    topic_id |
          2  |   11.40244   1.284605     8.88   0.000     8.859434    13.94544
          3  |         21   1.329549    15.79   0.000     18.36803    23.63197
          4  |  -3.731707   1.203119    -3.10   0.002    -6.113401   -1.350014
             |
       _cons |   30.29401   1.326146    22.84   0.000     27.66877    32.91925
------------------------------------------------------------------------------

.         eststo
(est5 stored)

.         qui sum m_extreme 

.         estadd scalar Cmean = r(mean)

added scalar:
              e(Cmean) =  35.854675

.         estadd scalar Csd = r(sd)

added scalar:
                e(Csd) =  15.482883

.         distinct(id)

       |        Observations
       |      total   distinct
-------+----------------------
    id |        492        123

.         estadd scalar ids = round(r(ndistinct),1)

added scalar:
                e(ids) =  123

. 
. reg m_extreme treat i.topic_id `controls', cluster(id)

Linear regression                               Number of obs     =        491
                                                F(31, 122)        =      21.23
                                                Prob > F          =     0.0000
                                                R-squared         =     0.5114
                                                Root MSE          =     11.192

                                       (Std. err. adjusted for 123 clusters in id)
----------------------------------------------------------------------------------
                 |               Robust
       m_extreme | Coefficient  std. err.      t    P>|t|     [95% conf. interval]
-----------------+----------------------------------------------------------------
           treat |   -1.83387   1.359349    -1.35   0.180    -4.524837    .8570968
                 |
        topic_id |
              2  |   10.41234   1.431419     7.27   0.000     7.578705    13.24598
              3  |   18.48597   1.728262    10.70   0.000      15.0647    21.90724
              4  |  -3.151595   1.350312    -2.33   0.021    -5.824673   -.4785179
                 |
         private |   .6125451   .5770337     1.06   0.291    -.5297508    1.754841
             b_1 |   .7827199   6.635207     0.12   0.906    -12.35234    13.91778
             b_2 |   -10.3086   6.040194    -1.71   0.090    -22.26577    1.648568
             b_3 |  -14.79395   3.880442    -3.81   0.000    -22.47567   -7.112223
             b_4 |  -12.16093   4.734064    -2.57   0.011    -21.53248   -2.789374
                 |
          gender |
              2  |  -.7979946   1.631636    -0.49   0.626    -4.027982    2.431993
              5  |  -2.341873   1.868183    -1.25   0.212    -6.040129    1.356382
              6  |  -2.457739   2.869433    -0.86   0.393    -8.138068     3.22259
                 |
            race |
              3  |   13.77683   8.268616     1.67   0.098    -2.591723    30.14538
              4  |   2.798337   2.293051     1.22   0.225    -1.740987    7.337661
              6  |  -.2971718   2.074703    -0.14   0.886    -4.404253    3.809909
              7  |   -4.54125   1.670369    -2.72   0.008    -7.847911   -1.234589
                 |
            year |
              2  |   1.726619   3.275621     0.53   0.599    -4.757799    8.211037
              3  |  -.2546896   3.122914    -0.08   0.935     -6.43681     5.92743
              4  |   3.133973   3.036826     1.03   0.304    -2.877727    9.145673
              5  |  -.5959083   3.055217    -0.20   0.846    -6.644015    5.452199
              6  |   10.48727   3.221875     3.26   0.001     4.109246    16.86529
              8  |  -.1986694    2.86392    -0.07   0.945    -5.868085    5.470746
                 |
           major |
              2  |  -3.078255   4.072979    -0.76   0.451    -11.14112    4.984614
              7  |  -6.843268   4.336157    -1.58   0.117    -15.42712    1.740589
              9  |  -11.25361   4.048433    -2.78   0.006    -19.26789   -3.239336
             10  |  -6.119939   4.422057    -1.38   0.169    -14.87384    2.633964
             11  |  -6.363883   4.253414    -1.50   0.137    -14.78394    2.056176
             13  |  -6.583901   3.962419    -1.66   0.099     -14.4279    1.260103
             15  |   -8.01114   4.909842    -1.63   0.105    -17.73066    1.708383
                 |
        ideology |   .1386227   .3787513     0.37   0.715    -.6111535    .8883988
2.native_speaker |   .1792124   1.805429     0.10   0.921    -3.394814    3.753239
           _cons |   39.99173    6.22772     6.42   0.000     27.66333    52.32012
----------------------------------------------------------------------------------

.         eststo
(est6 stored)

.         qui sum m_extreme

.         estadd scalar Cmean = r(mean)

added scalar:
              e(Cmean) =  35.854675

.         estadd scalar Csd = r(sd)

added scalar:
                e(Csd) =  15.482883

.         distinct(id)

       |        Observations
       |      total   distinct
-------+----------------------
    id |        492        123

.         estadd scalar ids = round(r(ndistinct),1)

added scalar:
                e(ids) =  123

.         
. esttab using "$output/reg_tc_guesses_extremity.tex", ///
> se lab stats(Cmean Csd ids,labels("Mean" "SD" "IDs")) keep(treat) star( * 0.1 ** 0.05 *** 0.01) ///
> varwidth(32) wrap compress nogap noconstant replace ///
> title("TC_guesses") //indicate("Individual Controls =  gender")
(file /Users/yihong/Desktop/Silence Replicate Final/Output/reg_tc_guesses_extremity.tex not found)
(output written to /Users/yihong/Desktop/Silence Replicate Final/Output/reg_tc_guesses_extremity.tex)

. 
. 
end of do-file

. do "$code/Table E19.do"

. ****** Expression Regression ********
. 
. use "$data/extremity_TC_merged.dta", clear
(extremity_TC_merged -- de-identified 22 Aug 2026)

. foreach var in renaming_e aa_e death_penalty_e immunizations_e{
  2.         replace `var' = 6 if `var' == .
  3. }
(29 real changes made)
(13 real changes made)
(10 real changes made)
(8 real changes made)

. 
. 
. foreach var in renaming aa death_penalty immunizations{
  2.         gen `var'_e_d = 0
  3.         replace `var'_e_d = 1 if abs(`var'_e - `var'_private) <= 1
  4. }
(72 real changes made)
(61 real changes made)
(76 real changes made)
(100 real changes made)

. 
. foreach var in renaming aa death_penalty immunizations{
  2.         rename `var'_private private_`var'
  3.         rename `var'_e_d e_d_`var'
  4.         gen `var'_guesses = 1*`var'_guesses_1 + 2*`var'_guesses_2 + 3*`var'_guesses_3 + 4*`var'_g
> uesses_4 + 5*`var'_guesses_5
  5.         rename `var'_guesses guesses_`var'
  6. }

. 
. keep private_* e_d_* guesses_* gender race year major ideology native_speaker id treat

. 
. reshape long private_ guesses_ e_d_, i(id) j(topic) string
(j = aa death_penalty immunizations renaming)

Data                               Wide   ->   Long
-----------------------------------------------------------------------------
Number of observations              123   ->   492         
Number of variables                  20   ->   12          
j variable (4 values)                     ->   topic
xij variables:
private_aa private_death_penalty ... private_renaming->private_
guesses_aa guesses_death_penalty ... guesses_renaming->guesses_
e_d_aa e_d_death_penalty ... e_d_renaming ->   e_d_
-----------------------------------------------------------------------------

. 
. rename private_ private

. gen private_norm = 0 

. replace private_norm = 1 if private > 3
(235 real changes made)

. 
. gen private_extreme = 0 

. replace private_extreme = 1 if private == 1 | private == 5
(189 real changes made)

. 
. rename e_d_ express_d 

. encode topic, generate(topic_id)

. 
. local controls guesses_ i.gender i.race i.year i.ideology i.major

. label var private_norm "Private Agree"

. label var private_extreme "Private Extreme"

. 
. eststo clear

. 
. reg express_d treat i.topic_id if private_norm == 0, cluster(id)  

Linear regression                               Number of obs     =        257
                                                F(4, 112)         =       3.29
                                                Prob > F          =     0.0137
                                                R-squared         =     0.0412
                                                Root MSE          =     .49439

                                     (Std. err. adjusted for 113 clusters in id)
--------------------------------------------------------------------------------
               |               Robust
     express_d | Coefficient  std. err.      t    P>|t|     [95% conf. interval]
---------------+----------------------------------------------------------------
         treat |   .1238223   .0852716     1.45   0.149    -.0451324    .2927771
               |
      topic_id |
death_penalty  |    .047514   .0698081     0.68   0.498    -.0908018    .1858297
immunizations  |  -.0859764   .1213891    -0.71   0.480    -.3264932    .1545405
     renaming  |   .1532199   .0524915     2.92   0.004     .0492147     .257225
               |
         _cons |   .3697808   .0660856     5.60   0.000     .2388406     .500721
--------------------------------------------------------------------------------

.         eststo
(est1 stored)

.         qui sum express_d if private_norm == 0 

.         estadd scalar Cmean = r(mean)

added scalar:
              e(Cmean) =  .49416342

.         estadd scalar Csd = r(sd)

added scalar:
                e(Csd) =  .50094148

.         distinct(id)

       |        Observations
       |      total   distinct
-------+----------------------
    id |        492        123

.         estadd scalar ids = round(r(ndistinct),1)

added scalar:
                e(ids) =  123

. 
. reg express_d treat i.topic_id `controls' if private_norm == 0 , cluster(id) 

Linear regression                               Number of obs     =        257
                                                F(29, 112)        =          .
                                                Prob > F          =          .
                                                R-squared         =     0.1671
                                                Root MSE          =     .48766

                                     (Std. err. adjusted for 113 clusters in id)
--------------------------------------------------------------------------------
               |               Robust
     express_d | Coefficient  std. err.      t    P>|t|     [95% conf. interval]
---------------+----------------------------------------------------------------
         treat |   .1889363   .1023065     1.85   0.067    -.0137709    .3916436
               |
      topic_id |
death_penalty  |   .0773592   .0705485     1.10   0.275    -.0624236    .2171419
immunizations  |  -.0944695   .1054481    -0.90   0.372    -.3034014    .1144624
     renaming  |   .1745843   .0550214     3.17   0.002     .0655665    .2836021
               |
      guesses_ |   -.039184   .0563974    -0.69   0.489    -.1509283    .0725603
               |
        gender |
            2  |    .082089   .1133348     0.72   0.470    -.1424693    .3066472
            5  |   .0141256   .2105797     0.07   0.947     -.403111    .4313623
            6  |  -.0868705   .2730145    -0.32   0.751    -.6278138    .4540728
               |
          race |
            3  |   .1068527   .2530339     0.42   0.674    -.3945015    .6082069
            4  |  -.0525186   .1710084    -0.31   0.759    -.3913498    .2863127
            6  |  -.0722217   .1649057    -0.44   0.662    -.3989612    .2545178
            7  |  -.0022642   .1949618    -0.01   0.991    -.3885559    .3840276
               |
          year |
            2  |   .1833639   .2951757     0.62   0.536    -.4014889    .7682166
            3  |   .1904854   .2657065     0.72   0.475     -.335978    .7169488
            4  |   .1884564   .2659961     0.71   0.480    -.3385807    .7154936
            5  |   .2054778   .3120033     0.66   0.512    -.4127167    .8236722
            6  |   .3533808   .3626948     0.97   0.332    -.3652525    1.072014
            8  |   .0393333   .2721894     0.14   0.885    -.4999751    .5786416
               |
      ideology |
            2  |  -.1662023   .1602078    -1.04   0.302    -.4836336    .1512289
            3  |  -.0725496   .1819642    -0.40   0.691    -.4330884    .2879892
            4  |  -.3378895    .191608    -1.76   0.081    -.7175362    .0417572
            5  |  -.1117109   .2787276    -0.40   0.689    -.6639739    .4405521
            6  |   .2832296    .220251     1.29   0.201    -.1531695    .7196287
            9  |  -.2719979   .2090977    -1.30   0.196    -.6862982    .1423024
               |
         major |
            2  |   .2709095   .2354189     1.15   0.252    -.1955429     .737362
            7  |   .0842814   .2332383     0.36   0.719    -.3778504    .5464132
            9  |   .4492984   .2669325     1.68   0.095    -.0795941    .9781909
           10  |    .091211    .269642     0.34   0.736    -.4430501    .6254722
           11  |   .2737195   .2392185     1.14   0.255    -.2002613    .7477003
           13  |   .4394753   .2350973     1.87   0.064      -.02634    .9052905
           15  |  -.0533957   .3545752    -0.15   0.881    -.7559409    .6491496
               |
         _cons |   .1333862   .4506265     0.30   0.768    -.7594724    1.026245
--------------------------------------------------------------------------------

.         eststo
(est2 stored)

.         qui sum express_d if private_norm == 0 

.         estadd scalar Cmean = r(mean)

added scalar:
              e(Cmean) =  .49416342

.         estadd scalar Csd = r(sd)

added scalar:
                e(Csd) =  .50094148

.         distinct(id)

       |        Observations
       |      total   distinct
-------+----------------------
    id |        492        123

.         estadd scalar ids = round(r(ndistinct),1)

added scalar:
                e(ids) =  123

. 
. reg express_d treat i.topic_id if private_extreme == 0 , cluster(id) 

Linear regression                               Number of obs     =        303
                                                F(4, 120)         =       2.68
                                                Prob > F          =     0.0347
                                                R-squared         =     0.0312
                                                Root MSE          =     .49593

                                     (Std. err. adjusted for 121 clusters in id)
--------------------------------------------------------------------------------
               |               Robust
     express_d | Coefficient  std. err.      t    P>|t|     [95% conf. interval]
---------------+----------------------------------------------------------------
         treat |   .1309592   .0840073     1.56   0.122    -.0353694    .2972877
               |
      topic_id |
death_penalty  |   .0130502   .0659221     0.20   0.843     -.117471    .1435714
immunizations  |    .082234   .0731186     1.12   0.263    -.0625356    .2270037
     renaming  |   .1398336   .0563875     2.48   0.015     .0281902     .251477
               |
         _cons |    .389985   .0704077     5.54   0.000     .2505827    .5293873
--------------------------------------------------------------------------------

.         eststo
(est3 stored)

.         qui sum express_d if private_extreme == 0 

.         estadd scalar Cmean = r(mean)

added scalar:
              e(Cmean) =  .51815182

.         estadd scalar Csd = r(sd)

added scalar:
                e(Csd) =  .50049699

.         distinct(id)

       |        Observations
       |      total   distinct
-------+----------------------
    id |        492        123

.         estadd scalar ids = round(r(ndistinct),1)

added scalar:
                e(ids) =  123

. 
. reg express_d treat i.topic_id `controls' if private_extreme == 0 , cluster(id) 

Linear regression                               Number of obs     =        303
                                                F(30, 120)        =          .
                                                Prob > F          =          .
                                                R-squared         =     0.2111
                                                Root MSE          =     .46927

                                     (Std. err. adjusted for 121 clusters in id)
--------------------------------------------------------------------------------
               |               Robust
     express_d | Coefficient  std. err.      t    P>|t|     [95% conf. interval]
---------------+----------------------------------------------------------------
         treat |   .2284986    .087783     2.60   0.010     .0546944    .4023028
               |
      topic_id |
death_penalty  |    .025018   .0713474     0.35   0.726    -.1162449    .1662809
immunizations  |   .1062428   .0711958     1.49   0.138    -.0347199    .2472055
     renaming  |   .1364386   .0597612     2.28   0.024     .0181157    .2547615
               |
      guesses_ |   .0439558   .0531119     0.83   0.410    -.0612021    .1491136
               |
        gender |
            2  |   .0606235   .1062009     0.57   0.569    -.1496469    .2708938
            5  |   .0108305   .1935915     0.06   0.955    -.3724673    .3941283
            6  |     -.2799   .1963313    -1.43   0.157    -.6686223    .1088224
               |
          race |
            3  |     .33961   .1798685     1.89   0.061    -.0165172    .6957372
            4  |  -.0874369   .1470007    -0.59   0.553    -.3784881    .2036144
            6  |   .0010737   .1247473     0.01   0.993    -.2459174    .2480648
            7  |   .1377066   .1555069     0.89   0.378    -.1701862    .4455995
               |
          year |
            2  |   .1786598   .2597611     0.69   0.493    -.3356492    .6929687
            3  |   .1970055    .240708     0.82   0.415    -.2795797    .6735906
            4  |   .1658121   .2288814     0.72   0.470    -.2873571    .6189812
            5  |   .1904179    .248065     0.77   0.444    -.3007335    .6815693
            6  |    .028446   .3972678     0.07   0.943    -.7581165    .8150086
            8  |   .0733586    .233229     0.31   0.754    -.3884186    .5351357
               |
      ideology |
            2  |  -.2185985   .1308341    -1.67   0.097     -.477641    .0404439
            3  |  -.1465412   .1402502    -1.04   0.298    -.4242269    .1311445
            4  |  -.4841685   .1594282    -3.04   0.003    -.7998253   -.1685118
            5  |  -.3749466   .2159848    -1.74   0.085    -.8025815    .0526883
            6  |   .1320783    .201727     0.65   0.514    -.2673272    .5314838
            9  |  -.4613863    .192163    -2.40   0.018    -.8418557   -.0809169
               |
         major |
            2  |   .3157296   .2773594     1.14   0.257    -.2334227     .864882
            7  |   .3583519   .3160645     1.13   0.259    -.2674338    .9841376
            9  |    .522579   .2863829     1.82   0.071    -.0444392    1.089597
           10  |   .1079044   .2938557     0.37   0.714    -.4739094    .6897182
           11  |   .2381183    .283926     0.84   0.403    -.3240354     .800272
           13  |   .4131309   .2773124     1.49   0.139    -.1359283      .96219
           15  |   .3877528   .3173994     1.22   0.224    -.2406759    1.016181
               |
         _cons |  -.0681876   .4463136    -0.15   0.879    -.9518574    .8154823
--------------------------------------------------------------------------------

.         eststo
(est4 stored)

.         qui sum express_d if private_extreme == 0 

.         estadd scalar Cmean = r(mean)

added scalar:
              e(Cmean) =  .51815182

.         estadd scalar Csd = r(sd)

added scalar:
                e(Csd) =  .50049699

.         distinct(id)

       |        Observations
       |      total   distinct
-------+----------------------
    id |        492        123

.         estadd scalar ids = round(r(ndistinct),1)

added scalar:
                e(ids) =  123

. 
. 
. esttab using "$output/reg_tc_exp_extremity.tex", ///
> se lab stats(Cmean Csd ids,labels("Mean" "SD" "IDs")) keep(treat) star( * 0.1 ** 0.05 *** 0.01) ///
> varwidth(32) wrap compress nogap noconstant replace ///
> title("first_movers_expression") //indicate("Individual Controls =  gender")
(file /Users/yihong/Desktop/Silence Replicate Final/Output/reg_tc_exp_extremity.tex not found)
(output written to /Users/yihong/Desktop/Silence Replicate Final/Output/reg_tc_exp_extremity.tex)

. 
. 
end of do-file

. 
. *** Building Names
. do "$code/Table E20.do"

. import excel using "$data/Berkeley_renaming.xlsx", firstrow clear
(24 vars, 254 obs)

. 
. gen private_agree = 2-Q22

. drop Q22

. label define agree 1 "Privately Agree" 0 "Privately Disagree"

. label values private_agree agree

. 
. 
. rename Q51_1 guess_agree

. rename Q52 guess_certain

. 
. gen sign = 0

. replace sign = 1 if Q61_1!="" | Q71_1!=""
(66 real changes made)

. 
. rename Q82 gender

. rename Q83 ethnicity

. rename Q84 year

. rename Q85 major

. rename Q86 ideology

. 
. gen group =. 
(254 missing values generated)

. replace group = 0 if FL_21_DO == "summary_placebo"
(85 real changes made)

. replace group = 1 if FL_21_DO == "summary_control"
(85 real changes made)

. replace group = 2 if FL_21_DO == "summary_treat"
(84 real changes made)

. 
. label define groups 0 "Omit Agree" 1 "Control (A+D)" 2 "Treatment"

. label values group groups

. 
. * Regression: guesses and expression
. rename id survey_id

. local controls i.gender i.ethnicity i.year i.ideology i.major

. 
. eststo clear

. 
. reg guess_agree ib1.group  //omitted group: control

      Source |       SS           df       MS      Number of obs   =       254
-------------+----------------------------------   F(2, 251)       =      6.94
       Model |   3992.3932         2   1996.1966   Prob > F        =    0.0012
    Residual |   72161.989       251  287.497964   R-squared       =    0.0524
-------------+----------------------------------   Adj R-squared   =    0.0449
       Total |  76154.3822       253  301.005463   Root MSE        =    16.956

------------------------------------------------------------------------------
 guess_agree | Coefficient  Std. err.      t    P>|t|     [95% conf. interval]
-------------+----------------------------------------------------------------
       group |
 Omit Agree  |  -7.707059   2.600896    -2.96   0.003    -12.82942   -2.584698
  Treatment  |  -8.963375   2.608625    -3.44   0.001    -14.10096   -3.825792
             |
       _cons |   67.57647   1.839111    36.74   0.000     63.95441    71.19853
------------------------------------------------------------------------------

.         eststo
(est1 stored)

.         qui sum guess_agree if group == 1

.         estadd scalar Cmean = r(mean)

added scalar:
              e(Cmean) =  67.576471

.         estadd scalar Csd = r(sd)

added scalar:
                e(Csd) =  15.304354

.         distinct(survey_id)

           |        Observations
           |      total   distinct
-----------+----------------------
 survey_id |        254        254

.         estadd scalar ids = round(r(ndistinct),1)

added scalar:
                e(ids) =  254

.         test 0.group = 2.group

 ( 1)  0.group - 2.group = 0

       F(  1,   251) =    0.23
            Prob > F =    0.6305

.         estadd scalar p_diff = r(p)

added scalar:
             e(p_diff) =  .63050899

. 
. reg guess_agree ib1.group  private_agree `controls'

      Source |       SS           df       MS      Number of obs   =       254
-------------+----------------------------------   F(30, 223)      =      2.35
       Model |  18297.2966        30  609.909888   Prob > F        =    0.0002
    Residual |  57857.0856       223  259.448814   R-squared       =    0.2403
-------------+----------------------------------   Adj R-squared   =    0.1381
       Total |  76154.3822       253  301.005463   Root MSE        =    16.107

-------------------------------------------------------------------------------
  guess_agree | Coefficient  Std. err.      t    P>|t|     [95% conf. interval]
--------------+----------------------------------------------------------------
        group |
  Omit Agree  |  -6.933339   2.619671    -2.65   0.009    -12.09582    -1.77086
   Treatment  |  -8.094114   2.598417    -3.12   0.002    -13.21471    -2.97352
              |
private_agree |   9.588065     2.2575     4.25   0.000     5.139303    14.03683
              |
       gender |
           2  |  -4.508762   2.569995    -1.75   0.081    -9.573346    .5558215
           5  |  -9.409009   4.622014    -2.04   0.043    -18.51742   -.3005957
           6  |  -7.995308   5.834587    -1.37   0.172    -19.49329    3.502672
              |
    ethnicity |
           3  |   3.051896   11.82585     0.26   0.797    -20.25283    26.35662
           4  |   1.790486   3.182151     0.56   0.574    -4.480448    8.061419
           5  |  -16.11323   12.02104    -1.34   0.181     -39.8026    7.576132
           6  |   4.047212   2.760996     1.47   0.144    -1.393769    9.488193
           7  |   9.014129   3.929775     2.29   0.023     1.269882    16.75838
              |
         year |
           2  |   6.010146   4.070704     1.48   0.141    -2.011824    14.03212
           3  |   6.619398   3.686082     1.80   0.074    -.6446122    13.88341
           4  |   4.847661   3.638433     1.33   0.184     -2.32245    12.01777
           5  |   5.965775   4.828931     1.24   0.218    -3.550401    15.48195
           6  |   7.973236   7.017184     1.14   0.257    -5.855241    21.80171
           8  |   4.205237   4.772713     0.88   0.379    -5.200153    13.61063
              |
     ideology |
           2  |    6.53384   4.625485     1.41   0.159    -2.581413    15.64909
           3  |     6.2561   5.008198     1.25   0.213    -3.613349    16.12555
           4  |   3.664722   5.328464     0.69   0.492    -6.835863    14.16531
           5  |     3.7988   6.690863     0.57   0.571     -9.38661    16.98421
           6  |   11.16016   9.580213     1.16   0.245    -7.719172    30.03949
           9  |   7.992822   6.091715     1.31   0.191     -4.01187    19.99751
              |
        major |
           2  |   9.456846   6.563851     1.44   0.151    -3.478266    22.39196
           7  |  -6.474538   7.995625    -0.81   0.419    -22.23119    9.282113
           9  |   4.821201   7.565249     0.64   0.525    -10.08732    19.72973
          10  |   7.738738    7.33555     1.05   0.293     -6.71713    22.19461
          11  |   11.53189   6.774793     1.70   0.090    -1.818921    24.88269
          13  |   8.526901   6.758669     1.26   0.208    -4.792131    21.84593
          15  |   19.67283   10.59504     1.86   0.065    -1.206374    40.55203
              |
        _cons |   45.45975    8.75424     5.19   0.000     28.20813    62.71137
-------------------------------------------------------------------------------

.         eststo
(est2 stored)

.         qui sum guess_agree if group == 1

.         estadd scalar Cmean = r(mean)

added scalar:
              e(Cmean) =  67.576471

.         estadd scalar Csd = r(sd)

added scalar:
                e(Csd) =  15.304354

.         distinct(survey_id)

           |        Observations
           |      total   distinct
-----------+----------------------
 survey_id |        254        254

.         estadd scalar ids = round(r(ndistinct),1)

added scalar:
                e(ids) =  254

.         test 0.group = 2.group

 ( 1)  0.group - 2.group = 0

       F(  1,   223) =    0.20
            Prob > F =    0.6550

.         estadd scalar p_diff = r(p)

added scalar:
             e(p_diff) =  .65500725

.         
. reg sign ib1.group if private_agree == 0 

      Source |       SS           df       MS      Number of obs   =       133
-------------+----------------------------------   F(2, 130)       =      3.68
       Model |  .947341839         2   .47367092   Prob > F        =    0.0279
    Residual |  16.7368687       130  .128745144   R-squared       =    0.0536
-------------+----------------------------------   Adj R-squared   =    0.0390
       Total |  17.6842105       132  .133971292   Root MSE        =    .35881

------------------------------------------------------------------------------
        sign | Coefficient  Std. err.      t    P>|t|     [95% conf. interval]
-------------+----------------------------------------------------------------
       group |
 Omit Agree  |   .1323232   .0760725     1.74   0.084    -.0181772    .2828236
  Treatment  |   .2045455   .0764987     2.67   0.008     .0532019     .355889
             |
       _cons |   .0454545   .0540928     0.84   0.402    -.0615615    .1524706
------------------------------------------------------------------------------

.         eststo
(est3 stored)

.         qui sum sign if group == 1 & private_agree == 0

.         estadd scalar Cmean = r(mean)

added scalar:
              e(Cmean) =  .04545455

.         estadd scalar Csd = r(sd)

added scalar:
                e(Csd) =  .21070705

.         distinct(survey_id)

           |        Observations
           |      total   distinct
-----------+----------------------
 survey_id |        254        254

.         estadd scalar ids = round(r(ndistinct),1)

added scalar:
                e(ids) =  254

.         test 0.group = 2.group

 ( 1)  0.group - 2.group = 0

       F(  1,   130) =    0.90
            Prob > F =    0.3442

.         estadd scalar p_diff = r(p)

added scalar:
             e(p_diff) =  .34418573

. 
. reg sign ib1.group `controls' if private_agree == 0 

      Source |       SS           df       MS      Number of obs   =       133
-------------+----------------------------------   F(29, 103)      =      1.10
       Model |  4.19551617        29  .144672971   Prob > F        =    0.3474
    Residual |  13.4886944       103  .130958198   R-squared       =    0.2372
-------------+----------------------------------   Adj R-squared   =    0.0225
       Total |  17.6842105       132  .133971292   Root MSE        =    .36188

------------------------------------------------------------------------------
        sign | Coefficient  Std. err.      t    P>|t|     [95% conf. interval]
-------------+----------------------------------------------------------------
       group |
 Omit Agree  |   .1171925   .0857371     1.37   0.175    -.0528469    .2872319
  Treatment  |    .225742   .0862179     2.62   0.010     .0547491    .3967349
             |
      gender |
          2  |   -.136782   .0818627    -1.67   0.098    -.2991374    .0255735
          5  |   .0337697   .1569357     0.22   0.830    -.2774751    .3450146
          6  |  -.1614307   .1754231    -0.92   0.360    -.5093411    .1864797
             |
   ethnicity |
          3  |  -.0405443   .3918337    -0.10   0.918     -.817654    .7365654
          4  |   .0385965   .1151396     0.34   0.738    -.1897558    .2669488
          5  |  -.3336756   .2874057    -1.16   0.248    -.9036769    .2363258
          6  |  -.0347449   .0943214    -0.37   0.713    -.2218092    .1523195
          7  |  -.0114188   .1154416    -0.10   0.921    -.2403701    .2175324
             |
        year |
          2  |   .1424526   .1291575     1.10   0.273     -.113701    .3986061
          3  |   .0902289   .1129109     0.80   0.426    -.1337033     .314161
          4  |   .2134941   .1191295     1.79   0.076    -.0227712    .4497595
          5  |   .0243298   .1566668     0.16   0.877    -.2863819    .3350415
          6  |  -.1142137   .1981476    -0.58   0.566    -.5071927    .2787653
          8  |  -.1019633   .1608513    -0.63   0.528    -.4209739    .2170474
             |
    ideology |
          2  |   .0194126   .1623306     0.12   0.905    -.3025318     .341357
          3  |   .0006469    .170288     0.00   0.997    -.3370793     .338373
          4  |  -.0178046   .1744979    -0.10   0.919      -.36388    .3282707
          5  |  -.0402137    .210937    -0.19   0.849    -.4585575      .37813
          6  |    .329216   .3179132     1.04   0.303    -.3012898    .9597217
          9  |   .0369598    .187025     0.20   0.844    -.3339602    .4078799
             |
       major |
          2  |  -.2487067   .2367302    -1.05   0.296    -.7182053    .2207919
          7  |  -.2948632    .263949    -1.12   0.267    -.8183438    .2286174
          9  |  -.3241081   .2810317    -1.15   0.251    -.8814682    .2332521
         10  |   .0107809   .2534972     0.04   0.966    -.4919709    .5135328
         11  |  -.2542753   .2356469    -1.08   0.283    -.7216254    .2130748
         13  |  -.2142507   .2446129    -0.88   0.383    -.6993827    .2708813
         15  |  -.1152518   .4491433    -0.26   0.798    -1.006022    .7755179
             |
       _cons |   .2698384   .2981389     0.91   0.368    -.3214498    .8611266
------------------------------------------------------------------------------

.         eststo
(est4 stored)

.         qui sum sign if group == 1 & private_agree == 0

.         estadd scalar Cmean = r(mean)

added scalar:
              e(Cmean) =  .04545455

.         estadd scalar Csd = r(sd)

added scalar:
                e(Csd) =  .21070705

.         distinct(survey_id)

           |        Observations
           |      total   distinct
-----------+----------------------
 survey_id |        254        254

.         estadd scalar ids = round(r(ndistinct),1)

added scalar:
                e(ids) =  254

.         test 0.group = 2.group

 ( 1)  0.group - 2.group = 0

       F(  1,   103) =    1.62
            Prob > F =    0.2061

.         estadd scalar p_diff = r(p)

added scalar:
             e(p_diff) =  .20612887

.         
. reg sign ib1.group if private_agree == 1 

      Source |       SS           df       MS      Number of obs   =       121
-------------+----------------------------------   F(2, 118)       =      0.07
       Model |  .033365249         2  .016682624   Prob > F        =    0.9327
    Residual |  28.2310976       118  .239246589   R-squared       =    0.0012
-------------+----------------------------------   Adj R-squared   =   -0.0157
       Total |  28.2644628       120   .23553719   Root MSE        =    .48913

------------------------------------------------------------------------------
        sign | Coefficient  Std. err.      t    P>|t|     [95% conf. interval]
-------------+----------------------------------------------------------------
       group |
 Omit Agree  |  -.0402439   .1087035    -0.37   0.712    -.2555064    .1750186
  Treatment  |  -.0152439   .1087035    -0.14   0.889    -.2305064    .2000186
             |
       _cons |   .3902439    .076389     5.11   0.000     .2389728     .541515
------------------------------------------------------------------------------

.         eststo
(est5 stored)

.         qui sum sign if group == 1 & private_agree == 1

.         estadd scalar Cmean = r(mean)

added scalar:
              e(Cmean) =  .3902439

.         estadd scalar Csd = r(sd)

added scalar:
                e(Csd) =  .4938648

.         distinct(survey_id)

           |        Observations
           |      total   distinct
-----------+----------------------
 survey_id |        254        254

.         estadd scalar ids = round(r(ndistinct),1)

added scalar:
                e(ids) =  254

.         test 0.group = 2.group

 ( 1)  0.group - 2.group = 0

       F(  1,   118) =    0.05
            Prob > F =    0.8196

.         estadd scalar p_diff = r(p)

added scalar:
             e(p_diff) =  .81959352

. 
. reg sign ib1.group `controls' if private_agree == 1 

      Source |       SS           df       MS      Number of obs   =       121
-------------+----------------------------------   F(28, 92)       =      0.88
       Model |  5.98234689        28  .213655246   Prob > F        =    0.6367
    Residual |  22.2821159        92  .242196912   R-squared       =    0.2117
-------------+----------------------------------   Adj R-squared   =   -0.0283
       Total |  28.2644628       120   .23553719   Root MSE        =    .49214

------------------------------------------------------------------------------
        sign | Coefficient  Std. err.      t    P>|t|     [95% conf. interval]
-------------+----------------------------------------------------------------
       group |
 Omit Agree  |   .0332526   .1268117     0.26   0.794    -.2186064    .2851116
  Treatment  |   .0258583   .1258161     0.21   0.838    -.2240234    .2757399
             |
      gender |
          2  |  -.0594365   .1277356    -0.47   0.643    -.3131305    .1942574
          5  |  -.0426246   .2133726    -0.20   0.842    -.4664009    .3811518
          6  |  -.1082546   .3509644    -0.31   0.758    -.8053002     .588791
             |
   ethnicity |
          3  |   .6156189   .5267274     1.17   0.246    -.4305073    1.661745
          4  |   .2006742   .1368315     1.47   0.146     -.071085    .4724334
          6  |   .1248244   .1247397     1.00   0.320    -.1229194    .3725681
          7  |  -.1763876   .2224664    -0.79   0.430    -.6182251    .2654499
             |
        year |
          2  |  -.2126149    .206718    -1.03   0.306    -.6231746    .1979448
          3  |  -.0857514   .1997549    -0.43   0.669    -.4824819    .3109791
          4  |  -.1624844   .1844238    -0.88   0.381     -.528766    .2037972
          5  |  -.2811064   .2380057    -1.18   0.241    -.7538064    .1915935
          6  |  -.4195835   .4907789    -0.85   0.395    -1.394313    .5551458
          8  |  -.2285558   .2264636    -1.01   0.316     -.678332    .2212204
             |
    ideology |
          2  |  -.3258725   .1994279    -1.63   0.106    -.7219535    .0702086
          3  |  -.3743203   .2215062    -1.69   0.094    -.8142506    .0656101
          4  |  -.2083051   .2588455    -0.80   0.423    -.7223945    .3057844
          5  |  -.7494759    .346502    -2.16   0.033    -1.437659   -.0612931
          6  |  -.4467942   .4299136    -1.04   0.301     -1.30064    .4070513
          9  |  -.1789599   .3828535    -0.47   0.641    -.9393399    .5814202
             |
       major |
          2  |  -.1697674   .2868674    -0.59   0.555    -.7395108     .399976
          7  |  -.3972939   .3786644    -1.05   0.297    -1.149354    .3547663
          9  |  -.2538498   .3174127    -0.80   0.426    -.8842589    .3765593
         10  |  -.6092525   .3428593    -1.78   0.079    -1.290201    .0716956
         11  |  -.4500583   .3092724    -1.46   0.149      -1.0643    .1641834
         13  |  -.3556238   .2992739    -1.19   0.238    -.9500075    .2387599
         15  |  -.2694498    .419888    -0.64   0.523    -1.103384    .5644841
             |
       _cons |   1.126214   .4037817     2.79   0.006      .324269    1.928159
------------------------------------------------------------------------------

.         eststo
(est6 stored)

.         qui sum sign if group == 1 & private_agree == 1

.         estadd scalar Cmean = r(mean)

added scalar:
              e(Cmean) =  .3902439

.         estadd scalar Csd = r(sd)

added scalar:
                e(Csd) =  .4938648

.         distinct(survey_id)

           |        Observations
           |      total   distinct
-----------+----------------------
 survey_id |        254        254

.         estadd scalar ids = round(r(ndistinct),1)

added scalar:
                e(ids) =  254

.         test 0.group = 2.group

 ( 1)  0.group - 2.group = 0

       F(  1,    92) =    0.00
            Prob > F =    0.9528

.         estadd scalar p_diff = r(p)

added scalar:
             e(p_diff) =  .95284185

.         
. esttab using "$output/reg_renaming.tex", ///
> se lab keep(0.group 2.group) order(0.group 2.group) stats(p_diff Cmean Csd ids,labels("p-value Omit 
> Agree - Treatment" "Mean" "SD" "IDs")) star( * 0.1 ** 0.05 *** 0.01) ///
> varwidth(32) wrap compress nogap noconstant replace ///
> title("OLS Renaming") //indicate("Individual Controls =  gender")
(file /Users/yihong/Desktop/Silence Replicate Final/Output/reg_renaming.tex not found)
(output written to /Users/yihong/Desktop/Silence Replicate Final/Output/reg_renaming.tex)

. 
. 
end of do-file

. 
. *** Replication
. do "$code/Figure E11.do"

. 
. use "$data/recruitment_baseline_2nd.dta", clear
(recruitment_baseline_2nd -- de-identified 22 Aug 2026)

. 
. preserve

. collapse (mean) private*

. gen i = _n

. reshape long private_, i(i) j(topic) string
(j = affirmative_action college_require daylight_saving death_penalty free_speech homeless_camps immig
> rants immunizations marijuana parents_smartphone peoples_park rename_schools tariffs trans_athletes)

Data                               Wide   ->   Long
-----------------------------------------------------------------------------
Number of observations                1   ->   14          
Number of variables                  15   ->   3           
j variable (14 values)                    ->   topic
xij variables:
private_affirmative_action private_college_require ... private_trans_athletes->private_
-----------------------------------------------------------------------------

. rename private_ private_mean

. drop if topic == "free_speech" | topic == "homeless_camps" | topic == "peoples_park" | topic == "imm
> unizations"
(4 observations deleted)

. 
. save "$tempfile/private_mean_2nd.dta", replace
file /Users/yihong/Desktop/Silence Replicate Final/Tempfiles/private_mean_2nd.dta saved

. restore

. 
. foreach var in rename_schools trans_athletes affirmative_action immigrants daylight_saving college_r
> equire death_penalty marijuana tariffs parents_smartphone {
  2.         replace guesses_`var' = guesses_`var'/100 
  3. }
variable guesses_rename_schools was byte now float
(349 real changes made)
variable guesses_trans_athletes was byte now float
(346 real changes made)
variable guesses_affirmative_action was byte now float
(345 real changes made)
variable guesses_immigrants was byte now float
(338 real changes made)
variable guesses_daylight_saving was byte now float
(349 real changes made)
(345 real changes made)
variable guesses_death_penalty was byte now float
(349 real changes made)
variable guesses_marijuana was byte now float
(350 real changes made)
variable guesses_tariffs was byte now float
(351 real changes made)
variable guesses_parents_smartphone was byte now float
(351 real changes made)

. 
. preserve

. collapse (mean) guesses*

. gen i = _n

. reshape long guesses_, i(i) j(topic) string
(j = affirmative_action college_require daylight_saving death_penalty free_speech homeless_camps immig
> rants immunizations marijuana parents_smartphone peoples_park rename_schools tariffs trans_athletes)
guesses_college_require:  1 value would be changed; not changed

Data                               Wide   ->   Long
-----------------------------------------------------------------------------
Number of observations                1   ->   14          
Number of variables                  15   ->   3           
j variable (14 values)                    ->   topic
xij variables:
guesses_affirmative_action guesses_college_require ... guesses_trans_athletes->guesses_
-----------------------------------------------------------------------------

. rename guesses_ guesses_mean

. drop if topic == "free_speech" | topic == "homeless_camps" | topic == "peoples_park" | topic == "imm
> unizations"
(4 observations deleted)

. 
. save "$tempfile/guesses_mean_2nd.dta", replace
file /Users/yihong/Desktop/Silence Replicate Final/Tempfiles/guesses_mean_2nd.dta saved

. restore

. 
. preserve

. collapse (sd) guesses*

. gen i = _n

. reshape long guesses_, i(i) j(topic) string
(j = affirmative_action college_require daylight_saving death_penalty free_speech homeless_camps immig
> rants immunizations marijuana parents_smartphone peoples_park rename_schools tariffs trans_athletes)
guesses_college_require:  1 value would be changed; not changed

Data                               Wide   ->   Long
-----------------------------------------------------------------------------
Number of observations                1   ->   14          
Number of variables                  15   ->   3           
j variable (14 values)                    ->   topic
xij variables:
guesses_affirmative_action guesses_college_require ... guesses_trans_athletes->guesses_
-----------------------------------------------------------------------------

. rename guesses_ guesses_sd

. drop if topic == "free_speech" | topic == "homeless_camps" | topic == "peoples_park" | topic == "imm
> unizations"
(4 observations deleted)

. 
. save "$tempfile/guesses_sd_2nd.dta", replace
file /Users/yihong/Desktop/Silence Replicate Final/Tempfiles/guesses_sd_2nd.dta saved

. restore

. 
. qui sum guesses_affirmative_action

. local n = r(N)

. 
. use "$tempfile/private_mean_2nd.dta", clear

. merge 1:1 topic using "$tempfile/guesses_mean_2nd.dta"

    Result                      Number of obs
    -----------------------------------------
    Not matched                             0
    Matched                                10  (_merge==3)
    -----------------------------------------

. drop _merge

. merge 1:1 topic using "$tempfile/guesses_sd_2nd.dta"

    Result                      Number of obs
    -----------------------------------------
    Not matched                             0
    Matched                                10  (_merge==3)
    -----------------------------------------

. drop _merge

. 
. drop i

. gen topic_id = _n 

. gen guesses_ub = guesses_mean + 1.96*guesses_sd/sqrt(`n')

. gen guesses_lb = guesses_mean - 1.96*guesses_sd/sqrt(`n')

. gen misperception = abs(guesses_mean - private_mean)

. save "$tempfile/private_guesses_2nd.dta", replace
file /Users/yihong/Desktop/Silence Replicate Final/Tempfiles/private_guesses_2nd.dta saved

. 
. use "$data/TC_cleaned_2nd.dta", clear
(TC_cleaned_2nd -- de-identified 22 Aug 2026)

. 
. 
. local label_rename_schools "Rename Schools"

. local label_affirmative_action "Affirmative Actions"

. local label_death_penalty "Death Penalty"

. local label_marijuana "Legalize Marijuana"

. local label_daylight_saving "Daylight Saving Time"

. local label_college_require "College Requirement"

. 
.         
. foreach var in rename_schools affirmative_action death_penalty marijuana daylight_saving{
  2.         preserve
  3.         use "$tempfile/private_guesses_2nd.dta", clear
  4. 
.         sum private_mean if topic == "`var'"
  5.         local actual_mean = string(r(mean)*100,"%8.2f")
  6.         restore 
  7.         
.         preserve
  8.         *drop if zoom_id == 17 | zoom_id == 18
. 
. distinct survey_id if treat == 0 
  9. local n_c = r(ndistinct)
 10.         
. distinct survey_id if treat == 1
 11. local n_t = r(ndistinct)
 12. 
. distinct survey_id 
 13. 
. local n_total = r(ndistinct)
 14. 
. keep survey_id guesses*`var' treat
 15. rename guesses_`var' guesses_1 
 16. rename guesses_m_`var' guesses_2
 17. rename guesses_e_`var' guesses_3
 18. 
. reshape long guesses_, i(survey_id) j(round)
 19. sum guesses_ if round == 1
 20. local baseline = string(r(mean),"%8.2f")
 21. 
. collapse (mean) mean_p = guesses_ (sd) sd_p=guesses_, by(round treat)
 22.         
.         gen p_lb_c= mean_p - 1.96*sd_p/sqrt(`n_c')
 23.         gen p_ub_c= mean_p + 1.96*sd_p/sqrt(`n_c')
 24. 
.         gen p_lb_t= mean_p - 1.96*sd_p/sqrt(`n_t')
 25.         gen p_ub_t= mean_p + 1.96*sd_p/sqrt(`n_t')
 26. 
.         twoway (connected mean_p round if treat == 0, mcolor(red) lcolor(red)) (rcap p_lb_c p_ub_c r
> ound if treat == 0, mcolor(red) lcolor(red)) ///
>         (connected mean_p round if treat == 1, mcolor(blue) lcolor(blue) lpattern(solid)) (rcap p_lb
> _t p_ub_t round if treat == 1, mcolor(blue) lcolor(blue)), ///
>         ytitle("`label_`var'', % Agree") xtitle(Round) ylabel(20(20)80) xscale(range(0.9 3.1)) xlabe
> l(1 "Baseline" 2 "Midline" 3 "Endline") ///
>         yline(`actual_mean', lcolor(green) lpattern(dash)) ttext(`actual_mean' 2.8 "`actual_mean'%")
>  ///
>         yline(`baseline', lcolor(orange) lpattern(dash)) ttext(`baseline' 2.3 "Baseline: `baseline'%
> ") ///
>         title("Perceived  % Agree, `label_`var''") subtitle("N = `n_total'") graphregion(fcolor(whit
> e)) legend(order(1 "Control (A+D)" 3 "Treat (A+D+S)") position(6) rows(1)) aspectratio(0.5) graphreg
> ion(margin(1 1 1 1)) plotregion(margin(0 0 0 0))
 27.         graph export "$output/inference_`var'_2025.png", replace        
 28. restore
 29. 
. }

    Variable |        Obs        Mean    Std. dev.       Min        Max
-------------+---------------------------------------------------------
private_mean |          1    .2742857           .   .2742857   .2742857

           |        Observations
           |      total   distinct
-----------+----------------------
 survey_id |        102        102

           |        Observations
           |      total   distinct
-----------+----------------------
 survey_id |         99         99

           |        Observations
           |      total   distinct
-----------+----------------------
 survey_id |        201        201
(j = 1 2 3)

Data                               Wide   ->   Long
-----------------------------------------------------------------------------
Number of observations              201   ->   603         
Number of variables                   5   ->   4           
j variable (3 values)                     ->   round
xij variables:
          guesses_1 guesses_2 guesses_3   ->   guesses_
-----------------------------------------------------------------------------

    Variable |        Obs        Mean    Std. dev.       Min        Max
-------------+---------------------------------------------------------
    guesses_ |        201    49.63184    19.62049         10         97
file /Users/yihong/Desktop/Silence Replicate Final/Output/inference_rename_schools_2025.png saved as
    PNG format

    Variable |        Obs        Mean    Std. dev.       Min        Max
-------------+---------------------------------------------------------
private_mean |          1     .433908           .    .433908    .433908

           |        Observations
           |      total   distinct
-----------+----------------------
 survey_id |        102        102

           |        Observations
           |      total   distinct
-----------+----------------------
 survey_id |         99         99

           |        Observations
           |      total   distinct
-----------+----------------------
 survey_id |        201        201
(j = 1 2 3)

Data                               Wide   ->   Long
-----------------------------------------------------------------------------
Number of observations              201   ->   603         
Number of variables                   5   ->   4           
j variable (3 values)                     ->   round
xij variables:
          guesses_1 guesses_2 guesses_3   ->   guesses_
-----------------------------------------------------------------------------

    Variable |        Obs        Mean    Std. dev.       Min        Max
-------------+---------------------------------------------------------
    guesses_ |        201    51.43781    19.51762          0        100
file /Users/yihong/Desktop/Silence Replicate Final/Output/inference_affirmative_action_2025.png
    saved as PNG format

    Variable |        Obs        Mean    Std. dev.       Min        Max
-------------+---------------------------------------------------------
private_mean |          1    .6034483           .   .6034483   .6034483

           |        Observations
           |      total   distinct
-----------+----------------------
 survey_id |        102        102

           |        Observations
           |      total   distinct
-----------+----------------------
 survey_id |         99         99

           |        Observations
           |      total   distinct
-----------+----------------------
 survey_id |        201        201
(j = 1 2 3)

Data                               Wide   ->   Long
-----------------------------------------------------------------------------
Number of observations              201   ->   603         
Number of variables                   5   ->   4           
j variable (3 values)                     ->   round
xij variables:
          guesses_1 guesses_2 guesses_3   ->   guesses_
-----------------------------------------------------------------------------

    Variable |        Obs        Mean    Std. dev.       Min        Max
-------------+---------------------------------------------------------
    guesses_ |        201    66.83582    18.04017         10        100
file /Users/yihong/Desktop/Silence Replicate Final/Output/inference_death_penalty_2025.png saved as
    PNG format

    Variable |        Obs        Mean    Std. dev.       Min        Max
-------------+---------------------------------------------------------
private_mean |          1    .6551724           .   .6551724   .6551724

           |        Observations
           |      total   distinct
-----------+----------------------
 survey_id |        102        102

           |        Observations
           |      total   distinct
-----------+----------------------
 survey_id |         99         99

           |        Observations
           |      total   distinct
-----------+----------------------
 survey_id |        201        201
(j = 1 2 3)

Data                               Wide   ->   Long
-----------------------------------------------------------------------------
Number of observations              201   ->   603         
Number of variables                   5   ->   4           
j variable (3 values)                     ->   round
xij variables:
          guesses_1 guesses_2 guesses_3   ->   guesses_
-----------------------------------------------------------------------------

    Variable |        Obs        Mean    Std. dev.       Min        Max
-------------+---------------------------------------------------------
    guesses_ |        201    73.45274    17.59088         10        100
file /Users/yihong/Desktop/Silence Replicate Final/Output/inference_marijuana_2025.png saved as PNG
    format

    Variable |        Obs        Mean    Std. dev.       Min        Max
-------------+---------------------------------------------------------
private_mean |          1    .5880682           .   .5880682   .5880682

           |        Observations
           |      total   distinct
-----------+----------------------
 survey_id |        102        102

           |        Observations
           |      total   distinct
-----------+----------------------
 survey_id |         99         99

           |        Observations
           |      total   distinct
-----------+----------------------
 survey_id |        201        201
(j = 1 2 3)

Data                               Wide   ->   Long
-----------------------------------------------------------------------------
Number of observations              201   ->   603         
Number of variables                   5   ->   4           
j variable (3 values)                     ->   round
xij variables:
          guesses_1 guesses_2 guesses_3   ->   guesses_
-----------------------------------------------------------------------------

    Variable |        Obs        Mean    Std. dev.       Min        Max
-------------+---------------------------------------------------------
    guesses_ |        201    59.23881    24.22442          0        100
file /Users/yihong/Desktop/Silence Replicate Final/Output/inference_daylight_saving_2025.png saved
    as PNG format

. 
end of do-file

. do "$code/Table E21.do"

. 
. 
. use "$data/TC_cleaned_2nd.dta", clear
(TC_cleaned_2nd -- de-identified 22 Aug 2026)

. 
. keep *rename_schools *affirmative_action *death_penalty *marijuana ///
>          treat e_* gender race year major ideology survey_id zoom_id moderator week group_size sessi
> on_time

.           
. foreach var in rename_schools affirmative_action death_penalty marijuana {
  2.         rename guesses_`var' guesses_b_`var'
  3. }

. 
. reshape long private_ guesses_b_ guesses_m_ guesses_e_ , i(survey_id) j(topic) string
(j = affirmative_action death_penalty marijuana rename_schools)

Data                               Wide   ->   Long
-----------------------------------------------------------------------------
Number of observations              201   ->   804         
Number of variables                  41   ->   30          
j variable (4 values)                     ->   topic
xij variables:
private_affirmative_action private_death_penalty ... private_rename_schools->private_
guesses_b_affirmative_action guesses_b_death_penalty ... guesses_b_rename_schools->guesses_b_
guesses_m_affirmative_action guesses_m_death_penalty ... guesses_m_rename_schools->guesses_m_
guesses_e_affirmative_action guesses_e_death_penalty ... guesses_e_rename_schools->guesses_e_
-----------------------------------------------------------------------------

. encode topic, generate(topic_id)

. 
. 
. local controls i.gender i.race i.year i.ideology i.major

. label var treat "Treat"

. label var private_ "Private Agree"

. 
. eststo clear

. 
. reg guesses_m_ treat i.topic_id, cluster(survey_id)

Linear regression                               Number of obs     =        804
                                                F(4, 200)         =     121.48
                                                Prob > F          =     0.0000
                                                R-squared         =     0.3701
                                                Root MSE          =     12.812

                               (Std. err. adjusted for 201 clusters in survey_id)
---------------------------------------------------------------------------------
                |               Robust
     guesses_m_ | Coefficient  std. err.      t    P>|t|     [95% conf. interval]
----------------+----------------------------------------------------------------
          treat |  -8.775401   1.116441    -7.86   0.000    -10.97691   -6.573895
                |
       topic_id |
 death_penalty  |    16.8408    1.23961    13.59   0.000     14.39641    19.28518
     marijuana  |   17.68159   1.140811    15.50   0.000     15.43203    19.93115
rename_schools  |  -.4577114   1.196978    -0.38   0.703    -2.818028    1.902605
                |
          _cons |   55.31226   1.110427    49.81   0.000     53.12261    57.50191
---------------------------------------------------------------------------------

.         eststo
(est1 stored)

.         qui sum guesses_m_ if treat == 0 

.         estadd scalar Cmean = r(mean)

added scalar:
              e(Cmean) =  63.828431

.         estadd scalar Csd = r(sd)

added scalar:
                e(Csd) =  15.002702

.         distinct(survey_id)

           |        Observations
           |      total   distinct
-----------+----------------------
 survey_id |        804        201

.         estadd scalar ids = round(r(ndistinct),1)

added scalar:
                e(ids) =  201

. 
. reg guesses_m_ treat private_ guesses_b_ i.topic_id, cluster(survey_id)

Linear regression                               Number of obs     =        793
                                                F(6, 200)         =      99.83
                                                Prob > F          =     0.0000
                                                R-squared         =     0.4283
                                                Root MSE          =     12.248

                               (Std. err. adjusted for 201 clusters in survey_id)
---------------------------------------------------------------------------------
                |               Robust
     guesses_m_ | Coefficient  std. err.      t    P>|t|     [95% conf. interval]
----------------+----------------------------------------------------------------
          treat |  -8.401735   1.045267    -8.04   0.000    -10.46289   -6.340577
       private_ |   3.894575    1.02385     3.80   0.000     1.875648    5.913502
     guesses_b_ |   .1431549   .0264363     5.42   0.000     .0910252    .1952845
                |
       topic_id |
 death_penalty  |   13.93502   1.259616    11.06   0.000     11.45119    16.41886
     marijuana  |   13.95935   1.268183    11.01   0.000     11.45863    16.46008
rename_schools  |   .4548994   1.220456     0.37   0.710    -1.951713    2.861512
                |
          _cons |   46.08936   1.630864    28.26   0.000     42.87346    49.30525
---------------------------------------------------------------------------------

.         eststo
(est2 stored)

.         qui sum guesses_m_ if treat == 0 

.         estadd scalar Cmean = r(mean)

added scalar:
              e(Cmean) =  63.828431

.         estadd scalar Csd = r(sd)

added scalar:
                e(Csd) =  15.002702

.         distinct(survey_id)

           |        Observations
           |      total   distinct
-----------+----------------------
 survey_id |        804        201

.         estadd scalar ids = round(r(ndistinct),1)

added scalar:
                e(ids) =  201

. 
. reg guesses_m_ treat private_ guesses_b_ i.topic_id `controls', cluster(survey_id)

Linear regression                               Number of obs     =        793
                                                F(33, 200)        =      24.38
                                                Prob > F          =     0.0000
                                                R-squared         =     0.4624
                                                Root MSE          =     12.087

                               (Std. err. adjusted for 201 clusters in survey_id)
---------------------------------------------------------------------------------
                |               Robust
     guesses_m_ | Coefficient  std. err.      t    P>|t|     [95% conf. interval]
----------------+----------------------------------------------------------------
          treat |    -8.4829    1.02849    -8.25   0.000    -10.51098   -6.454824
       private_ |   2.877938    1.10236     2.61   0.010     .7041985    5.051677
     guesses_b_ |   .1363551   .0267265     5.10   0.000     .0836532    .1890569
                |
       topic_id |
 death_penalty  |   14.15827     1.2528    11.30   0.000     11.68788    16.62866
     marijuana  |   14.27719   1.256074    11.37   0.000     11.80034    16.75404
rename_schools  |   .2765957   1.245181     0.22   0.824    -2.178771    2.731963
                |
         gender |
             2  |   2.057707     1.2376     1.66   0.098     -.382712    4.498127
             4  |   4.213695   2.614416     1.61   0.109    -.9416617    9.369052
             5  |  -1.590471   2.854472    -0.56   0.578    -7.219194    4.038252
             6  |   4.129673   4.507523     0.92   0.361    -4.758694    13.01804
                |
           race |
             2  |  -5.903291   2.062213    -2.86   0.005    -9.969761   -1.836821
             3  |  -7.308744   3.296685    -2.22   0.028    -13.80946   -.8080232
             4  |  -3.583607   2.674566    -1.34   0.182    -8.857575     1.69036
             6  |  -6.668225   2.244535    -2.97   0.003    -11.09422   -2.242234
             7  |  -7.648469   3.280689    -2.33   0.021    -14.11765   -1.179291
                |
           year |
             2  |  -.0184304   1.873257    -0.01   0.992    -3.712299    3.675438
             3  |   1.248879   1.841802     0.68   0.499    -2.382964    4.880722
             4  |   1.257845   1.798263     0.70   0.485    -2.288143    4.803833
             5  |   5.173173   2.261642     2.29   0.023     .7134502    9.632896
             6  |   1.353643   3.466042     0.39   0.697    -5.481032    8.188317
                |
       ideology |
             2  |  -.2371267   1.773788    -0.13   0.894    -3.734853      3.2606
             3  |  -2.058773   2.054674    -1.00   0.318    -6.110376     1.99283
             4  |  -2.177587   2.129437    -1.02   0.308    -6.376616    2.021441
             5  |  -4.451372   2.645796    -1.68   0.094    -9.668606    .7658628
             6  |    1.69663   3.143336     0.54   0.590    -4.501701    7.894962
             9  |   .9606586   2.851348     0.34   0.737    -4.661904    6.583221
                |
          major |
             2  |   3.623479   2.775682     1.31   0.193    -1.849878    9.096837
             7  |  -3.556308   3.659041    -0.97   0.332    -10.77156    3.658941
             9  |   4.750968    2.88248     1.65   0.101    -.9329848    10.43492
            10  |   5.446923   2.947452     1.85   0.066    -.3651477    11.25899
            11  |   2.194506   2.727328     0.80   0.422    -3.183501    7.572513
            13  |   2.541004   2.713872     0.94   0.350     -2.81047    7.892478
            15  |   1.032668   3.703721     0.28   0.781    -6.270685    8.336021
                |
          _cons |   48.62746    3.96654    12.26   0.000     40.80586    56.44907
---------------------------------------------------------------------------------

.         eststo
(est3 stored)

.         qui sum guesses_m_ if treat == 0 

.         estadd scalar Cmean = r(mean)

added scalar:
              e(Cmean) =  63.828431

.         estadd scalar Csd = r(sd)

added scalar:
                e(Csd) =  15.002702

.         distinct(survey_id)

           |        Observations
           |      total   distinct
-----------+----------------------
 survey_id |        804        201

.         estadd scalar ids = round(r(ndistinct),1)

added scalar:
                e(ids) =  201

.         
. reg guesses_e_ treat i.topic_id, cluster(zoom_id)

Linear regression                               Number of obs     =        804
                                                F(4, 24)          =      23.21
                                                Prob > F          =     0.0000
                                                R-squared         =     0.2619
                                                Root MSE          =     17.672

                                  (Std. err. adjusted for 25 clusters in zoom_id)
---------------------------------------------------------------------------------
                |               Robust
     guesses_e_ | Coefficient  std. err.      t    P>|t|     [95% conf. interval]
----------------+----------------------------------------------------------------
          treat |  -12.11646   3.085903    -3.93   0.001    -18.48545   -5.747469
                |
       topic_id |
 death_penalty  |   15.36318   2.211463     6.95   0.000     10.79895    19.92742
     marijuana  |   18.54726   2.656325     6.98   0.000     13.06488    24.02965
rename_schools  |  -.0696517    1.66775    -0.04   0.967    -3.511718    3.372414
                |
          _cons |   57.19666   3.108323    18.40   0.000      50.7814    63.61193
---------------------------------------------------------------------------------

.         eststo
(est4 stored)

.         qui sum guesses_e_ if treat == 0 

.         estadd scalar Cmean = r(mean)

added scalar:
              e(Cmean) =  65.656863

.         estadd scalar Csd = r(sd)

added scalar:
                e(Csd) =  19.186269

.         distinct(survey_id)

           |        Observations
           |      total   distinct
-----------+----------------------
 survey_id |        804        201

.         estadd scalar ids = round(r(ndistinct),1)

added scalar:
                e(ids) =  201

. 
. reg guesses_e_ treat private_ guesses_b_ i.topic_id, cluster(zoom_id)

Linear regression                               Number of obs     =        793
                                                F(6, 24)          =      31.78
                                                Prob > F          =     0.0000
                                                R-squared         =     0.3043
                                                Root MSE          =     17.214

                                  (Std. err. adjusted for 25 clusters in zoom_id)
---------------------------------------------------------------------------------
                |               Robust
     guesses_e_ | Coefficient  std. err.      t    P>|t|     [95% conf. interval]
----------------+----------------------------------------------------------------
          treat |   -11.4453   2.910733    -3.93   0.001    -17.45275   -5.437841
       private_ |   6.155209    1.31536     4.68   0.000      3.44044    8.869978
     guesses_b_ |   .0963088   .0263168     3.66   0.001     .0419936    .1506241
                |
       topic_id |
 death_penalty  |   13.06207   2.229171     5.86   0.000     8.461291    17.66286
     marijuana  |   15.69467   2.717291     5.78   0.000     10.08645    21.30288
rename_schools  |   1.228543    1.61915     0.76   0.455    -2.113218    4.570304
                |
          _cons |   49.01624   3.788185    12.94   0.000     41.19781    56.83467
---------------------------------------------------------------------------------

.         eststo
(est5 stored)

.         qui sum guesses_e_ if treat == 0 

.         estadd scalar Cmean = r(mean)

added scalar:
              e(Cmean) =  65.656863

.         estadd scalar Csd = r(sd)

added scalar:
                e(Csd) =  19.186269

.         distinct(survey_id)

           |        Observations
           |      total   distinct
-----------+----------------------
 survey_id |        804        201

.         estadd scalar ids = round(r(ndistinct),1)

added scalar:
                e(ids) =  201

. 
. reg guesses_e_ treat private_ guesses_b_ i.topic_id `controls' i.moderator i.week group_size i.sessi
> on_time, cluster(zoom_id)

Linear regression                               Number of obs     =        793
                                                F(23, 24)         =          .
                                                Prob > F          =          .
                                                R-squared         =     0.4262
                                                Root MSE          =     16.036

                                  (Std. err. adjusted for 25 clusters in zoom_id)
---------------------------------------------------------------------------------
                |               Robust
     guesses_e_ | Coefficient  std. err.      t    P>|t|     [95% conf. interval]
----------------+----------------------------------------------------------------
          treat |  -15.03282   1.729848    -8.69   0.000    -18.60305   -11.46259
       private_ |   4.516931   1.337658     3.38   0.002      1.75614    7.277723
     guesses_b_ |   .0627483   .0278969     2.25   0.034     .0051719    .1203247
                |
       topic_id |
 death_penalty  |   13.75125    2.30506     5.97   0.000     8.993838    18.50866
     marijuana  |   16.72072   2.735728     6.11   0.000     11.07445    22.36698
rename_schools  |   .9006741   1.658823     0.54   0.592    -2.522968    4.324316
                |
         gender |
             2  |  -.9299707   1.789598    -0.52   0.608     -4.62352    2.763578
             4  |   3.663953   2.478477     1.48   0.152    -1.451371    8.779278
             5  |   1.379838   3.285725     0.42   0.678    -5.401566    8.161242
             6  |    5.95288   5.158186     1.15   0.260    -4.693091    16.59885
                |
           race |
             2  |  -2.666417   5.558104    -0.48   0.636    -14.13778    8.804945
             3  |  -7.908001   5.610137    -1.41   0.171    -19.48675    3.670752
             4  |  -5.103105   6.335605    -0.81   0.428    -18.17915    7.972942
             6  |  -.6772366   6.319824    -0.11   0.916    -13.72071    12.36624
             7  |   2.238107   7.022602     0.32   0.753    -12.25583    16.73204
                |
           year |
             2  |   3.200085   2.493001     1.28   0.212    -1.945215    8.345386
             3  |   2.223222   2.217344     1.00   0.326    -2.353152    6.799595
             4  |   .6983206   2.141712     0.33   0.747    -3.721956    5.118597
             5  |   .9887357    2.55522     0.39   0.702    -4.284978     6.26245
             6  |  -7.490881    3.89407    -1.92   0.066    -15.52785    .5460848
                |
       ideology |
             2  |   3.072235   1.354927     2.27   0.033     .2758039    5.868666
             3  |   .5352772   1.928726     0.28   0.784    -3.445418    4.515972
             4  |  -2.262979   2.544205    -0.89   0.383     -7.51396    2.988002
             5  |  -1.722985   3.016221    -0.57   0.573    -7.948159     4.50219
             6  |   12.50909   3.421302     3.66   0.001     5.447873    19.57031
             9  |   1.862999   4.094663     0.45   0.653    -6.587971    10.31397
                |
          major |
             2  |  -4.010909   2.563952    -1.56   0.131    -9.302646    1.280829
             7  |  -3.381895   3.863384    -0.88   0.390    -11.35553    4.591738
             9  |  -3.601673   3.272482    -1.10   0.282    -10.35574    3.152398
            10  |   -2.41319   4.499573    -0.54   0.597    -11.69985    6.873473
            11  |  -5.249113   3.187074    -1.65   0.113    -11.82691    1.328684
            13  |  -3.189874   2.482318    -1.29   0.211    -8.313127    1.933379
            15  |    -5.7586   4.993768    -1.15   0.260    -16.06523     4.54803
                |
      moderator |
             2  |   1.894654   2.444819     0.77   0.446    -3.151205    6.940513
             3  |  -1.109688   2.175209    -0.51   0.615    -5.599099    3.379724
             4  |   20.15612   3.687997     5.47   0.000     12.54447    27.76777
             5  |  -28.95257   3.716359    -7.79   0.000    -36.62276   -21.28238
                |
           week |
             2  |  -14.08302   5.661705    -2.49   0.020     -25.7682   -2.397831
             3  |  -11.05298   5.124602    -2.16   0.041    -21.62964   -.4763254
             4  |  -10.15352   2.428561    -4.18   0.000    -15.16582   -5.141216
             5  |  -11.59635   4.045202    -2.87   0.008    -19.94523    -3.24746
             6  |  -16.29891    3.97399    -4.10   0.000    -24.50082   -8.096993
             7  |  -10.40626   4.595019    -2.26   0.033    -19.88991   -.9226049
                |
     group_size |  -.6915443   .6557762    -1.05   0.302       -2.045    .6619114
 2.session_time |   3.634284   1.886463     1.93   0.066    -.2591845    7.527753
          _cons |   73.61088   10.66079     6.90   0.000     51.60809    95.61368
---------------------------------------------------------------------------------

.         eststo
(est6 stored)

.         qui sum guesses_e_ if treat == 0 

.         estadd scalar Cmean = r(mean)

added scalar:
              e(Cmean) =  65.656863

.         estadd scalar Csd = r(sd)

added scalar:
                e(Csd) =  19.186269

.         distinct(survey_id)

           |        Observations
           |      total   distinct
-----------+----------------------
 survey_id |        804        201

.         estadd scalar ids = round(r(ndistinct),1)

added scalar:
                e(ids) =  201

.         
. esttab using "$output/ols_inference_tc_2025.tex", ///
> se lab stats(Cmean Csd ids N,labels("Mean" "SD" "IDs" "Obs")) keep(treat private_ guesses_b_) star( 
> * 0.1 ** 0.05 *** 0.01) ///
> varwidth(32) wrap compress nogap noconstant replace ///
> title("midline_inference") //indicate("Individual Controls =  gender")
(file /Users/yihong/Desktop/Silence Replicate Final/Output/ols_inference_tc_2025.tex not found)
(output written to /Users/yihong/Desktop/Silence Replicate Final/Output/ols_inference_tc_2025.tex)

. 
. 
end of do-file

. do "$code/Table E22.do"

. ******* Expression ********
. use "$data/TC_cleaned_2nd.dta", clear
(TC_cleaned_2nd -- de-identified 22 Aug 2026)

. 
. foreach var in rename_schools affirmative_action death_penalty marijuana{
  2.         replace e_`var' = 9 if e_`var' == .
  3.         gen e_d_`var' = 0 
  4.         replace e_d_`var' = 1 if e_`var' != 9 & e_`var' == private_`var' 
  5.         }
(124 real changes made)
(67 real changes made)
(146 real changes made)
(50 real changes made)
(113 real changes made)
(83 real changes made)
(121 real changes made)
(74 real changes made)

. 
. keep private_rename_schools private_marijuana private_death_penalty private_affirmative_action ///
>          guesses_rename_schools guesses_marijuana guesses_death_penalty guesses_affirmative_action /
> //
>          guesses_m_rename_schools guesses_m_marijuana guesses_m_death_penalty guesses_m_affirmative_
> action ///
>          e_d_rename_schools e_d_marijuana e_d_death_penalty e_d_affirmative_action ///
>          treat gender race year major ideology survey_id zoom_id group_size session_time week modera
> tor

. 
. reshape long private_ guesses_ guesses_m_ e_d_, i(survey_id) j(topic) string
(j = affirmative_action death_penalty marijuana rename_schools)

Data                               Wide   ->   Long
-----------------------------------------------------------------------------
Number of observations              201   ->   804         
Number of variables                  28   ->   17          
j variable (4 values)                     ->   topic
xij variables:
private_affirmative_action private_death_penalty ... private_rename_schools->private_
guesses_affirmative_action guesses_death_penalty ... guesses_rename_schools->guesses_
guesses_m_affirmative_action guesses_m_death_penalty ... guesses_m_rename_schools->guesses_m_
e_d_affirmative_action e_d_death_penalty ... e_d_rename_schools->e_d_
-----------------------------------------------------------------------------

. 
. gen private_norm = 0 

. replace private_norm = 1 if private_ == 1
(392 real changes made)

. 
. gen guesses_norm = .  
(804 missing values generated)

. replace guesses_norm = guesses_ 
(804 real changes made)

. 
. rename e_d_ express_d 

. encode topic, generate(topic_id)

. 
. local ind_controls i.gender i.race year i.ideology i.major

. 
. local session_controls group_size i.session_time i.moderator i.week

. 
. label var treat "Treat"

. 
. eststo clear

. 
. reg express_d treat i.topic_id if private_ == 0, cluster(zoom_id)

Linear regression                               Number of obs     =        401
                                                F(4, 24)          =       1.86
                                                Prob > F          =     0.1507
                                                R-squared         =     0.0262
                                                Root MSE          =     .43789

                                  (Std. err. adjusted for 25 clusters in zoom_id)
---------------------------------------------------------------------------------
                |               Robust
      express_d | Coefficient  std. err.      t    P>|t|     [95% conf. interval]
----------------+----------------------------------------------------------------
          treat |   .1393664   .0565447     2.46   0.021     .0226639     .256069
                |
       topic_id |
 death_penalty  |  -.0319365   .0600544    -0.53   0.600    -.1558826    .0920097
     marijuana  |  -.0380828   .0674947    -0.56   0.578    -.1773849    .1012194
rename_schools  |   .0114804   .0572905     0.20   0.843    -.1067614    .1297223
                |
          _cons |   .1987037   .0481397     4.13   0.000     .0993483    .2980591
---------------------------------------------------------------------------------

.         eststo
(est1 stored)

.         qui sum express_d if treat == 0 & private_ == 0

.         estadd scalar Cmean = r(mean)

added scalar:
              e(Cmean) =  .19148936

.         estadd scalar Csd = r(sd)

added scalar:
                e(Csd) =  .3945239

.         distinct(survey_id) if private_ == 0 

           |        Observations
           |      total   distinct
-----------+----------------------
 survey_id |        401        179

.         estadd scalar ids = round(r(ndistinct),1)

added scalar:
                e(ids) =  179

. 
. reg express_d treat guesses_norm i.topic_id if private_ == 0, cluster(zoom_id)

Linear regression                               Number of obs     =        401
                                                F(5, 24)          =       1.53
                                                Prob > F          =     0.2186
                                                R-squared         =     0.0266
                                                Root MSE          =     .43836

                                  (Std. err. adjusted for 25 clusters in zoom_id)
---------------------------------------------------------------------------------
                |               Robust
      express_d | Coefficient  std. err.      t    P>|t|     [95% conf. interval]
----------------+----------------------------------------------------------------
          treat |   .1406963   .0579395     2.43   0.023      .021115    .2602776
   guesses_norm |   .0004496   .0013377     0.34   0.740    -.0023113    .0032106
                |
       topic_id |
 death_penalty  |  -.0359053   .0624699    -0.57   0.571    -.1648368    .0930261
     marijuana  |  -.0445694   .0736318    -0.61   0.551    -.1965379    .1073991
rename_schools  |   .0124377   .0575388     0.22   0.831    -.1063166    .1311921
                |
          _cons |   .1761303   .0788686     2.23   0.035     .0133534    .3389072
---------------------------------------------------------------------------------

.         eststo
(est2 stored)

.         qui sum express_d if treat == 0 & private_ == 0

.         estadd scalar Cmean = r(mean)

added scalar:
              e(Cmean) =  .19148936

.         estadd scalar Csd = r(sd)

added scalar:
                e(Csd) =  .3945239

.         distinct(survey_id) if private_ == 0 

           |        Observations
           |      total   distinct
-----------+----------------------
 survey_id |        401        179

.         estadd scalar ids = round(r(ndistinct),1)

added scalar:
                e(ids) =  179

.         
. reg express_d treat guesses_norm i.topic_id `session_controls' if private_ == 0, cluster(zoom_id)

Linear regression                               Number of obs     =        401
                                                F(14, 24)         =          .
                                                Prob > F          =          .
                                                R-squared         =     0.1017
                                                Root MSE          =     .42766

                                  (Std. err. adjusted for 25 clusters in zoom_id)
---------------------------------------------------------------------------------
                |               Robust
      express_d | Coefficient  std. err.      t    P>|t|     [95% conf. interval]
----------------+----------------------------------------------------------------
          treat |   .1971493   .0318159     6.20   0.000     .1314846    .2628139
   guesses_norm |   .0003491   .0014039     0.25   0.806    -.0025484    .0032467
                |
       topic_id |
 death_penalty  |   -.030169   .0585375    -0.52   0.611    -.1509846    .0906465
     marijuana  |  -.0499179    .072785    -0.69   0.499    -.2001389     .100303
rename_schools  |   .0172206   .0551955     0.31   0.758    -.0966973    .1311385
                |
     group_size |    .005644   .0164542     0.34   0.735    -.0283158    .0396039
 2.session_time |   .0689341   .0321937     2.14   0.043     .0024895    .1353787
                |
      moderator |
             2  |   .1524616   .0670655     2.27   0.032     .0140452     .290878
             3  |   .0912834   .0418729     2.18   0.039      .004862    .1777048
             4  |  -.1499369   .0496423    -3.02   0.006    -.2523935   -.0474802
             5  |   .3698759   .0956132     3.87   0.001       .17254    .5672117
                |
           week |
             2  |   .2937339   .1290677     2.28   0.032     .0273513    .5601166
             3  |   .3645531   .1180256     3.09   0.005     .1209602     .608146
             4  |   .3764082   .0631678     5.96   0.000     .2460362    .5067802
             5  |   .1283006   .1122893     1.14   0.264    -.1034532    .3600543
             6  |   .3434234   .1054058     3.26   0.003     .1258765    .5609703
             7  |   .2029222   .1327282     1.53   0.139    -.0710154    .4768598
                |
          _cons |   -.275555   .2538891    -1.09   0.289    -.7995564    .2484463
---------------------------------------------------------------------------------

.         eststo
(est3 stored)

.         qui sum express_d if treat == 0 & private_ == 0

.         estadd scalar Cmean = r(mean)

added scalar:
              e(Cmean) =  .19148936

.         estadd scalar Csd = r(sd)

added scalar:
                e(Csd) =  .3945239

.         distinct(survey_id) if private_ == 0 

           |        Observations
           |      total   distinct
-----------+----------------------
 survey_id |        401        179

.         estadd scalar ids = round(r(ndistinct),1)

added scalar:
                e(ids) =  179

.         
. reg express_d treat guesses_norm i.topic_id `session_controls' `ind_controls' if private_ == 0, clus
> ter(zoom_id)

Linear regression                               Number of obs     =        401
                                                F(23, 24)         =          .
                                                Prob > F          =          .
                                                R-squared         =     0.1848
                                                Root MSE          =     .42021

                                  (Std. err. adjusted for 25 clusters in zoom_id)
---------------------------------------------------------------------------------
                |               Robust
      express_d | Coefficient  std. err.      t    P>|t|     [95% conf. interval]
----------------+----------------------------------------------------------------
          treat |   .1717409   .0362184     4.74   0.000     .0969899     .246492
   guesses_norm |   .0003026   .0013689     0.22   0.827    -.0025227    .0031279
                |
       topic_id |
 death_penalty  |  -.0424483   .0546117    -0.78   0.445    -.1551613    .0702646
     marijuana  |  -.0466152   .0707189    -0.66   0.516    -.1925718    .0993415
rename_schools  |   .0266225   .0579229     0.46   0.650    -.0929244    .1461694
                |
     group_size |  -.0123226   .0189398    -0.65   0.521    -.0514125    .0267673
 2.session_time |   .0705336    .043533     1.62   0.118    -.0193141    .1603813
                |
      moderator |
             2  |   .1090886   .0744254     1.47   0.156    -.0445179    .2626951
             3  |   .0693207   .0478059     1.45   0.160    -.0293459    .1679873
             4  |  -.1721765   .0837125    -2.06   0.051    -.3449505    .0005976
             5  |   .2792292   .1105293     2.53   0.019     .0511079    .5073505
                |
           week |
             2  |   .1965118   .1525905     1.29   0.210    -.1184196    .5114432
             3  |   .2276549   .1293691     1.76   0.091    -.0393498    .4946596
             4  |    .321707   .0734075     4.38   0.000     .1702013    .4732127
             5  |   .0931872   .1127721     0.83   0.417     -.139563    .3259374
             6  |   .2518805   .1230682     2.05   0.052    -.0021198    .5058809
             7  |   .1209597   .1555287     0.78   0.444    -.2000358    .4419553
                |
         gender |
             2  |  -.0444464   .0601168    -0.74   0.467    -.1685214    .0796286
             4  |   .0241398   .2133764     0.11   0.911    -.4162474    .4645271
             5  |   .2724979   .1259465     2.16   0.041     .0125571    .5324387
             6  |   .2352569   .1537246     1.53   0.139    -.0820151    .5525288
                |
           race |
             2  |   .2332516   .1769017     1.32   0.200    -.1318556    .5983588
             3  |   .1986095   .2451925     0.81   0.426     -.307443    .7046619
             4  |   .1563407   .1900566     0.82   0.419    -.2359169    .5485982
             6  |   .2685694   .1857516     1.45   0.161     -.114803    .6519418
             7  |  -.0461933   .1967978    -0.23   0.816    -.4523639    .3599773
                |
           year |   -.032705   .0190828    -1.71   0.099    -.0720899    .0066799
                |
       ideology |
             2  |   .1792562   .0732608     2.45   0.022     .0280533     .330459
             3  |   .0860539   .0741933     1.16   0.258    -.0670735    .2391812
             4  |   .2232369   .0908763     2.46   0.022     .0356774    .4107963
             5  |   .1467563   .0971022     1.51   0.144    -.0536528    .3471655
             6  |   .2679763   .1742312     1.54   0.137    -.0916192    .6275719
             9  |   .2687011    .148996     1.80   0.084    -.0388116    .5762138
                |
          major |
             2  |  -.2297702   .2359712    -0.97   0.340    -.7167908    .2572504
             7  |  -.2867195   .2400819    -1.19   0.244    -.7822241    .2087852
             9  |  -.1466317   .2702434    -0.54   0.592    -.7043867    .4111233
            10  |  -.3809587   .2206718    -1.73   0.097    -.8364028    .0744855
            11  |  -.1797926   .2398424    -0.75   0.461     -.674803    .3152178
            13  |  -.1123697   .2485212    -0.45   0.655    -.6252924    .4005529
            15  |  -.3380114   .2322963    -1.46   0.159    -.8174474    .1414246
                |
          _cons |  -.0791133   .4665151    -0.17   0.867    -1.041953    .8837265
---------------------------------------------------------------------------------

.         eststo
(est4 stored)

.         qui sum express_d if treat == 0 & private_ == 0

.         estadd scalar Cmean = r(mean)

added scalar:
              e(Cmean) =  .19148936

.         estadd scalar Csd = r(sd)

added scalar:
                e(Csd) =  .3945239

.         distinct(survey_id) if private_ == 0 

           |        Observations
           |      total   distinct
-----------+----------------------
 survey_id |        401        179

.         estadd scalar ids = round(r(ndistinct),1)

added scalar:
                e(ids) =  179

. 
. logit express_d treat guesses_norm i.topic_id `session_controls' `ind_controls' if private_ == 0, cl
> uster(zoom_id)

note: 1.race != 0 predicts failure perfectly;
      1.race omitted and 2 obs not used.

note: 7.race omitted because of collinearity.
Iteration 0:  Log pseudolikelihood = -230.98049  
Iteration 1:  Log pseudolikelihood = -193.29708  
Iteration 2:  Log pseudolikelihood = -189.92092  
Iteration 3:  Log pseudolikelihood = -189.84277  
Iteration 4:  Log pseudolikelihood = -189.84266  
Iteration 5:  Log pseudolikelihood = -189.84266  

Logistic regression                                     Number of obs =    399
                                                        Wald chi2(23) =      .
                                                        Prob > chi2   =      .
Log pseudolikelihood = -189.84266                       Pseudo R2     = 0.1781

                                  (Std. err. adjusted for 25 clusters in zoom_id)
---------------------------------------------------------------------------------
                |               Robust
      express_d | Coefficient  std. err.      z    P>|z|     [95% conf. interval]
----------------+----------------------------------------------------------------
          treat |   1.118632   .2328416     4.80   0.000     .6622708    1.574993
   guesses_norm |   .0022125   .0090706     0.24   0.807    -.0155656    .0199906
                |
       topic_id |
 death_penalty  |  -.3221269   .3349087    -0.96   0.336    -.9785359     .334282
     marijuana  |  -.3064973   .4279117    -0.72   0.474    -1.145189    .5321942
rename_schools  |   .1632305   .3528907     0.46   0.644    -.5284225    .8548835
                |
     group_size |  -.0532399   .1279067    -0.42   0.677    -.3039325    .1974527
 2.session_time |   .3514761   .2768271     1.27   0.204     -.191095    .8940473
                |
      moderator |
             2  |   .5867407   .4674485     1.26   0.209    -.3294415    1.502923
             3  |   .6121668   .3133888     1.95   0.051     -.002064    1.226398
             4  |  -.9965055   .5637466    -1.77   0.077    -2.101428    .1084175
             5  |   1.604393    .726195     2.21   0.027     .1810774    3.027709
                |
           week |
             2  |   1.298379   .9992844     1.30   0.194    -.6601827     3.25694
             3  |   1.245774    .767077     1.62   0.104    -.2576692    2.749217
             4  |   1.812722   .4919243     3.68   0.000     .8485685    2.776876
             5  |   .1847775   .7198759     0.26   0.797    -1.226153    1.595708
             6  |   1.439446   .6667157     2.16   0.031     .1327072    2.746185
             7  |   .6098341   1.049555     0.58   0.561    -1.447256    2.666924
                |
         gender |
             2  |  -.2208213   .3270239    -0.68   0.500    -.8617764    .4201339
             4  |   .3717159   1.370643     0.27   0.786    -2.314694    3.058126
             5  |   1.923612   .7455563     2.58   0.010     .4623483    3.384875
             6  |    1.79562   1.115018     1.61   0.107    -.3897752    3.981015
                |
           race |
             1  |          0  (empty)
             2  |   1.935388   .7909667     2.45   0.014     .3851213    3.485654
             3  |   1.774519   1.285953     1.38   0.168    -.7459027    4.294941
             4  |   1.699527   .9421434     1.80   0.071    -.1470405    3.546094
             6  |   2.137857   .7213683     2.96   0.003     .7240006    3.551712
             7  |          0  (omitted)
                |
           year |  -.2259592    .130411    -1.73   0.083    -.4815601    .0296417
                |
       ideology |
             2  |   1.265382    .558787     2.26   0.024       .17018    2.360585
             3  |   .5869776   .6133573     0.96   0.339    -.6151807    1.789136
             4  |   1.416976    .671907     2.11   0.035     .1000625    2.733889
             5  |   1.055888   .6413522     1.65   0.100    -.2011395    2.312915
             6  |   2.009863   1.001095     2.01   0.045     .0477533    3.971973
             9  |    1.06233   1.068583     0.99   0.320    -1.032054    3.156714
                |
          major |
             2  |  -1.350606   1.100768    -1.23   0.220    -3.508071    .8068587
             7  |   -1.94773   1.195693    -1.63   0.103    -4.291245    .3957853
             9  |  -.9742839   1.293934    -0.75   0.451    -3.510347     1.56178
            10  |  -2.919817   1.173264    -2.49   0.013    -5.219371   -.6202626
            11  |  -1.063469    1.11885    -0.95   0.342    -3.256375    1.129437
            13  |  -.7162684   1.151684    -0.62   0.534    -2.973528    1.540991
            15  |  -2.979946   1.340003    -2.22   0.026    -5.606305   -.3535877
                |
          _cons |  -4.068642   2.687224    -1.51   0.130    -9.335505    1.198221
---------------------------------------------------------------------------------

.         margins, dydx(*) post

Average marginal effects                                   Number of obs = 399
Model VCE: Robust

Expression: Pr(express_d), predict()
dy/dx wrt:  treat guesses_norm 2.topic_id 3.topic_id 4.topic_id group_size 2.session_time
            2.moderator 3.moderator 4.moderator 5.moderator 2.week 3.week 4.week 5.week 6.week
            7.week 2.gender 4.gender 5.gender 6.gender 2.race 3.race 4.race 6.race 7.race year
            2.ideology 3.ideology 4.ideology 5.ideology 6.ideology 9.ideology 2.major 7.major
            9.major 10.major 11.major 13.major 15.major

---------------------------------------------------------------------------------
                |            Delta-method
                |      dy/dx   std. err.      z    P>|z|     [95% conf. interval]
----------------+----------------------------------------------------------------
          treat |    .174602   .0342412     5.10   0.000     .1074906    .2417135
   guesses_norm |   .0003453   .0014174     0.24   0.808    -.0024328    .0031234
                |
       topic_id |
 death_penalty  |  -.0485294   .0501605    -0.97   0.333    -.1468423    .0497834
     marijuana  |  -.0463006   .0642913    -0.72   0.471    -.1723092    .0797081
rename_schools  |   .0265471   .0571357     0.46   0.642    -.0854369     .138531
                |
     group_size |    -.00831   .0198895    -0.42   0.676    -.0472927    .0306727
 2.session_time |   .0550314    .042633     1.29   0.197    -.0285276    .1385905
                |
      moderator |
             2  |   .0880286   .0718016     1.23   0.220    -.0526999    .2287571
             3  |    .092227    .045967     2.01   0.045     .0021333    .1823206
             4  |  -.1061784    .048449    -2.19   0.028    -.2011367   -.0112202
             5  |   .2722926   .1309428     2.08   0.038     .0156496    .5289357
                |
           week |
             2  |   .1780531   .1331879     1.34   0.181    -.0829904    .4390965
             3  |   .1690597   .0929488     1.82   0.069    -.0131167    .3512361
             4  |   .2713711   .0552207     4.91   0.000     .1631404    .3796018
             5  |    .019259   .0735223     0.26   0.793     -.124842      .16336
             6  |   .2027434   .0757291     2.68   0.007     .0543171    .3511697
             7  |   .0714359   .1227804     0.58   0.561    -.1692092     .312081
                |
         gender |
             2  |  -.0340136   .0512571    -0.66   0.507    -.1344756    .0664485
             4  |   .0624873   .2403359     0.26   0.795    -.4085624    .5335369
             5  |   .3520679   .1226259     2.87   0.004     .1117257    .5924102
             6  |   .3289906   .1952136     1.69   0.092    -.0536211    .7116022
                |
           race |
             1  |          0  (empty)
             2  |          .  (not estimable)
             3  |          .  (not estimable)
             4  |          .  (not estimable)
             6  |          .  (not estimable)
             7  |          .  (not estimable)
                |
           year |  -.0352689   .0199181    -1.77   0.077    -.0743077    .0037699
                |
       ideology |
             2  |   .1701606    .061249     2.78   0.005     .0501148    .2902065
             3  |   .0673289   .0664748     1.01   0.311    -.0629592    .1976171
             4  |   .1963446   .0833837     2.35   0.019     .0329156    .3597736
             5  |   .1357492   .0819829     1.66   0.098    -.0249344    .2964328
             6  |   .3063515    .180358     1.70   0.089    -.0471438    .6598467
             9  |   .1367744    .170328     0.80   0.422    -.1970624    .4706112
                |
          major |
             2  |  -.2443408   .2169983    -1.13   0.260    -.6696496     .180968
             7  |  -.3235489   .2233052    -1.45   0.147     -.761219    .1141212
             9  |  -.1838995    .249086    -0.74   0.460    -.6720991    .3043001
            10  |  -.4091307   .2066958    -1.98   0.048    -.8142471   -.0040143
            11  |  -.1989067   .2207076    -0.90   0.367    -.6314856    .2336722
            13  |  -.1383395    .227928    -0.61   0.544    -.5850703    .3083913
            15  |  -.4128722   .2134962    -1.93   0.053     -.831317    .0055727
---------------------------------------------------------------------------------
Note: dy/dx for factor levels is the discrete change from the base level.

.         eststo
(est5 stored)

.         qui sum express_d if treat == 0 & private_ == 0

.         estadd scalar Cmean = r(mean)

added scalar:
              e(Cmean) =  .19148936

.         estadd scalar Csd = r(sd)

added scalar:
                e(Csd) =  .3945239

.         distinct(survey_id) if private_ == 0 

           |        Observations
           |      total   distinct
-----------+----------------------
 survey_id |        401        179

.         estadd scalar ids = round(r(ndistinct),1)

added scalar:
                e(ids) =  179

. 
. esttab using "$output/ols_expression_minority_tc_2025.tex", ///
> se lab stats(Cmean Csd ids N,labels("Mean" "SD" "IDs" "Obs")) keep(treat) star( * 0.1 ** 0.05 *** 0.
> 01) ///
> varwidth(32) wrap compress nogap noconstant replace ///
> title("TC_expression") //indicate("Individual Controls =  gender")
(file /Users/yihong/Desktop/Silence Replicate Final/Output/ols_expression_minority_tc_2025.tex not
    found)
(output written to /Users/yihong/Desktop/Silence Replicate Final/Output/ols_expression_minority_tc_202
> 5.tex)

. 
. 
. eststo clear

. 
. reg express_d treat i.topic_id if private_ == 1, cluster(zoom_id)

Linear regression                               Number of obs     =        392
                                                F(4, 24)          =       9.98
                                                Prob > F          =     0.0001
                                                R-squared         =     0.0500
                                                Root MSE          =     .48544

                                  (Std. err. adjusted for 25 clusters in zoom_id)
---------------------------------------------------------------------------------
                |               Robust
      express_d | Coefficient  std. err.      t    P>|t|     [95% conf. interval]
----------------+----------------------------------------------------------------
          treat |  -.0260743   .0446718    -0.58   0.565    -.1182723    .0661238
                |
       topic_id |
 death_penalty  |   .2893909   .0524003     5.52   0.000      .181242    .3975398
     marijuana  |   .2190589   .0653849     3.35   0.003     .0841111    .3540067
rename_schools  |      .2605   .0722478     3.61   0.001     .1113879    .4096121
                |
          _cons |   .2418732   .0472219     5.12   0.000     .1444119    .3393345
---------------------------------------------------------------------------------

.         eststo
(est1 stored)

.         qui sum express_d if treat == 0 & private_ == 1

.         estadd scalar Cmean = r(mean)

added scalar:
              e(Cmean) =  .44186047

.         estadd scalar Csd = r(sd)

added scalar:
                e(Csd) =  .49776724

.         distinct(survey_id) if private_ == 1 

           |        Observations
           |      total   distinct
-----------+----------------------
 survey_id |        392        177

.         estadd scalar ids = round(r(ndistinct),1)

added scalar:
                e(ids) =  177

. 
. reg express_d treat guesses_norm i.topic_id if private_ == 1, cluster(zoom_id)

Linear regression                               Number of obs     =        392
                                                F(5, 24)          =       8.10
                                                Prob > F          =     0.0001
                                                R-squared         =     0.0501
                                                Root MSE          =     .48606

                                  (Std. err. adjusted for 25 clusters in zoom_id)
---------------------------------------------------------------------------------
                |               Robust
      express_d | Coefficient  std. err.      t    P>|t|     [95% conf. interval]
----------------+----------------------------------------------------------------
          treat |  -.0265613   .0448228    -0.59   0.559     -.119071    .0659485
   guesses_norm |   .0002264   .0011862     0.19   0.850    -.0022219    .0026747
                |
       topic_id |
 death_penalty  |   .2853514   .0518503     5.50   0.000     .1783377    .3923651
     marijuana  |    .213421   .0685571     3.11   0.005     .0719261    .3549158
rename_schools  |   .2597429   .0730132     3.56   0.002     .1090509    .4104348
                |
          _cons |   .2297754     .08314     2.76   0.011     .0581829    .4013679
---------------------------------------------------------------------------------

.         eststo
(est2 stored)

.         qui sum express_d if treat == 0 & private_ == 1

.         estadd scalar Cmean = r(mean)

added scalar:
              e(Cmean) =  .44186047

.         estadd scalar Csd = r(sd)

added scalar:
                e(Csd) =  .49776724

.         distinct(survey_id) if private_ == 1 

           |        Observations
           |      total   distinct
-----------+----------------------
 survey_id |        392        177

.         estadd scalar ids = round(r(ndistinct),1)

added scalar:
                e(ids) =  177

. 
. reg express_d treat guesses_norm i.topic_id `session_controls' if private_ == 1, cluster(zoom_id)

Linear regression                               Number of obs     =        392
                                                F(14, 24)         =          .
                                                Prob > F          =          .
                                                R-squared         =     0.0675
                                                Root MSE          =     .48926

                                  (Std. err. adjusted for 25 clusters in zoom_id)
---------------------------------------------------------------------------------
                |               Robust
      express_d | Coefficient  std. err.      t    P>|t|     [95% conf. interval]
----------------+----------------------------------------------------------------
          treat |  -.0147902   .0447402    -0.33   0.744    -.1071294     .077549
   guesses_norm |   .0001651   .0012465     0.13   0.896    -.0024077    .0027378
                |
       topic_id |
 death_penalty  |   .2823166   .0548937     5.14   0.000     .1690215    .3956117
     marijuana  |   .2083079   .0691266     3.01   0.006     .0656377    .3509781
rename_schools  |   .2468199   .0730771     3.38   0.002     .0959962    .3976435
                |
     group_size |  -.0030119    .026738    -0.11   0.911    -.0581963    .0521726
 2.session_time |   .0829358     .04311     1.92   0.066    -.0060388    .1719105
                |
      moderator |
             2  |   .0880189   .0948005     0.93   0.362    -.1076398    .2836776
             3  |   .0083988   .0628982     0.13   0.895    -.1214167    .1382142
             4  |   .0432114   .0759835     0.57   0.575    -.1136109    .2000337
             5  |   .1835969   .1205696     1.52   0.141    -.0652466    .4324404
                |
           week |
             2  |   .1183876   .1908712     0.62   0.541    -.2755512    .5123265
             3  |   .0865652   .1772497     0.49   0.630    -.2792603    .4523906
             4  |   .0560815   .0812555     0.69   0.497    -.1116216    .2237845
             5  |   .0045541   .1757581     0.03   0.980    -.3581927     .367301
             6  |   .0554773   .1145805     0.48   0.633    -.1810051    .2919598
             7  |    .069299   .1893929     0.37   0.718    -.3215886    .4601867
                |
          _cons |   .1336981   .4032842     0.33   0.743    -.6986395    .9660357
---------------------------------------------------------------------------------

.         eststo
(est3 stored)

.         qui sum express_d if treat == 0 & private_ == 1

.         estadd scalar Cmean = r(mean)

added scalar:
              e(Cmean) =  .44186047

.         estadd scalar Csd = r(sd)

added scalar:
                e(Csd) =  .49776724

.         distinct(survey_id) if private_ == 1 

           |        Observations
           |      total   distinct
-----------+----------------------
 survey_id |        392        177

.         estadd scalar ids = round(r(ndistinct),1)

added scalar:
                e(ids) =  177

. 
. reg express_d treat guesses_norm i.topic_id `session_controls' `ind_controls' if private_ == 1, clus
> ter(zoom_id)

Linear regression                               Number of obs     =        392
                                                F(23, 24)         =          .
                                                Prob > F          =          .
                                                R-squared         =     0.1515
                                                Root MSE          =     .48173

                                  (Std. err. adjusted for 25 clusters in zoom_id)
---------------------------------------------------------------------------------
                |               Robust
      express_d | Coefficient  std. err.      t    P>|t|     [95% conf. interval]
----------------+----------------------------------------------------------------
          treat |   .0123405   .0363624     0.34   0.737    -.0627079    .0873889
   guesses_norm |  -.0004743     .00143    -0.33   0.743    -.0034256    .0024771
                |
       topic_id |
 death_penalty  |   .3041673   .0645663     4.71   0.000     .1709091    .4374255
     marijuana  |   .2241945   .0822451     2.73   0.012      .054449    .3939399
rename_schools  |    .237783   .0872183     2.73   0.012     .0577732    .4177928
                |
     group_size |  -.0135375   .0282474    -0.48   0.636    -.0718372    .0447622
 2.session_time |   .1179665   .0458848     2.57   0.017     .0232651     .212668
                |
      moderator |
             2  |   .0823294   .1028389     0.80   0.431    -.1299197    .2945785
             3  |   .0228219   .0605216     0.38   0.709    -.1020885    .1477324
             4  |  -.2590181   .1085889    -2.39   0.025    -.4831346   -.0349016
             5  |   .2153143   .1380529     1.56   0.132    -.0696128    .5002414
                |
           week |
             2  |   .2288735   .2224577     1.03   0.314    -.2302567    .6880038
             3  |    .154224   .1813869     0.85   0.404    -.2201402    .5285882
             4  |   .1164108   .1035848     1.12   0.272    -.0973778    .3301994
             5  |   .0216887   .1918048     0.11   0.911    -.3741771    .4175544
             6  |   .0612032   .1477948     0.41   0.682    -.2438304    .3662367
             7  |   .0299678   .2103038     0.14   0.888    -.4040778    .4640134
                |
         gender |
             2  |   .0679035    .080647     0.84   0.408    -.0985437    .2343508
             4  |   .0266993   .1244034     0.21   0.832    -.2300568    .2834554
             5  |   .0657811   .0973623     0.68   0.506    -.1351648    .2667271
             6  |   .2666259   .1538144     1.73   0.096    -.0508315    .5840833
                |
           race |
             2  |   .0247734   .3715059     0.07   0.947    -.7419771    .7915239
             3  |   .1109202    .385585     0.29   0.776    -.6848882    .9067286
             4  |  -.0219149   .3614249    -0.06   0.952    -.7678592    .7240294
             6  |    .234897    .381865     0.62   0.544    -.5532337    1.023028
             7  |   .2577829   .3485231     0.74   0.467    -.4615333    .9770991
                |
           year |  -.0085584   .0193879    -0.44   0.663    -.0485731    .0314564
                |
       ideology |
             2  |  -.1153528   .0919444    -1.25   0.222    -.3051168    .0744112
             3  |   -.127984   .0914911    -1.40   0.175    -.3168124    .0608444
             4  |  -.2172351   .1201247    -1.81   0.083    -.4651603    .0306902
             5  |   .0356243   .1192183     0.30   0.768    -.2104303    .2816788
             6  |  -.3948979   .3297309    -1.20   0.243    -1.075429    .2856332
             9  |  -.0020412   .1237878    -0.02   0.987    -.2575267    .2534442
                |
          major |
             2  |  -.3426981   .1148111    -2.98   0.006    -.5796566   -.1057396
             7  |  -.4911759   .1364753    -3.60   0.001    -.7728469   -.2095048
             9  |  -.3400573     .13032    -2.61   0.015    -.6090246   -.0710901
            10  |  -.1339911   .1663388    -0.81   0.428    -.4772975    .2093152
            11  |  -.2653594   .1195665    -2.22   0.036    -.5121325   -.0185863
            13  |  -.2723187   .1150538    -2.37   0.026    -.5097781   -.0348593
            15  |  -.3855528   .1584327    -2.43   0.023    -.7125417   -.0585638
                |
          _cons |   .4644054    .659639     0.70   0.488    -.8970226    1.825833
---------------------------------------------------------------------------------

.         eststo
(est4 stored)

.         qui sum express_d if treat == 0 & private_ == 1

.         estadd scalar Cmean = r(mean)

added scalar:
              e(Cmean) =  .44186047

.         estadd scalar Csd = r(sd)

added scalar:
                e(Csd) =  .49776724

.         distinct(survey_id) if private_ == 1 

           |        Observations
           |      total   distinct
-----------+----------------------
 survey_id |        392        177

.         estadd scalar ids = round(r(ndistinct),1)

added scalar:
                e(ids) =  177

. 
. logit express_d treat guesses_norm i.topic_id `session_controls' `ind_controls' if private_ == 1, cl
> uster(zoom_id)

Iteration 0:  Log pseudolikelihood = -267.69998  
Iteration 1:  Log pseudolikelihood = -235.14061  
Iteration 2:  Log pseudolikelihood = -234.60154  
Iteration 3:  Log pseudolikelihood = -234.60011  
Iteration 4:  Log pseudolikelihood = -234.60011  

Logistic regression                                     Number of obs =    392
                                                        Wald chi2(23) =      .
                                                        Prob > chi2   =      .
Log pseudolikelihood = -234.60011                       Pseudo R2     = 0.1236

                                  (Std. err. adjusted for 25 clusters in zoom_id)
---------------------------------------------------------------------------------
                |               Robust
      express_d | Coefficient  std. err.      z    P>|z|     [95% conf. interval]
----------------+----------------------------------------------------------------
          treat |   .0409107    .168489     0.24   0.808    -.2893217    .3711431
   guesses_norm |  -.0017847   .0064814    -0.28   0.783    -.0144881    .0109187
                |
       topic_id |
 death_penalty  |   1.530145   .3148442     4.86   0.000     .9130619    2.147228
     marijuana  |   1.152813   .3955163     2.91   0.004     .3776153    1.928011
rename_schools  |   1.209344   .3957211     3.06   0.002     .4337453    1.984943
                |
     group_size |   -.028351   .1435217    -0.20   0.843    -.3096483    .2529463
 2.session_time |   .5891623   .2221397     2.65   0.008     .1537764    1.024548
                |
      moderator |
             2  |   .5105371   .4883285     1.05   0.296    -.4465692    1.467643
             3  |   .2052444   .3111546     0.66   0.509    -.4046074    .8150961
             4  |  -1.256509   .5539118    -2.27   0.023    -2.342157   -.1708622
             5  |   1.133436   .6660859     1.70   0.089    -.1720688     2.43894
                |
           week |
             2  |   1.431344    1.09492     1.31   0.191    -.7146602    3.577347
             3  |   1.001399   .9122494     1.10   0.272    -.7865768    2.789375
             4  |   .6654944   .4897223     1.36   0.174    -.2943436    1.625332
             5  |   .2849138   .9554001     0.30   0.766    -1.587636    2.157464
             6  |   .4383851   .6958144     0.63   0.529     -.925386    1.802156
             7  |   .2933433   1.026403     0.29   0.775     -1.71837    2.305057
                |
         gender |
             2  |   .3316114   .3769736     0.88   0.379    -.4072433    1.070466
             4  |   .1066228   .5164708     0.21   0.836    -.9056414    1.118887
             5  |   .3091089   .4818192     0.64   0.521    -.6352394    1.253457
             6  |   1.557881   .6909988     2.25   0.024     .2035487    2.912214
                |
           race |
             2  |   .0622055   1.743114     0.04   0.972    -3.354235    3.478646
             3  |   .6572351   1.760981     0.37   0.709    -2.794225    4.108695
             4  |  -.1730988   1.702144    -0.10   0.919     -3.50924    3.163043
             6  |   1.073672    1.77531     0.60   0.545    -2.405872    4.553216
             7  |   1.259891   1.601543     0.79   0.431    -1.879075    4.398858
                |
           year |  -.0319347   .0910208    -0.35   0.726    -.2103321    .1464627
                |
       ideology |
             2  |  -.5610985   .4072405    -1.38   0.168    -1.359275    .2370782
             3  |  -.5857157   .3965559    -1.48   0.140    -1.362951    .1915195
             4  |  -1.134526   .5698129    -1.99   0.046    -2.251339   -.0177137
             5  |    .158966   .5199931     0.31   0.760    -.8602017    1.178134
             6  |  -2.170056    1.88177    -1.15   0.249    -5.858257    1.518145
             9  |   .0144248   .5577491     0.03   0.979    -1.078743    1.107593
                |
          major |
             2  |   -1.72777   .5817742    -2.97   0.003    -2.868027   -.5875139
             7  |  -2.783667   .7515936    -3.70   0.000    -4.256763    -1.31057
             9  |  -1.707434   .6447561    -2.65   0.008    -2.971133   -.4437354
            10  |  -.6533956    .767395    -0.85   0.395    -2.157462     .850671
            11  |  -1.329273   .6163311    -2.16   0.031     -2.53726   -.1212867
            13  |  -1.386006   .5826355    -2.38   0.017     -2.52795   -.2440612
            15  |  -1.854919   .7362463    -2.52   0.012    -3.297935   -.4119027
                |
          _cons |  -.7205262   3.177582    -0.23   0.821    -6.948473    5.507421
---------------------------------------------------------------------------------

.         margins, dydx(*) post

Average marginal effects                                   Number of obs = 392
Model VCE: Robust

Expression: Pr(express_d), predict()
dy/dx wrt:  treat guesses_norm 2.topic_id 3.topic_id 4.topic_id group_size 2.session_time
            2.moderator 3.moderator 4.moderator 5.moderator 2.week 3.week 4.week 5.week 6.week
            7.week 2.gender 4.gender 5.gender 6.gender 2.race 3.race 4.race 6.race 7.race year
            2.ideology 3.ideology 4.ideology 5.ideology 6.ideology 9.ideology 2.major 7.major
            9.major 10.major 11.major 13.major 15.major

---------------------------------------------------------------------------------
                |            Delta-method
                |      dy/dx   std. err.      z    P>|z|     [95% conf. interval]
----------------+----------------------------------------------------------------
          treat |    .008457   .0347978     0.24   0.808    -.0597454    .0766593
   guesses_norm |  -.0003689   .0013438    -0.27   0.784    -.0030027    .0022649
                |
       topic_id |
 death_penalty  |   .3057924   .0554548     5.51   0.000     .1971029    .4144818
     marijuana  |   .2231645    .071019     3.14   0.002     .0839698    .3623592
rename_schools  |   .2354899   .0782691     3.01   0.003     .0820853    .3888945
                |
     group_size |  -.0058606   .0296341    -0.20   0.843    -.0639424    .0522211
 2.session_time |   .1221531    .044141     2.77   0.006     .0356384    .2086678
                |
      moderator |
             2  |   .1044408   .0992952     1.05   0.293    -.0901743    .2990558
             3  |   .0414301   .0621676     0.67   0.505    -.0804162    .1632765
             4  |  -.2104233   .0730395    -2.88   0.004    -.3535781   -.0672685
             5  |   .2310327   .1299594     1.78   0.075     -.023683    .4857484
                |
           week |
             2  |   .2860767   .2010745     1.42   0.155     -.108022    .6801754
             3  |   .1986456   .1697489     1.17   0.242    -.1340561    .5313473
             4  |   .1295052   .0834415     1.55   0.121    -.0340372    .2930476
             5  |    .053503   .1767395     0.30   0.762       -.2929     .399906
             6  |   .0836599    .126096     0.66   0.507    -.1634838    .3308036
             7  |    .055138   .1903817     0.29   0.772    -.3180032    .4282792
                |
         gender |
             2  |   .0678557   .0768951     0.88   0.378     -.082856    .2185673
             4  |   .0214868   .1044367     0.21   0.837    -.1832055    .2261791
             5  |   .0631701   .0994523     0.64   0.525    -.1317528    .2580931
             6  |   .3149627   .1252607     2.51   0.012     .0694563    .5604691
                |
           race |
             2  |   .0122429   .3408362     0.04   0.971    -.6557839    .6802696
             3  |   .1355782   .3462328     0.39   0.695    -.5430255    .8141819
             4  |  -.0330896     .33206    -0.10   0.921    -.6839151     .617736
             6  |   .2235609   .3490587     0.64   0.522    -.4605816    .9077034
             7  |   .2618206   .3137766     0.83   0.404    -.3531703    .8768114
                |
           year |  -.0066015   .0188534    -0.35   0.726    -.0435535    .0303506
                |
       ideology |
             2  |  -.1186897   .0851782    -1.39   0.163     -.285636    .0482565
             3  |  -.1237788   .0832785    -1.49   0.137    -.2870016    .0394439
             4  |  -.2308513   .1082528    -2.13   0.033    -.4430229   -.0186797
             5  |   .0335676   .1096213     0.31   0.759    -.1812862    .2484215
             6  |  -.3827714   .2186544    -1.75   0.080     -.811326    .0457833
             9  |   .0030611    .118347     0.03   0.979    -.2288948    .2350169
                |
          major |
             2  |  -.3478662   .1028502    -3.38   0.001    -.5494489   -.1462836
             7  |  -.5311808   .1188089    -4.47   0.000    -.7640419   -.2983196
             9  |  -.3437588   .1169885    -2.94   0.003    -.5730521   -.1144656
            10  |   -.123456    .146135    -0.84   0.398    -.4098752    .1629633
            11  |  -.2652652   .1141464    -2.32   0.020    -.4889881   -.0415423
            13  |    -.27723    .103466    -2.68   0.007    -.4800196   -.0744405
            15  |  -.3731832   .1422513    -2.62   0.009    -.6519907   -.0943757
---------------------------------------------------------------------------------
Note: dy/dx for factor levels is the discrete change from the base level.

.         eststo
(est5 stored)

.         qui sum express_d if treat == 0 & private_ == 1

.         estadd scalar Cmean = r(mean)

added scalar:
              e(Cmean) =  .44186047

.         estadd scalar Csd = r(sd)

added scalar:
                e(Csd) =  .49776724

.         distinct(survey_id) if private_ == 1 

           |        Observations
           |      total   distinct
-----------+----------------------
 survey_id |        392        177

.         estadd scalar ids = round(r(ndistinct),1)

added scalar:
                e(ids) =  177

. 
. esttab using "$output/ols_expression_majority_tc_2025.tex", ///
> se lab stats(Cmean Csd ids N,labels("Mean" "SD" "IDs" "Obs")) keep(treat) star( * 0.1 ** 0.05 *** 0.
> 01) ///
> varwidth(32) wrap compress nogap noconstant replace ///
> title("TC_expression") //indicate("Individual Controls =  gender")
(file /Users/yihong/Desktop/Silence Replicate Final/Output/ols_expression_majority_tc_2025.tex not
    found)
(output written to /Users/yihong/Desktop/Silence Replicate Final/Output/ols_expression_majority_tc_202
> 5.tex)

. 
. 
end of do-file

. 
. *** ANES
. do "$code/Table E23.do"

. *** Table E.23: Silence and Misperception in the ANES, 1974-2020
. ***
. *** Panel A uses the full ANES time series; Panel B restricts to in-person interviews.
. 
. insheet using "$data/anes_full.csv", clear
(9 vars, 448 obs)

. 
. drop if year < 1974 
(168 observations deleted)

. keep if misperception !=. & n_silent!=0
(96 observations deleted)

. gen frac_silent = n_silent/n

. 
. gen id = _n

. gen party = 1

. replace party = 2 if mod(id, 2) == 0
(92 real changes made)

. drop id

. 
. gen perceived = .
(184 missing values generated)

. replace perceived = actual - misperception_a if party == 1
(92 real changes made)

. replace perceived = actual + misperception_a if party == 2
(92 real changes made)

. 
. encode topic, gen(topic_id)

. reg misperception_a i.year i.topic_id 

      Source |       SS           df       MS      Number of obs   =       184
-------------+----------------------------------   F(24, 159)      =      0.24
       Model |  .023091214        24  .000962134   Prob > F        =    0.9999
    Residual |  .627600545       159  .003947173   R-squared       =    0.0355
-------------+----------------------------------   Adj R-squared   =   -0.1101
       Total |  .650691759       183  .003555693   Root MSE        =    .06283

--------------------------------------------------------------------------------
misperceptio~a | Coefficient  Std. err.      t    P>|t|     [95% conf. interval]
---------------+----------------------------------------------------------------
          year |
         1976  |   .0094864   .0341882     0.28   0.782     -.058035    .0770079
         1978  |   -.013377   .0341882    -0.39   0.696    -.0808985    .0541445
         1980  |   .0123703   .0341331     0.36   0.718    -.0550425    .0797831
         1982  |   .0221297   .0327511     0.68   0.500    -.0425536    .0868131
         1984  |   .0058004   .0327511     0.18   0.860     -.058883    .0704838
         1986  |   .0127816   .0371942     0.34   0.732    -.0606768    .0862399
         1988  |  -.0000189   .0318154    -0.00   1.000    -.0628542    .0628164
         1990  |    .001518   .0344774     0.04   0.965    -.0665746    .0696106
         1992  |    .007424   .0344774     0.22   0.830    -.0606686    .0755166
         1994  |    .000045   .0327742     0.00   0.999    -.0646839    .0647738
         1996  |  -.0001274   .0318154    -0.00   0.997    -.0629626    .0627079
         1998  |   .0022549   .0414032     0.05   0.957    -.0795164    .0840261
         2000  |   .0036162   .0327511     0.11   0.912    -.0610672    .0682996
         2004  |  -.0061691   .0319196    -0.19   0.847    -.0692103     .056872
         2008  |  -.0244567    .031534    -0.78   0.439    -.0867362    .0378228
         2012  |   .0092239    .031948     0.29   0.773    -.0538732     .072321
         2016  |   .0038149    .031534     0.12   0.904    -.0584646    .0660944
         2020  |   .0007457   .0312074     0.02   0.981    -.0608888    .0623803
               |
      topic_id |
      defense  |   .0002727    .017597     0.02   0.988    -.0344813    .0350267
      gov_ins  |   .0065465   .0191064     0.34   0.732    -.0311886    .0442817
  guar_income  |  -.0028208   .0158308    -0.18   0.859    -.0340866     .028445
   left_right  |  -.0106656   .0239277    -0.45   0.656    -.0579226    .0365915
      lib_con  |  -.0085022   .0153082    -0.56   0.579    -.0387358    .0217314
spend_service  |  -.0077555   .0165821    -0.47   0.641    -.0405052    .0249941
               |
         _cons |   .0427337   .0271954     1.57   0.118    -.0109772    .0964445
--------------------------------------------------------------------------------

. predict misperception_a_hat, xb

. gen misperception_a_res = misperception_a - misperception_a_hat

. 
. 
. eststo clear

. reg misperception frac_silent 

      Source |       SS           df       MS      Number of obs   =       184
-------------+----------------------------------   F(1, 182)       =      1.11
       Model |   .00222407         1   .00222407   Prob > F        =    0.2935
    Residual |  .364764445       182    .0020042   R-squared       =    0.0061
-------------+----------------------------------   Adj R-squared   =    0.0006
       Total |  .366988515       183  .002005402   Root MSE        =    .04477

------------------------------------------------------------------------------
mispercept~n | Coefficient  Std. err.      t    P>|t|     [95% conf. interval]
-------------+----------------------------------------------------------------
 frac_silent |   .0506288   .0480611     1.05   0.294    -.0441999    .1454575
       _cons |   .0501573    .007121     7.04   0.000     .0361068    .0642077
------------------------------------------------------------------------------

.         eststo 
(est1 stored)

.         qui sum misperception 

.         estadd scalar Cmean = r(mean)

added scalar:
              e(Cmean) =  .05680443

.         estadd scalar Csd = r(sd)

added scalar:
                e(Csd) =  .04478171

.         estadd scalar Ns = r(N)

added scalar:
                 e(Ns) =  184

.         
. reg misperception frac_silent salience i.year i.topic_id 

      Source |       SS           df       MS      Number of obs   =       184
-------------+----------------------------------   F(26, 157)      =      2.34
       Model |  .102366237        26  .003937163   Prob > F        =    0.0007
    Residual |  .264622278       157  .001685492   R-squared       =    0.2789
-------------+----------------------------------   Adj R-squared   =    0.1595
       Total |  .366988515       183  .002005402   Root MSE        =    .04105

--------------------------------------------------------------------------------
 misperception | Coefficient  Std. err.      t    P>|t|     [95% conf. interval]
---------------+----------------------------------------------------------------
   frac_silent |   .2784982   .0736978     3.78   0.000      .132931    .4240653
      salience |   .1116677   .0567878     1.97   0.051    -.0004989    .2238343
               |
          year |
         1976  |   .0047022   .0225218     0.21   0.835    -.0397826     .049187
         1978  |   .0108343   .0224314     0.48   0.630    -.0334719    .0551405
         1980  |   .0030454   .0223313     0.14   0.892    -.0410632     .047154
         1982  |  -.0090058   .0214093    -0.42   0.675    -.0512933    .0332816
         1984  |  -.0249945   .0214336    -1.17   0.245    -.0673301     .017341
         1986  |  -.0014179   .0248712    -0.06   0.955    -.0505432    .0477075
         1988  |  -.0172296   .0208257    -0.83   0.409    -.0583643    .0239051
         1990  |  -.0151799   .0226799    -0.67   0.504     -.059977    .0296171
         1992  |   .0025851   .0227378     0.11   0.910    -.0423264    .0474966
         1994  |   .0139834    .022202     0.63   0.530    -.0298699    .0578366
         1996  |   .0060798   .0212465     0.29   0.775     -.035886    .0480456
         1998  |  -.0045892   .0280645    -0.16   0.870    -.0600219    .0508436
         2000  |   .0165492   .0227763     0.73   0.469    -.0284382    .0615366
         2004  |  -.0169012    .021288    -0.79   0.428    -.0589491    .0251466
         2008  |  -.0010462   .0212039    -0.05   0.961    -.0429279    .0408356
         2012  |   .0193058   .0218212     0.88   0.378    -.0237953    .0624069
         2016  |  -.0121826   .0209642    -0.58   0.562    -.0535909    .0292256
         2020  |  -.0110802   .0208519    -0.53   0.596    -.0522667    .0301062
               |
      topic_id |
      defense  |  -.0321474    .012539    -2.56   0.011    -.0569143   -.0073805
      gov_ins  |  -.0547316   .0146992    -3.72   0.000    -.0837653   -.0256979
  guar_income  |  -.0271042   .0103658    -2.61   0.010    -.0475786   -.0066298
   left_right  |  -.0114017   .0160267    -0.71   0.478    -.0430575    .0202541
      lib_con  |  -.0744809   .0132012    -5.64   0.000    -.1005559    -.048406
spend_service  |  -.0442285    .011181    -3.96   0.000    -.0663131   -.0221439
               |
         _cons |   .0544191   .0204646     2.66   0.009     .0139976    .0948406
--------------------------------------------------------------------------------

.         eststo 
(est2 stored)

.         qui sum misperception 

.         estadd scalar Cmean = r(mean)

added scalar:
              e(Cmean) =  .05680443

.         estadd scalar Csd = r(sd)

added scalar:
                e(Csd) =  .04478171

.         estadd scalar Ns = r(N)

added scalar:
                 e(Ns) =  184

. 
. reg misperception frac_silent actual salience i.year i.topic_id

      Source |       SS           df       MS      Number of obs   =       184
-------------+----------------------------------   F(27, 156)      =      2.81
       Model |  .120028871        27  .004445514   Prob > F        =    0.0000
    Residual |  .246959644       156  .001583075   R-squared       =    0.3271
-------------+----------------------------------   Adj R-squared   =    0.2106
       Total |  .366988515       183  .002005402   Root MSE        =    .03979

--------------------------------------------------------------------------------
 misperception | Coefficient  Std. err.      t    P>|t|     [95% conf. interval]
---------------+----------------------------------------------------------------
   frac_silent |   .1693774   .0785403     2.16   0.033     .0142378     .324517
        actual |  -.0146647   .0043903    -3.34   0.001    -.0233368   -.0059925
      salience |   .1117933   .0550354     2.03   0.044     .0030825     .220504
               |
          year |
         1976  |   .0106412   .0218991     0.49   0.628    -.0326158    .0538982
         1978  |    .012983   .0217487     0.60   0.551    -.0299769    .0559429
         1980  |   .0083705   .0217009     0.39   0.700    -.0344949     .051236
         1982  |  -.0062806   .0207647    -0.30   0.763    -.0472969    .0347356
         1984  |  -.0277413   .0207885    -1.33   0.184    -.0688046     .013322
         1986  |  -.0097601   .0242328    -0.40   0.688    -.0576268    .0381066
         1988  |  -.0175114   .0201832    -0.87   0.387    -.0573791    .0223562
         1990  |  -.0194496   .0220171    -0.88   0.378    -.0629398    .0240406
         1992  |   -.001888   .0220768    -0.09   0.932     -.045496    .0417201
         1994  |   .0086675   .0215757     0.40   0.688    -.0339507    .0512857
         1996  |   .0034548   .0206058     0.17   0.867    -.0372476    .0441573
         1998  |  -.0138102   .0273383    -0.51   0.614    -.0678111    .0401907
         2000  |   .0089993   .0221888     0.41   0.686    -.0348301    .0528286
         2004  |  -.0226468   .0207027    -1.09   0.276    -.0635406    .0182469
         2008  |  -.0078445   .0206502    -0.38   0.705    -.0486345    .0329455
         2012  |   .0136246   .0212162     0.64   0.522    -.0282835    .0555326
         2016  |   -.018362   .0204013    -0.90   0.369    -.0586605    .0219365
         2020  |   -.019365   .0203601    -0.95   0.343     -.059582     .020852
               |
      topic_id |
      defense  |  -.0350391   .0121829    -2.88   0.005    -.0591038   -.0109744
      gov_ins  |  -.0607489   .0143591    -4.23   0.000    -.0891122   -.0323856
  guar_income  |  -.0277043   .0100475    -2.76   0.007    -.0475511   -.0078576
   left_right  |   .0167601   .0176729     0.95   0.344     -.018149    .0516692
      lib_con  |  -.0642968   .0131522    -4.89   0.000    -.0902761   -.0383175
spend_service  |  -.0482867   .0109039    -4.43   0.000     -.069825   -.0267484
               |
         _cons |   .1340089   .0310017     4.32   0.000     .0727716    .1952462
--------------------------------------------------------------------------------

.         eststo 
(est3 stored)

.         qui sum misperception 

.         estadd scalar Cmean = r(mean)

added scalar:
              e(Cmean) =  .05680443

.         estadd scalar Csd = r(sd)

added scalar:
                e(Csd) =  .04478171

.         estadd scalar Ns = r(N)

added scalar:
                 e(Ns) =  184

. 
.         
. reg misperception_a frac_silent

      Source |       SS           df       MS      Number of obs   =       184
-------------+----------------------------------   F(1, 182)       =      4.97
       Model |  .017302726         1  .017302726   Prob > F        =    0.0270
    Residual |  .633389034       182   .00348016   R-squared       =    0.0266
-------------+----------------------------------   Adj R-squared   =    0.0212
       Total |  .650691759       183  .003555693   Root MSE        =    .05899

------------------------------------------------------------------------------
mispercept~a | Coefficient  Std. err.      t    P>|t|     [95% conf. interval]
-------------+----------------------------------------------------------------
 frac_silent |    .141215    .063332     2.23   0.027     .0162557    .2661743
       _cons |   .0225068   .0093837     2.40   0.017     .0039921    .0410216
------------------------------------------------------------------------------

.         eststo 
(est4 stored)

.         qui sum misperception_a

.         estadd scalar Cmean = r(mean)

added scalar:
              e(Cmean) =  .04104726

.         estadd scalar Csd = r(sd)

added scalar:
                e(Csd) =  .05962963

.         estadd scalar Ns = r(N)

added scalar:
                 e(Ns) =  184

.         
. reg misperception_a frac_silent salience i.year i.topic_id

      Source |       SS           df       MS      Number of obs   =       184
-------------+----------------------------------   F(26, 157)      =      0.82
       Model |  .077778382        26  .002991476   Prob > F        =    0.7170
    Residual |  .572913378       157   .00364913   R-squared       =    0.1195
-------------+----------------------------------   Adj R-squared   =   -0.0263
       Total |  .650691759       183  .003555693   Root MSE        =    .06041

--------------------------------------------------------------------------------
misperceptio~a | Coefficient  Std. err.      t    P>|t|     [95% conf. interval]
---------------+----------------------------------------------------------------
   frac_silent |   .4064425   .1084391     3.75   0.000     .1922547    .6206303
      salience |   .0840676   .0835576     1.01   0.316    -.0809745    .2491097
               |
          year |
         1976  |   -.006733   .0331386    -0.20   0.839     -.072188     .058722
         1978  |  -.0083861   .0330056    -0.25   0.800    -.0735783    .0568061
         1980  |   .0128268   .0328584     0.39   0.697    -.0520747    .0777283
         1982  |    .018886   .0315017     0.60   0.550    -.0433359    .0811078
         1984  |   .0094912   .0315375     0.30   0.764    -.0528013    .0717838
         1986  |   .0327105   .0365956     0.89   0.373    -.0395726    .1049937
         1988  |   .0041603    .030643     0.14   0.892    -.0563653     .064686
         1990  |   .0051888   .0333712     0.16   0.877    -.0607256    .0711032
         1992  |   .0229515   .0334565     0.69   0.494    -.0431313    .0890344
         1994  |    .030195   .0326681     0.92   0.357    -.0343307    .0947207
         1996  |   .0246177   .0312621     0.79   0.432    -.0371309    .0863663
         1998  |   .0301702   .0412942     0.73   0.466    -.0513937     .111734
         2000  |   .0475426    .033513     1.42   0.158    -.0186519    .1137372
         2004  |   .0180508   .0313232     0.58   0.565    -.0438186    .0799201
         2008  |   .0040131   .0311995     0.13   0.898    -.0576118     .065638
         2012  |   .0451621   .0321078     1.41   0.162    -.0182569    .1085811
         2016  |   .0256757   .0308468     0.83   0.406    -.0352525    .0866039
         2020  |   .0249223   .0306815     0.81   0.418    -.0356795    .0855241
               |
      topic_id |
      defense  |  -.0139464   .0184499    -0.76   0.451    -.0503885    .0224957
      gov_ins  |  -.0091802   .0216285    -0.42   0.672    -.0519005    .0335401
  guar_income  |  -.0058159   .0152522    -0.38   0.703    -.0359419    .0243102
   left_right  |  -.0301554   .0235817    -1.28   0.203    -.0767338     .016423
      lib_con  |   -.055435   .0194243    -2.85   0.005    -.0938017   -.0170682
spend_service  |   -.020936   .0164517    -1.27   0.205    -.0534314    .0115593
               |
         _cons |  -.0149965   .0301117    -0.50   0.619    -.0744727    .0444798
--------------------------------------------------------------------------------

.         eststo 
(est5 stored)

.         qui sum misperception_a 

.         estadd scalar Cmean = r(mean)

added scalar:
              e(Cmean) =  .04104726

.         estadd scalar Csd = r(sd)

added scalar:
                e(Csd) =  .05962963

.         estadd scalar Ns = r(N)

added scalar:
                 e(Ns) =  184

.         
. reg misperception_a frac_silent actual salience i.year i.topic_id 

      Source |       SS           df       MS      Number of obs   =       184
-------------+----------------------------------   F(27, 156)      =      1.66
       Model |  .145024644        27  .005371283   Prob > F        =    0.0302
    Residual |  .505667116       156  .003241456   R-squared       =    0.2229
-------------+----------------------------------   Adj R-squared   =    0.0884
       Total |  .650691759       183  .003555693   Root MSE        =    .05693

--------------------------------------------------------------------------------
misperceptio~a | Coefficient  Std. err.      t    P>|t|     [95% conf. interval]
---------------+----------------------------------------------------------------
   frac_silent |   .1935238   .1123859     1.72   0.087    -.0284707    .4155182
        actual |   -.028614   .0062822    -4.55   0.000    -.0410233   -.0162048
      salience |   .0843127    .078752     1.07   0.286    -.0712452    .2398705
               |
          year |
         1976  |   .0048553   .0313362     0.15   0.877    -.0570426    .0667533
         1978  |  -.0041936   .0311209    -0.13   0.893    -.0656663    .0572792
         1980  |   .0232173   .0310525     0.75   0.456    -.0381203    .0845549
         1982  |   .0242034   .0297129     0.81   0.417    -.0344881    .0828949
         1984  |   .0041318    .029747     0.14   0.890    -.0546271    .0628906
         1986  |    .016433   .0346755     0.47   0.636    -.0520611    .0849271
         1988  |   .0036104   .0288808     0.13   0.901    -.0534376    .0606583
         1990  |  -.0031423   .0315051    -0.10   0.921    -.0653739    .0590892
         1992  |   .0142236   .0315904     0.45   0.653    -.0481766    .0766238
         1994  |   .0198226   .0308734     0.64   0.522    -.0411612    .0808063
         1996  |   .0194957   .0294856     0.66   0.509    -.0387468    .0777382
         1998  |   .0121779   .0391192     0.31   0.756    -.0650938    .0894496
         2000  |   .0328111   .0317507     1.03   0.303    -.0299058    .0955279
         2004  |   .0068398   .0296242     0.23   0.818    -.0516765    .0653561
         2008  |  -.0092519    .029549    -0.31   0.755    -.0676196    .0491159
         2012  |   .0340767   .0303589     1.12   0.263    -.0258909    .0940443
         2016  |   .0136183    .029193     0.47   0.642    -.0440462    .0712828
         2020  |   .0087568   .0291339     0.30   0.764    -.0487911    .0663047
               |
      topic_id |
      defense  |  -.0195887   .0174329    -1.12   0.263    -.0540236    .0148463
      gov_ins  |  -.0209213   .0205469    -1.02   0.310    -.0615073    .0196647
  guar_income  |  -.0069869   .0143773    -0.49   0.628    -.0353862    .0214125
   left_right  |   .0247946   .0252887     0.98   0.328     -.025158    .0747471
      lib_con  |  -.0355635   .0188199    -1.89   0.061    -.0727381    .0016112
spend_service  |  -.0288546   .0156027    -1.85   0.066    -.0596745    .0019653
               |
         _cons |   .1403008   .0443614     3.16   0.002     .0526743    .2279273
--------------------------------------------------------------------------------

.         eststo 
(est6 stored)

.         qui sum misperception_a

.         estadd scalar Cmean = r(mean)

added scalar:
              e(Cmean) =  .04104726

.         estadd scalar Csd = r(sd)

added scalar:
                e(Csd) =  .05962963

.         estadd scalar Ns = r(N)

added scalar:
                 e(Ns) =  184

. 
.         
. esttab using "$output/reg_anes_all.tex", ///
> se lab stats(Cmean Csd Ns,labels("Mean" "SD" "N")) keep(frac_silent) star( * 0.1 ** 0.05 *** 0.01) /
> //
> varwidth(32) wrap compress nogap noconstant replace ///
> title("ANES all")
(file /Users/yihong/Desktop/Silence Replicate Final/Output/reg_anes_all.tex not found)
(output written to /Users/yihong/Desktop/Silence Replicate Final/Output/reg_anes_all.tex)

. 
. 
. insheet using "$data/anes_full_inperson.csv", clear
(9 vars, 448 obs)

. 
. drop if year < 1974 
(168 observations deleted)

. keep if misperception !=. & n_silent!=0
(96 observations deleted)

. gen frac_silent = n_silent/n

. 
. gen id = _n

. gen party = 1

. replace party = 2 if mod(id, 2) == 0
(92 real changes made)

. drop id

. 
. gen perceived = .
(184 missing values generated)

. replace perceived = actual - misperception_a if party == 1
(92 real changes made)

. replace perceived = actual + misperception_a if party == 2
(92 real changes made)

. 
. encode topic, gen(topic_id)

. reg misperception_a i.year i.topic_id 

      Source |       SS           df       MS      Number of obs   =       184
-------------+----------------------------------   F(24, 159)      =      0.32
       Model |  .031046014        24  .001293584   Prob > F        =    0.9992
    Residual |  .652475561       159   .00410362   R-squared       =    0.0454
-------------+----------------------------------   Adj R-squared   =   -0.0987
       Total |  .683521574       183  .003735091   Root MSE        =    .06406

--------------------------------------------------------------------------------
misperceptio~a | Coefficient  Std. err.      t    P>|t|     [95% conf. interval]
---------------+----------------------------------------------------------------
          year |
         1976  |   .0086716   .0348591     0.25   0.804     -.060175    .0775182
         1978  |  -.0141918   .0348591    -0.41   0.684    -.0830384    .0546548
         1980  |   .0134097    .034803     0.39   0.701    -.0553261    .0821454
         1982  |   .0224324   .0333939     0.67   0.503    -.0435204    .0883852
         1984  |   .0061031   .0333939     0.18   0.855    -.0598497    .0720559
         1986  |    .014222   .0379241     0.38   0.708     -.060678     .089122
         1988  |  -.0003099   .0324398    -0.01   0.992    -.0643783    .0637586
         1990  |   .0020884    .035154     0.06   0.953    -.0673406    .0715174
         1992  |   .0083123    .035154     0.24   0.813    -.0611167    .0777412
         1994  |  -.0011357   .0334174    -0.03   0.973    -.0671349    .0648635
         1996  |  -.0004183   .0324398    -0.01   0.990    -.0644867    .0636501
         1998  |   .0023368   .0422158     0.06   0.956    -.0810392    .0857128
         2000  |   .0039189   .0333939     0.12   0.907    -.0620339    .0698717
         2004  |  -.0056431   .0325461    -0.17   0.863    -.0699214    .0586353
         2008  |  -.0247923   .0321528    -0.77   0.442     -.088294    .0387094
         2012  |  -.0021525   .0325749    -0.07   0.947    -.0664879    .0621829
         2016  |   .0074247   .0321528     0.23   0.818     -.056077    .0709264
         2020  |    .021665   .0318199     0.68   0.497    -.0411791    .0845092
               |
      topic_id |
      defense  |  -.0059244   .0179423    -0.33   0.742    -.0413605    .0295116
      gov_ins  |   .0077662   .0194814     0.40   0.691    -.0307096    .0462419
  guar_income  |  -.0040923   .0161415    -0.25   0.800    -.0359717     .027787
   left_right  |  -.0143484   .0243973    -0.59   0.557    -.0625328    .0338361
      lib_con  |  -.0133498   .0156086    -0.86   0.394    -.0441767    .0174772
spend_service  |  -.0071513   .0169075    -0.42   0.673    -.0405436     .026241
               |
         _cons |   .0447733   .0277292     1.61   0.108    -.0099916    .0995383
--------------------------------------------------------------------------------

. predict misperception_a_hat, xb

. gen misperception_a_res = misperception_a - misperception_a_hat

. 
. 
. eststo clear

. reg misperception frac_silent 

      Source |       SS           df       MS      Number of obs   =       184
-------------+----------------------------------   F(1, 182)       =      0.22
       Model |  .000464655         1  .000464655   Prob > F        =    0.6399
    Residual |  .385072032       182   .00211578   R-squared       =    0.0012
-------------+----------------------------------   Adj R-squared   =   -0.0043
       Total |  .385536687       183  .002106758   Root MSE        =      .046

------------------------------------------------------------------------------
mispercept~n | Coefficient  Std. err.      t    P>|t|     [95% conf. interval]
-------------+----------------------------------------------------------------
 frac_silent |   .0220138   .0469749     0.47   0.640    -.0706716    .1146993
       _cons |   .0553875   .0071343     7.76   0.000     .0413108    .0694642
------------------------------------------------------------------------------

.         eststo 
(est1 stored)

.         qui sum misperception 

.         estadd scalar Cmean = r(mean)

added scalar:
              e(Cmean) =  .05832907

.         estadd scalar Csd = r(sd)

added scalar:
                e(Csd) =  .04589943

.         estadd scalar Ns = r(N)

added scalar:
                 e(Ns) =  184

.         
. reg misperception frac_silent salience i.year i.topic_id 

      Source |       SS           df       MS      Number of obs   =       184
-------------+----------------------------------   F(26, 157)      =      2.04
       Model |  .097209375        26  .003738822   Prob > F        =    0.0042
    Residual |  .288327312       157   .00183648   R-squared       =    0.2521
-------------+----------------------------------   Adj R-squared   =    0.1283
       Total |  .385536687       183  .002106758   Root MSE        =    .04285

--------------------------------------------------------------------------------
 misperception | Coefficient  Std. err.      t    P>|t|     [95% conf. interval]
---------------+----------------------------------------------------------------
   frac_silent |   .2228246   .0749632     2.97   0.003     .0747581    .3708912
      salience |   .1193927   .0592785     2.01   0.046     .0023065    .2364789
               |
          year |
         1976  |    .005118   .0235356     0.22   0.828    -.0413692    .0516052
         1978  |   .0092118   .0234113     0.39   0.694    -.0370298    .0554535
         1980  |   .0029204   .0233101     0.13   0.900    -.0431215    .0489623
         1982  |  -.0086266   .0223479    -0.39   0.700    -.0527679    .0355147
         1984  |  -.0258061   .0223712    -1.15   0.250    -.0699934    .0183813
         1986  |  -.0039977   .0259668    -0.15   0.878    -.0552871    .0472916
         1988  |  -.0185279   .0217347    -0.85   0.395    -.0614581    .0244022
         1990  |  -.0160106   .0236752    -0.68   0.500    -.0627737    .0307525
         1992  |   .0015174   .0237314     0.06   0.949    -.0453567    .0483915
         1994  |   .0079252   .0230713     0.34   0.732    -.0376449    .0534953
         1996  |   .0021351   .0221206     0.10   0.923    -.0415572    .0458274
         1998  |  -.0086927   .0293013    -0.30   0.767    -.0665683     .049183
         2000  |   .0107771   .0236984     0.45   0.650    -.0360318     .057586
         2004  |  -.0197499   .0222604    -0.89   0.376    -.0637184    .0242185
         2008  |  -.0054162   .0221288    -0.24   0.807    -.0491248    .0382923
         2012  |  -.0064558   .0219835    -0.29   0.769    -.0498775    .0369658
         2016  |  -.0088536   .0219552    -0.40   0.687    -.0522192     .034512
         2020  |    .008959   .0218882     0.41   0.683    -.0342744    .0521924
               |
      topic_id |
      defense  |  -.0346466   .0131172    -2.64   0.009    -.0605556   -.0087376
      gov_ins  |  -.0504203   .0153172    -3.29   0.001    -.0806747   -.0201658
  guar_income  |  -.0262851   .0108114    -2.43   0.016    -.0476397   -.0049305
   left_right  |  -.0116293   .0172996    -0.67   0.502    -.0457993    .0225406
      lib_con  |  -.0732421   .0141545    -5.17   0.000    -.1011999   -.0452843
spend_service  |  -.0424382    .011665    -3.64   0.000    -.0654788   -.0193975
               |
         _cons |   .0633016   .0211358     2.99   0.003     .0215543    .1050488
--------------------------------------------------------------------------------

.         eststo 
(est2 stored)

.         qui sum misperception 

.         estadd scalar Cmean = r(mean)

added scalar:
              e(Cmean) =  .05832907

.         estadd scalar Csd = r(sd)

added scalar:
                e(Csd) =  .04589943

.         estadd scalar Ns = r(N)

added scalar:
                 e(Ns) =  184

. 
. reg misperception frac_silent actual salience i.year i.topic_id

      Source |       SS           df       MS      Number of obs   =       184
-------------+----------------------------------   F(27, 156)      =      2.15
       Model |  .104680183        27  .003877044   Prob > F        =    0.0019
    Residual |  .280856504       156  .001800362   R-squared       =    0.2715
-------------+----------------------------------   Adj R-squared   =    0.1454
       Total |  .385536687       183  .002106758   Root MSE        =    .04243

--------------------------------------------------------------------------------
 misperception | Coefficient  Std. err.      t    P>|t|     [95% conf. interval]
---------------+----------------------------------------------------------------
   frac_silent |   .1538225   .0815866     1.89   0.061    -.0073345    .3149795
        actual |  -.0100476   .0049324    -2.04   0.043    -.0197904   -.0003047
      salience |   .1194632   .0586927     2.04   0.044     .0035282    .2353981
               |
          year |
         1976  |   .0092962   .0233931     0.40   0.692    -.0369119    .0555043
         1978  |   .0110394   .0231973     0.48   0.635    -.0347819    .0568606
         1980  |   .0065888   .0231499     0.28   0.776     -.039139    .0523165
         1982  |  -.0067435   .0221463    -0.30   0.761    -.0504889    .0370019
         1984  |  -.0275586   .0221668    -1.24   0.216    -.0713444    .0162272
         1986  |  -.0094648   .0258499    -0.37   0.715    -.0605258    .0415962
         1988  |  -.0184176     .02152    -0.86   0.393    -.0609258    .0240906
         1990  |  -.0188204   .0234818    -0.80   0.424    -.0652038     .027563
         1992  |  -.0013827     .02354    -0.06   0.953     -.047881    .0451156
         1994  |   .0050623   .0228865     0.22   0.825    -.0401451    .0502697
         1996  |   .0009209   .0219101     0.04   0.967    -.0423578    .0441996
         1998  |  -.0146528   .0291589    -0.50   0.616      -.07225    .0429445
         2000  |   .0062695   .0235684     0.27   0.791    -.0402848    .0528237
         2004  |  -.0238483    .022132    -1.08   0.283    -.0675655    .0198688
         2008  |  -.0099442   .0220226    -0.45   0.652    -.0534451    .0335568
         2012  |   -.007384   .0217711    -0.34   0.735    -.0503881    .0356201
         2016  |  -.0132996   .0218475    -0.61   0.544    -.0564547    .0298555
         2020  |   .0021192   .0219305     0.10   0.923    -.0411998    .0454383
               |
      topic_id |
      defense  |  -.0363428   .0130143    -2.79   0.006    -.0620497   -.0106359
      gov_ins  |  -.0555587   .0153742    -3.61   0.000    -.0859272   -.0251902
  guar_income  |  -.0266363    .010706    -2.49   0.014    -.0477837   -.0054889
   left_right  |   .0109605    .020405     0.54   0.592    -.0293453    .0512663
      lib_con  |  -.0659961    .014459    -4.56   0.000    -.0945567   -.0374354
spend_service  |  -.0454107   .0116416    -3.90   0.000    -.0684061   -.0224153
               |
         _cons |   .1167078   .0335453     3.48   0.001     .0504462    .1829693
--------------------------------------------------------------------------------

.         eststo 
(est3 stored)

.         qui sum misperception 

.         estadd scalar Cmean = r(mean)

added scalar:
              e(Cmean) =  .05832907

.         estadd scalar Csd = r(sd)

added scalar:
                e(Csd) =  .04589943

.         estadd scalar Ns = r(N)

added scalar:
                 e(Ns) =  184

. 
.         
. reg misperception_a frac_silent

      Source |       SS           df       MS      Number of obs   =       184
-------------+----------------------------------   F(1, 182)       =      2.84
       Model |  .010489718         1  .010489718   Prob > F        =    0.0939
    Residual |  .673031856       182  .003697977   R-squared       =    0.0153
-------------+----------------------------------   Adj R-squared   =    0.0099
       Total |  .683521574       183  .003735091   Root MSE        =    .06081

------------------------------------------------------------------------------
mispercept~a | Coefficient  Std. err.      t    P>|t|     [95% conf. interval]
-------------+----------------------------------------------------------------
 frac_silent |   .1045954    .062103     1.68   0.094    -.0179391    .2271299
       _cons |   .0282468   .0094319     2.99   0.003     .0096368    .0468568
------------------------------------------------------------------------------

.         eststo 
(est4 stored)

.         qui sum misperception_a

.         estadd scalar Cmean = r(mean)

added scalar:
              e(Cmean) =  .04222318

.         estadd scalar Csd = r(sd)

added scalar:
                e(Csd) =  .06111539

.         estadd scalar Ns = r(N)

added scalar:
                 e(Ns) =  184

.         
. reg misperception_a frac_silent salience i.year i.topic_id

      Source |       SS           df       MS      Number of obs   =       184
-------------+----------------------------------   F(26, 157)      =      0.90
       Model |  .088546191        26  .003405623   Prob > F        =    0.6100
    Residual |  .594975383       157  .003789652   R-squared       =    0.1295
-------------+----------------------------------   Adj R-squared   =   -0.0146
       Total |  .683521574       183  .003735091   Root MSE        =    .06156

--------------------------------------------------------------------------------
misperceptio~a | Coefficient  Std. err.      t    P>|t|     [95% conf. interval]
---------------+----------------------------------------------------------------
   frac_silent |   .3973975   .1076849     3.69   0.000     .1846995    .6100955
      salience |   .1101003   .0851537     1.29   0.198    -.0580944     .278295
               |
          year |
         1976  |  -.0089608   .0338089    -0.27   0.791    -.0757398    .0578182
         1978  |  -.0098284   .0336303    -0.29   0.770    -.0762547    .0565978
         1980  |   .0134218   .0334851     0.40   0.689    -.0527176    .0795611
         1982  |   .0191066   .0321028     0.60   0.553    -.0443025    .0825158
         1984  |   .0092082   .0321363     0.29   0.775     -.054267    .0726834
         1986  |   .0330872   .0373014     0.89   0.376    -.0405902    .1067645
         1988  |   .0032371    .031222     0.10   0.918    -.0584322    .0649064
         1990  |   .0048937   .0340096     0.14   0.886    -.0622816     .072069
         1992  |   .0246356   .0340903     0.72   0.471    -.0426991    .0919704
         1994  |   .0264379    .033142     0.80   0.426    -.0390237    .0918996
         1996  |   .0234844   .0317763     0.74   0.461    -.0392797    .0862485
         1998  |   .0286558   .0420915     0.68   0.497    -.0544828    .1117944
         2000  |    .047163   .0340429     1.39   0.168    -.0200781    .1144042
         2004  |   .0200921   .0319771     0.63   0.531    -.0430687    .0832529
         2008  |   .0042561   .0317881     0.13   0.894    -.0585314    .0670436
         2012  |   .0140581   .0315794     0.45   0.657    -.0483172    .0764335
         2016  |   .0320542   .0315387     1.02   0.311    -.0302406    .0943491
         2020  |   .0489224   .0314425     1.56   0.122    -.0131825    .1110273
               |
      topic_id |
      defense  |  -.0236219   .0188429    -1.25   0.212    -.0608403    .0135964
      gov_ins  |  -.0065826   .0220033    -0.30   0.765    -.0500432     .036878
  guar_income  |  -.0060819   .0155307    -0.39   0.696    -.0367579    .0245941
   left_right  |  -.0448709   .0248509    -1.81   0.073    -.0939562    .0042143
      lib_con  |  -.0632709    .020333    -3.11   0.002    -.1034323   -.0231094
spend_service  |  -.0198556   .0167569    -1.18   0.238    -.0529536    .0132424
               |
         _cons |  -.0115384   .0303617    -0.38   0.704    -.0715084    .0484317
--------------------------------------------------------------------------------

.         eststo 
(est5 stored)

.         qui sum misperception_a 

.         estadd scalar Cmean = r(mean)

added scalar:
              e(Cmean) =  .04222318

.         estadd scalar Csd = r(sd)

added scalar:
                e(Csd) =  .06111539

.         estadd scalar Ns = r(N)

added scalar:
                 e(Ns) =  184

.         
. reg misperception_a frac_silent actual salience i.year i.topic_id 

      Source |       SS           df       MS      Number of obs   =       184
-------------+----------------------------------   F(27, 156)      =      1.34
       Model |  .128494065        27  .004759039   Prob > F        =    0.1387
    Residual |  .555027509       156  .003557869   R-squared       =    0.1880
-------------+----------------------------------   Adj R-squared   =    0.0474
       Total |  .683521574       183  .003735091   Root MSE        =    .05965

--------------------------------------------------------------------------------
misperceptio~a | Coefficient  Std. err.      t    P>|t|     [95% conf. interval]
---------------+----------------------------------------------------------------
   frac_silent |   .2378369   .1146922     2.07   0.040     .0112869    .4643869
        actual |   -.023234   .0069338    -3.35   0.001    -.0369302   -.0095377
      salience |   .1102632   .0825086     1.34   0.183     -.052715    .2732413
               |
          year |
         1976  |   .0007009   .0328854     0.02   0.983    -.0642571    .0656589
         1978  |  -.0056025   .0326101    -0.17   0.864    -.0700167    .0588118
         1980  |   .0219045   .0325435     0.67   0.502    -.0423783    .0861873
         1982  |   .0234612   .0311327     0.75   0.452    -.0380349    .0849572
         1984  |   .0051556   .0311615     0.17   0.869    -.0563973    .0667085
         1986  |   .0204452   .0363391     0.56   0.574    -.0513349    .0922253
         1988  |   .0034923   .0302522     0.12   0.908    -.0562645    .0632491
         1990  |  -.0016037   .0330101    -0.05   0.961    -.0668081    .0636008
         1992  |   .0179294   .0330919     0.54   0.589    -.0474366    .0832955
         1994  |   .0198178   .0321732     0.62   0.539    -.0437335    .0833691
         1996  |   .0206766   .0308006     0.67   0.503    -.0401634    .0815166
         1998  |   .0148737   .0409908     0.36   0.717     -.066095    .0958423
         2000  |   .0367397   .0331317     1.11   0.269     -.028705    .1021844
         2004  |   .0106149   .0311126     0.34   0.733    -.0508414    .0720712
         2008  |  -.0062143   .0309587    -0.20   0.841    -.0673667    .0549382
         2012  |   .0119118   .0306052     0.39   0.698    -.0485422    .0723658
         2016  |   .0217733   .0307126     0.71   0.479     -.038893    .0824395
         2020  |   .0331061   .0308293     1.07   0.285    -.0277906    .0940028
               |
      topic_id |
      defense  |  -.0275441   .0182951    -1.51   0.134    -.0636821     .008594
      gov_ins  |  -.0184647   .0216126    -0.85   0.394    -.0611558    .0242265
  guar_income  |   -.006894   .0150502    -0.46   0.648    -.0366224    .0228345
   left_right  |   .0073658   .0286848     0.26   0.798     -.049295    .0640266
      lib_con  |  -.0465151    .020326    -2.29   0.023    -.0866649   -.0063654
spend_service  |  -.0267293   .0163654    -1.63   0.104    -.0590556    .0055971
               |
         _cons |   .1119582    .047157     2.37   0.019     .0188096    .2051068
--------------------------------------------------------------------------------

.         eststo 
(est6 stored)

.         qui sum misperception_a 

.         estadd scalar Cmean = r(mean)

added scalar:
              e(Cmean) =  .04222318

.         estadd scalar Csd = r(sd)

added scalar:
                e(Csd) =  .06111539

.         estadd scalar Ns = r(N)

added scalar:
                 e(Ns) =  184

. 
.         
. esttab using "$output/reg_anes_inperson.tex", ///
> se lab stats(Cmean Csd Ns,labels("Mean" "SD" "N")) keep(frac_silent) star( * 0.1 ** 0.05 *** 0.01) /
> //
> varwidth(32) wrap compress nogap noconstant replace ///
> title("ANES all")
(file /Users/yihong/Desktop/Silence Replicate Final/Output/reg_anes_inperson.tex not found)
(output written to /Users/yihong/Desktop/Silence Replicate Final/Output/reg_anes_inperson.tex)

. 
end of do-file

. 
. log close _all
      name:  master
       log:  /Users/yihong/Desktop/Silence Replicate Final/logs/silence_master.log
  log type:  text
 closed on:  27 Aug 2026, 11:52:42
------------------------------------------------------------------------------------------------------
